CPRA Station ID,Original Collector Station ID,Date (mm/dd/yyyy),Time (hh:mm),Time Zone,Staff Gauge (ft),Geoid,Station Depth (ft),Measurement Depth (ft),Water Temperature (�C),Specific Conductance (uS/cm),Salinity (ppt),Dissolved Oxygen (mg/L),pH (pH units),Velocity (ft/sec),Soil Porewater Temperature (�C),Soil Porewater Specific Conductance (uS/cm),Soil Porewater Salinity (ppt),Turbidity (FNU),Chlorophyll a (ug/L),Total Nitrogen (mg/L),Total Kjeldahl Nitrogen (mg/L),Nitrate as N (mg/L),Nitrite as N (mg/L),Nitrate+Nitrite as N (unfiltered; mg/L),Nitrate+Nitrite as N (filtered; mg/L),Ammonium as N (unfiltered; mg/L),Ammonium as N (filtered; mg/L),Total Phosphorus (mg/L),Orthophosphate as P (unfiltered; mg/L),Orthophosphate as P (filtered; mg/L),Silica (unfiltered; mg/L),Silica (filtered; mg/L),Total Suspended Solids (mg/L),Volatile Suspended Solids (mg/L),Secchi (ft),Fecal Coliform (MPN/100ml),Organization Name,Comments,Latitude,Longitude
CRMS6304-P01,,10/19/2009,10:40,CST,0.67,,,0.328,,,,,,,19.60,1865.00,0.90,,,,,,,,,,,,,,,,,,,,COASTAL ESTUARY SERVICES LLC,,29.42031296,-91.27904890
CRMS6304-P01,,11/12/2009,13:51,CST,2.28,,,0.328,,,,,,,20.60,2343.00,1.20,,,,,,,,,,,,,,,,,,,,COASTAL ESTUARY SERVICES LLC,,29.42031296,-91.27904890
CRMS6304-P01,,11/12/2009,13:51,CST,2.28,,,0.984,,,,,,,20.00,3105.00,1.60,,,,,,,,,,,,,,,,,,,,COASTAL ESTUARY SERVICES LLC,,29.42031296,-91.27904890
CRMS6304-P01,,12/28/2009,12:31,CST,1.28,,,0.328,,,,,,,12.60,1931.00,1.00,,,,,,,,,,,,,,,,,,,,COASTAL ESTUARY SERVICES LLC,,29.42031296,-91.27904890
CRMS6304-P01,,12/28/2009,12:31,CST,1.28,,,0.984,,,,,,,14.40,3383.00,1.80,,,,,,,,,,,,,,,,,,,,COASTAL ESTUARY SERVICES LLC,,29.42031296,-91.27904890
CRMS6304-P01,,2/23/2010,11:30,CST,1.56,,,0.328,,,,,,,12.10,867.00,0.40,,,,,,,,,,,,,,,,,,,,COASTAL ESTUARY SERVICES LLC,,29.42031296,-91.27904890
CRMS6304-P01,,2/23/2010,11:30,CST,1.56,,,0.984,,,,,,,12.70,3423.00,1.80,,,,,,,,,,,,,,,,,,,,COASTAL ESTUARY SERVICES LLC,,29.42031296,-91.27904890
CRMS6304-P01,,4/22/2010,09:52,CST,1.94,,,0.328,,,,,,,23.90,1444.00,0.70,,,,,,,,,,,,,,,,,,,,COASTAL ESTUARY SERVICES LLC,,29.42031296,-91.27904890
CRMS6304-P01,,4/22/2010,09:52,CST,1.94,,,0.984,,,,,,,21.10,1040.00,0.50,,,,,,,,,,,,,,,,,,,,COASTAL ESTUARY SERVICES LLC,,29.42031296,-91.27904890
CRMS6304-P01,,5/25/2010,12:15,CST,1.58,,,0.328,,,,,,,31.00,1704.00,0.90,,,,,,,,,,,,,,,,,,,,COASTAL ESTUARY SERVICES LLC,,29.42031296,-91.27904890
CRMS6304-P01,,5/25/2010,12:15,CST,1.58,,,0.984,,,,,,,29.00,2410.00,1.20,,,,,,,,,,,,,,,,,,,,COASTAL ESTUARY SERVICES LLC,,29.42031296,-91.27904890
CRMS6304-P01,,7/20/2010,11:05,CST,1.74,,,0.328,,,,,,,30.50,2082.00,1.10,,,,,,,,,,,,,,,,,,,,COASTAL ESTUARY SERVICES LLC,,29.42031296,-91.27904890
CRMS6304-P01,,7/20/2010,11:05,CST,1.74,,,0.984,,,,,,,28.90,2212.00,1.10,,,,,,,,,,,,,,,,,,,,COASTAL ESTUARY SERVICES LLC,,29.42031296,-91.27904890
CRMS6304-P01,,8/6/2010,12:45,CST,,,,0.984,,,,,,,34.80,1108.00,0.50,,,,,,,,,,,,,,,,,,,,COASTAL ESTUARY SERVICES LLC,,29.42031296,-91.27904890
CRMS6304-P01,,9/28/2010,11:00,CST,0.67,,,0.328,,,,,,,26.70,2377.00,1.20,,,,,,,,,,,,,,,,,,,,COASTAL ESTUARY SERVICES LLC,,29.42031296,-91.27904890
CRMS6304-P01,,9/28/2010,11:00,CST,0.67,,,0.984,,,,,,,25.80,2609.00,1.30,,,,,,,,,,,,,,,,,,,,COASTAL ESTUARY SERVICES LLC,,29.42031296,-91.27904890
CRMS6304-P01,,10/25/2010,14:10,CST,1.38,,,0.328,,,,,,,26.70,1963.00,1.00,,,,,,,,,,,,,,,,,,,,COASTAL ESTUARY SERVICES LLC,,29.42031296,-91.27904890
CRMS6304-P01,,10/25/2010,14:10,CST,1.38,,,0.984,,,,,,,27.10,1927.00,1.00,,,,,,,,,,,,,,,,,,,,COASTAL ESTUARY SERVICES LLC,,29.42031296,-91.27904890
CRMS6304-P01,,2/23/2011,12:45,CST,0.90,,,0.984,,,,,,,23.20,1484.00,0.70,,,,,,,,,,,,,,,,,,,,COASTAL ESTUARY SERVICES LLC,,29.42031296,-91.27904890
CRMS6304-P01,,3/28/2011,12:25,CST,1.10,,,0.328,,,,,,,23.20,1165.00,0.60,,,,,,,,,,,,,,,,,,,,COASTAL ESTUARY SERVICES LLC,,29.42031296,-91.27904890
CRMS6304-P01,,3/28/2011,12:25,CST,1.10,,,0.984,,,,,,,22.00,1252.00,0.60,,,,,,,,,,,,,,,,,,,,COASTAL ESTUARY SERVICES LLC,,29.42031296,-91.27904890
CRMS6304-P01,,4/28/2011,11:20,CST,1.25,,,0.328,,,,,,,23.70,1208.00,0.60,,,,,,,,,,,,,,,,,,,,COASTAL ESTUARY SERVICES LLC,,29.42031296,-91.27904890
CRMS6304-P01,,4/28/2011,11:20,CST,1.25,,,0.984,,,,,,,23.30,1738.00,0.90,,,,,,,,,,,,,,,,,,,,COASTAL ESTUARY SERVICES LLC,,29.42031296,-91.27904890
CRMS6304-P01,,6/23/2011,09:50,CST,1.92,,,0.328,,,,,,,28.00,1315.00,1.50,,,,,,,,,,,,,,,,,,,,COASTAL ESTUARY SERVICES LLC,,29.42031296,-91.27904890
CRMS6304-P01,,6/23/2011,09:50,CST,1.92,,,0.984,,,,,,,27.90,1676.00,0.80,,,,,,,,,,,,,,,,,,,,COASTAL ESTUARY SERVICES LLC,,29.42031296,-91.27904890
CRMS6304-P01,,7/19/2011,13:05,CST,1.44,,,0.328,,,,,,,31.00,3613.00,1.90,,,,,,,,,,,,,,,,,,,,COASTAL ESTUARY SERVICES LLC,,29.42031296,-91.27904890
CRMS6304-P01,,7/19/2011,13:05,CST,1.44,,,0.984,,,,,,,30.10,2410.00,1.20,,,,,,,,,,,,,,,,,,,,COASTAL ESTUARY SERVICES LLC,,29.42031296,-91.27904890
CRMS6304-P01,,8/24/2011,11:58,CST,1.22,,,0.984,,,,,,,29.70,1129.00,0.60,,,,,,,,,,,,,,,,,,,,COASTAL ESTUARY SERVICES LLC,,29.42031296,-91.27904890
CRMS6304-P01,,9/30/2011,09:40,CST,0.33,,,0.328,,,,,,,26.10,5360.00,2.90,,,,,,,,,,,,,,,,,,,,COASTAL ESTUARY SERVICES LLC,,29.42031296,-91.27904890
CRMS6304-P01,,9/30/2011,09:40,CST,0.33,,,0.984,,,,,,,25.80,5340.00,2.90,,,,,,,,,,,,,,,,,,,,COASTAL ESTUARY SERVICES LLC,,29.42031296,-91.27904890
CRMS6304-P01,,10/26/2011,12:58,CST,0.99,,,0.984,,,,,,,27.40,3758.00,1.90,,,,,,,,,,,,,,,,,,,,COASTAL ESTUARY SERVICES LLC,,29.42031296,-91.27904890
CRMS6304-P01,,12/9/2011,12:48,CST,0.84,,,0.328,,,,,,,12.30,3801.00,1.90,,,,,,,,,,,,,,,,,,,,COASTAL ESTUARY SERVICES LLC,,29.42031296,-91.27904890
CRMS6304-P01,,12/9/2011,12:48,CST,0.84,,,0.984,,,,,,,13.20,4323.00,2.40,,,,,,,,,,,,,,,,,,,,COASTAL ESTUARY SERVICES LLC,,29.42031296,-91.27904890
CRMS6304-P01,,2/20/2012,14:30,CST,1.90,,,0.328,,,,,,,15.80,1868.00,1.00,,,,,,,,,,,,,,,,,,,,COASTAL ESTUARY SERVICES LLC,,29.42031296,-91.27904890
CRMS6304-P01,,2/20/2012,14:30,CST,1.90,,,0.984,,,,,,,16.60,2244.00,1.20,,,,,,,,,,,,,,,,,,,,COASTAL ESTUARY SERVICES LLC,,29.42031296,-91.27904890
CRMS6304-P01,,3/28/2012,10:55,CST,1.58,,,0.328,,,,,,,22.10,1835.00,0.90,,,,,,,,,,,,,,,,,,,,COASTAL ESTUARY SERVICES LLC,,29.42031296,-91.27904890
CRMS6304-P01,,3/28/2012,10:55,CST,1.58,,,0.984,,,,,,,20.10,3037.00,1.60,,,,,,,,,,,,,,,,,,,,COASTAL ESTUARY SERVICES LLC,,29.42031296,-91.27904890
CRMS6304-P01,,4/25/2012,12:50,CST,1.41,,,0.984,,,,,,,22.40,2105.00,1.10,,,,,,,,,,,,,,,,,,,,COASTAL ESTUARY SERVICES LLC,,29.42031296,-91.27904890
CRMS6304-P01,,5/21/2012,10:50,CST,1.38,,,0.328,,,,,,,28.80,2240.00,1.10,,,,,,,,,,,,,,,,,,,,COASTAL ESTUARY SERVICES LLC,,29.42031296,-91.27904890
CRMS6304-P01,,5/21/2012,10:50,CST,1.38,,,0.984,,,,,,,27.70,1686.00,0.80,,,,,,,,,,,,,,,,,,,,COASTAL ESTUARY SERVICES LLC,,29.42031296,-91.27904890
CRMS6304-P01,,6/27/2012,09:00,CST,2.36,,,0.328,,,,,,,30.30,3468.00,1.80,,,,,,,,,,,,,,,,,,,,COASTAL ESTUARY SERVICES LLC,,29.42031296,-91.27904890
CRMS6304-P01,,6/27/2012,09:00,CST,2.36,,,0.984,,,,,,,27.90,2116.00,1.10,,,,,,,,,,,,,,,,,,,,COASTAL ESTUARY SERVICES LLC,,29.42031296,-91.27904890
CRMS6304-P01,,7/24/2012,13:00,CST,0.94,,,0.328,,,,,,,36.50,1690.00,0.80,,,,,,,,,,,,,,,,,,,,COASTAL ESTUARY SERVICES LLC,,29.42031296,-91.27904890
CRMS6304-P01,,7/24/2012,13:00,CST,0.94,,,0.984,,,,,,,32.10,2956.00,1.50,,,,,,,,,,,,,,,,,,,,COASTAL ESTUARY SERVICES LLC,,29.42031296,-91.27904890
CRMS6304-P01,,9/7/2012,08:27,CST,,,,,,,,,,,,,,,,,,,,,,,,,,,,,,,,,COASTAL ESTUARY SERVICES LLC,,29.42031296,-91.27904890
CRMS6304-P01,,10/23/2012,09:30,CST,1.70,,,0.328,,,,,,,24.60,3557.00,1.90,,,,,,,,,,,,,,,,,,,,COASTAL ESTUARY SERVICES LLC,,29.42031296,-91.27904890
CRMS6304-P01,,10/23/2012,09:30,CST,1.70,,,0.984,,,,,,,24.80,3091.00,1.60,,,,,,,,,,,,,,,,,,,,COASTAL ESTUARY SERVICES LLC,,29.42031296,-91.27904890
CRMS6304-P01,,2/27/2013,11:25,CST,0.70,,,0.328,,,,,,,16.30,1931.00,1.00,,,,,,,,,,,,,,,,,,,,COASTAL ESTUARY SERVICES LLC,,29.42031296,-91.27904890
CRMS6304-P01,,2/27/2013,11:25,CST,0.70,,,0.984,,,,,,,17.50,2328.00,1.20,,,,,,,,,,,,,,,,,,,,COASTAL ESTUARY SERVICES LLC,,29.42031296,-91.27904890
CRMS6304-P01,,4/17/2013,12:20,CST,1.83,,,0.984,,,,,,,26.70,2702.00,1.40,,,,,,,,,,,,,,,,,,,,COASTAL ESTUARY SERVICES LLC,10 cm clogged,29.42031296,-91.27904890
CRMS6304-P01,,5/29/2013,12:15,CST,2.35,,,0.984,,,,,,,27.00,2566.00,1.30,,,,,,,,,,,,,,,,,,,,COASTAL ESTUARY SERVICES LLC,10 cms clogged,29.42031296,-91.27904890
CRMS6304-P01,,6/26/2013,11:37,CST,1.82,,,0.328,,,,,,,30.60,1292.00,0.60,,,,,,,,,,,,,,,,,,,,COASTAL ESTUARY SERVICES LLC,0.3' water on marsh,29.42031296,-91.27904890
CRMS6304-P01,,6/26/2013,11:37,CST,1.82,,,0.984,,,,,,,28.90,1487.00,0.70,,,,,,,,,,,,,,,,,,,,COASTAL ESTUARY SERVICES LLC,0.3' water on marsh,29.42031296,-91.27904890
CRMS6304-P01,,7/23/2013,11:50,CST,2.15,,,0.328,,,,,,,30.30,1451.00,0.70,,,,,,,,,,,,,,,,,,,,COASTAL ESTUARY SERVICES LLC,,29.42031296,-91.27904890
CRMS6304-P01,,7/23/2013,11:50,CST,2.15,,,0.984,,,,,,,32.20,1656.00,0.80,,,,,,,,,,,,,,,,,,,,COASTAL ESTUARY SERVICES LLC,,29.42031296,-91.27904890
CRMS6304-P01,,8/1/2013,07:20,CST,1.50,,,0.984,,,,,,,28.80,2477.00,1.30,,,,,,,,,,,,,,,,,,,,COASTAL ESTUARY SERVICES LLC,,29.42031296,-91.27904890
CRMS6304-P01,,8/27/2013,09:35,CST,1.67,,,0.328,,,,,,,28.30,1368.00,0.70,,,,,,,,,,,,,,,,,,,,COASTAL ESTUARY SERVICES LLC,0.1 foot of water on marsh,29.42031296,-91.27904890
CRMS6304-P01,,8/27/2013,09:35,CST,1.67,,,0.984,,,,,,,28.00,1832.00,0.90,,,,,,,,,,,,,,,,,,,,COASTAL ESTUARY SERVICES LLC,0.1 foot of water on marsh,29.42031296,-91.27904890
CRMS6304-P01,,10/21/2013,11:50,CST,0.76,,,0.328,,,,,,,23.20,2661.00,1.40,,,,,,,,,,,,,,,,,,,,COASTAL ESTUARY SERVICES LLC,,29.42031296,-91.27904890
CRMS6304-P01,,10/21/2013,11:50,CST,0.76,,,0.984,,,,,,,22.70,2403.00,1.20,,,,,,,,,,,,,,,,,,,,COASTAL ESTUARY SERVICES LLC,,29.42031296,-91.27904890
CRMS6304-P01,,9/26/2014,11:17,CST,,,,,,,,,,,,,,,,,,,,,,,,,,,,,,,,,COASTAL ESTUARY SERVICES LLC,Clogged,29.42031296,-91.27904890
CRMS6304-P01,,9/29/2014,10:30,CST,,,,,,,,,,,,,,,,,,,,,,,,,,,,,,,,,COASTAL ESTUARY SERVICES LLC,Clogged,29.42031296,-91.27904890
CRMS6304-P01,,3/25/2015,11:00,CST,,,,,,,,,,,,,,,,,,,,,,,,,,,,,,,,,COASTAL ESTUARY SERVICES LLC,10 and 30cm clogged,29.42031296,-91.27904890
CRMS6304-P01,,7/24/2015,01:20,CST,,          ,,,,,,,,,,,,,,,,,,,,,,,,,,,,,,,COASTAL ESTUARY SERVICES LLC,clogged due to heavy organics,29.42031296,-91.27904890
CRMS6304-P01,,12/7/2015,12:50,CST,0.70,GEOID12A  ,,0.984,,,,,,,20.40,1211.00,0.60,,,,,,,,,,,,,,,,,,,,COASTAL ESTUARY SERVICES LLC,10 cm dry,29.42031296,-91.27904890
CRMS6304-P01,,5/23/2016,10:10,CST,1.33,GEOID12A  ,,0.328,,,,,,,25.40,423.00,0.20,,,,,,,,,,,,,,,,,,,,COASTAL ESTUARY SERVICES LLC,,29.42031296,-91.27904890
CRMS6304-P01,,5/23/2016,10:10,CST,1.33,GEOID12A  ,,0.984,,,,,,,27.30,579.00,0.30,,,,,,,,,,,,,,,,,,,,COASTAL ESTUARY SERVICES LLC,,29.42031296,-91.27904890
CRMS6304-P01,,7/28/2016,12:25,CST,1.19,GEOID12A  ,,0.328,,,,,,,35.40,1046.00,0.50,,,,,,,,,,,,,,,,,,,,COASTAL ESTUARY SERVICES LLC,30 cm Clogged with Organics,29.42031296,-91.27904890
CRMS6304-P01,,10/20/2016,09:30,CST,0.30,GEOID12A  ,,0.328,,,,,,,27.00,1556.00,0.80,,,,,,,,,,,,,,,,,,,,COASTAL ESTUARY SERVICES LLC,Sample is mostly mud,29.42031296,-91.27904890
CRMS6304-P01,,10/20/2016,09:30,CST,0.30,GEOID12A  ,,0.984,,,,,,,26.20,1115.00,0.60,,,,,,,,,,,,,,,,,,,,COASTAL ESTUARY SERVICES LLC,Sample is mostly mud,29.42031296,-91.27904890
CRMS6304-P01,,11/16/2016,12:15,CST,-0.38,GEOID12A,,0.328,,,,,,,25.50,1604.00,0.80,,,,,,,,,,,,,,,,,,,,COASTAL ESTUARY SERVICES LLC,Sample very muddy,29.42031296,-91.27904890
CRMS6304-P01,,11/16/2016,12:15,CST,-0.38,GEOID12A,,0.984,,,,,,,,,,,,,,,,,,,,,,,,,,,,,COASTAL ESTUARY SERVICES LLC,Clogged with mud,29.42031296,-91.27904890
CRMS6304-P01,,1/9/2017,12:00,CST,0.21,GEOID12A,,0.328,,,,,,,,,,,,,,,,,,,,,,,,,,,,,COASTAL ESTUARY SERVICES LLC,Clogged with organics ,29.42031296,-91.27904890
CRMS6304-P01,,1/9/2017,12:00,CST,0.21,GEOID12A,,0.984,,,,,,,15.80,1668.00,0.80,,,,,,,,,,,,,,,,,,,,COASTAL ESTUARY SERVICES LLC,,29.42031296,-91.27904890
CRMS6304-P01,,2/16/2017,12:30,CST,,,,0.328,,,,,,,,,,,,,,,,,,,,,,,,,,,,,COASTAL ESTUARY SERVICES LLC,10cm and 30cm clogged with high organics ,29.42031296,-91.27904890
CRMS6304-P01,,2/16/2017,12:30,CST,,,,0.984,,,,,,,,,,,,,,,,,,,,,,,,,,,,,COASTAL ESTUARY SERVICES LLC,10cm and 30cm clogged with high organics ,29.42031296,-91.27904890
CRMS6304-P01,,4/19/2017,10:11,CST,1.20,GEOID12A,,0.328,,,,,,,23.30,451.00,0.20,,,,,,,,,,,,,,,,,,,,COASTAL ESTUARY SERVICES LLC,,29.42031296,-91.27904890
CRMS6304-P01,,4/19/2017,10:11,CST,1.20,GEOID12A,,0.984,,,,,,,22.50,451.00,0.20,,,,,,,,,,,,,,,,,,,,COASTAL ESTUARY SERVICES LLC,,29.42031296,-91.27904890
CRMS6304-P01,,5/15/2017,09:30,CST,1.17,GEOID12A,,0.328,,,,,,,,,,,,,,,,,,,,,,,,,,,,,COASTAL ESTUARY SERVICES LLC,10 cm clogged with organics ,29.42031296,-91.27904890
CRMS6304-P01,,5/15/2017,09:30,CST,1.17,GEOID12A,,0.984,,,,,,,26.10,1119.00,0.60,,,,,,,,,,,,,,,,,,,,COASTAL ESTUARY SERVICES LLC,,29.42031296,-91.27904890
CRMS6304-P01,,7/26/2017,12:45,CST,0.50,GEOID12A,,0.328,,,,,,,32.30,615.00,0.30,,,,,,,,,,,,,,,,,,,,COASTAL ESTUARY SERVICES LLC,,29.42031296,-91.27904890
CRMS6304-P01,,7/26/2017,12:45,CST,0.50,GEOID12A,,0.984,,,,,,,31.80,543.00,0.30,,,,,,,,,,,,,,,,,,,,COASTAL ESTUARY SERVICES LLC,,29.42031296,-91.27904890
CRMS6304-P01,,8/23/2017,12:50,CST,,,,0.328,,,,,,,29.40,480.00,0.20,,,,,,,,,,,,,,,,,,,,COASTAL ESTUARY SERVICES LLC,,29.42031296,-91.27904890
CRMS6304-P01,,8/23/2017,12:50,CST,,,,0.984,,,,,,,29.30,550.00,0.30,,,,,,,,,,,,,,,,,,,,COASTAL ESTUARY SERVICES LLC,,29.42031296,-91.27904890
CRMS6304-P01,,9/25/2017,12:10,CST,0.39,GEOID12A,,0.328,,,,,,,28.10,717.00,0.30,,,,,,,,,,,,,,,,,,,,COASTAL ESTUARY SERVICES LLC,,29.42031296,-91.27904890
CRMS6304-P01,,9/25/2017,12:10,CST,0.39,GEOID12A,,0.984,,,,,,,31.70,987.00,0.50,,,,,,,,,,,,,,,,,,,,COASTAL ESTUARY SERVICES LLC,,29.42031296,-91.27904890
CRMS6304-P01,,10/31/2017,10:35,CST,0.19,GEOID12A,,0.328,,,,,,,22.34,1528.00,0.77,,,,,,,,,,,,,,,,,,,,COASTAL ESTUARY SERVICES LLC,,29.42031296,-91.27904890
CRMS6304-P01,,10/31/2017,10:35,CST,0.19,GEOID12A,,0.984,,,,,,,,,,,,,,,,,,,,,,,,,,,,,COASTAL ESTUARY SERVICES LLC,30 cm clogged with silty mud,29.42031296,-91.27904890
CRMS6304-P01,,1/15/2018,12:59,CST,-0.51,GEOID12A,,0.328,,,,,,,,,,,,,,,,,,,,,,,,,,,,,COASTAL ESTUARY SERVICES LLC,Dry due to low water level,29.42031296,-91.27904890
CRMS6304-P01,,1/15/2018,12:59,CST,-0.51,GEOID12A,,0.984,,,,,,,,,,,,,,,,,,,,,,,,,,,,,COASTAL ESTUARY SERVICES LLC,Dry due to low water level,29.42031296,-91.27904890
CRMS6304-P01,,3/5/2018,11:50,CST,0.90,GEOID12A,,0.328,,,,,,,,,,,,,,,,,,,,,,,,,,,,,COASTAL ESTUARY SERVICES LLC,water pooling due to animal disturbance; 10 and 30 cm clogged due to heavy organics; depth of water on marsh: 0.1 ft,29.42031296,-91.27904890
CRMS6304-P01,,3/5/2018,11:50,CST,0.90,GEOID12A,,0.984,,,,,,,,,,,,,,,,,,,,,,,,,,,,,COASTAL ESTUARY SERVICES LLC,water pooling due to animal disturbance; 10 and 30 cm clogged due to heavy organics,29.42031296,-91.27904890
CRMS6304-P01,,4/2/2018,10:15,CST,1.59,GEOID12A,,0.328,,,,,,,24.50,316.00,0.20,,,,,,,,,,,,,,,,,,,,COASTAL ESTUARY SERVICES LLC,Water level on marsh: 0.76 ft.,29.42031296,-91.27904890
CRMS6304-P01,,4/2/2018,10:15,CST,1.59,GEOID12A,,0.984,,,,,,,22.80,256.00,0.10,,,,,,,,,,,,,,,,,,,,COASTAL ESTUARY SERVICES LLC,,29.42031296,-91.27904890
CRMS6304-P01,,5/16/2018,12:20,CST,1.17,GEOID12A,,0.328,,,,,,,,,,,,,,,,,,,,,,,,,,,,,COASTAL ESTUARY SERVICES LLC,Depth of water on marsh=0.2ft; 10cm and 30cm clogged with organics.,29.42031296,-91.27904890
CRMS6304-P01,,5/16/2018,12:20,CST,1.17,GEOID12A,,0.984,,,,,,,,,,,,,,,,,,,,,,,,,,,,,COASTAL ESTUARY SERVICES LLC,Depth of water on marsh=0.2ft; 10cm and 30cm clogged with organics.,29.42031296,-91.27904890
CRMS6304-P01,,6/19/2018,10:18,CST,1.54,GEOID12A,,0.328,,,,,,,27.40,679.00,0.30,,,,,,,,,,,,,,,,,,,,COASTAL ESTUARY SERVICES LLC,Depth of water on marsh=0.3ft,29.42031296,-91.27904890
CRMS6304-P01,,6/19/2018,10:18,CST,1.54,GEOID12A,,0.984,,,,,,,,,,,,,,,,,,,,,,,,,,,,,COASTAL ESTUARY SERVICES LLC,Depth of water on marsh=0.3ft; 30cm clogged with clay,29.42031296,-91.27904890
CRMS6304-P01,,7/23/2018,11:10,CST,,,,0.328,,,,,,,32.10,716.00,0.30,,,,,,,,,,,,,,,,,,,,COASTAL ESTUARY SERVICES LLC,Depth of water on marsh: 0,29.42031296,-91.27904890
CRMS6304-P01,,7/23/2018,11:10,CST,,,,0.984,,,,,,,,,,,,,,,,,,,,,,,,,,,,,COASTAL ESTUARY SERVICES LLC,clogged; Depth of water on marsh: 0,29.42031296,-91.27904890
CRMS6304-P01,,8/23/2018,11:53,CST,1.00,GEOID12A,,0.328,,,,,,,29.70,836.00,0.40,,,,,,,,,,,,,,,,,,,,COASTAL ESTUARY SERVICES LLC,Depth of water on marsh= 0.3,29.42031296,-91.27904890
CRMS6304-P01,,8/23/2018,11:53,CST,1.00,GEOID12A,,0.984,,,,,,,,,,,,,,,,,,,,,,,,,,,,,COASTAL ESTUARY SERVICES LLC,Depth of water on marsh= 0.3; 30 cm clogged with organics,29.42031296,-91.27904890
CRMS6304-P01,,10/22/2018,10:00,CST,0.87,GEOID12A,,0.328,,,,,,,22.10,1045.00,0.50,,,,,,,,,,,,,,,,,,,,COASTAL ESTUARY SERVICES LLC,Depth of water on marsh=0.38ft ,29.42031296,-91.27904890
CRMS6304-P01,,10/22/2018,10:00,CST,0.87,GEOID12A,,0.984,,,,,,,,,,,,,,,,,,,,,,,,,,,,,COASTAL ESTUARY SERVICES LLC,clogged with thick mud; Depth of water on marsh = 0.38 ft.,29.42031296,-91.27904890
CRMS6304-P01,,12/3/2018,12:55,CST,1.27,GEOID12A,,0.328,,,,,,,16.80,444.00,0.20,,,,,,,,,,,,,,,,,,,,COASTAL ESTUARY SERVICES LLC,Depth of water on marsh= 0.1,29.42031296,-91.27904890
CRMS6304-P01,,12/3/2018,12:55,CST,1.27,GEOID12A,,0.984,,,,,,,16.40,387.00,0.20,,,,,,,,,,,,,,,,,,,,COASTAL ESTUARY SERVICES LLC,Depth of water on marsh= 0.1,29.42031296,-91.27904890
CRMS6304-P01,,2/15/2019,11:25,CST,1.35,GEOID12A,,0.328,,,,,,,,,,,,,,,,,,,,,,,,,,,,,COASTAL ESTUARY SERVICES LLC,Depth of water on marsh= 0.33 ft; clogged with organics,29.42031296,-91.27904890
CRMS6304-P01,,2/15/2019,11:25,CST,1.35,GEOID12A,,0.984,,,,,,,,,,,,,,,,,,,,,,,,,,,,,COASTAL ESTUARY SERVICES LLC,Depth of water on marsh= 0.33 ft; clogged with organics,29.42031296,-91.27904890
CRMS6304-P01,,3/28/2019,10:40,CST,1.74,GEOID12A,,0.328,,,,,,,18.10,378.00,0.20,,,,,,,,,,,,,,,,,,,,COASTAL ESTUARY SERVICES LLC,Depth of water on marsh= 0.3 ft,29.42031296,-91.27904890
CRMS6304-P01,,3/28/2019,10:40,CST,1.74,GEOID12A,,0.984,,,,,,,,,,,,,,,,,,,,,,,,,,,,,COASTAL ESTUARY SERVICES LLC,Depth of water on marsh= 0.3 ft; 30 cm clogged with organics.,29.42031296,-91.27904890
CRMS6304-P01,,4/30/2019,09:45,CST,1.60,GEOID12A,,0.328,,,,,,,,,,,,,,,,,,,,,,,,,,,,,COASTAL ESTUARY SERVICES LLC,Depth of water on marsh= 0.4 ft; all clogged with organics,29.42031296,-91.27904890
CRMS6304-P01,,4/30/2019,09:45,CST,1.60,GEOID12A,,0.984,,,,,,,,,,,,,,,,,,,,,,,,,,,,,COASTAL ESTUARY SERVICES LLC,Depth of water on marsh= 0.4 ft; all clogged with organics,29.42031296,-91.27904890
CRMS6304-P01,,6/26/2019,09:40,CST,2.08,GEOID12A,,0.328,,,,,,,,,,,,,,,,,,,,,,,,,,,,,COASTAL ESTUARY SERVICES LLC,Depth of water on marsh= 0.8 ft; 10cm clogged with organics,29.42031296,-91.27904890
CRMS6304-P01,,6/26/2019,09:40,CST,2.08,GEOID12A,,0.984,,,,,,,29.20,777.00,0.40,,,,,,,,,,,,,,,,,,,,COASTAL ESTUARY SERVICES LLC,Depth of water on marsh= 0.8 ft; 10cm clogged with organics,29.42031296,-91.27904890
CRMS6304-P01,,7/17/2019,09:33,CST,2.14,GEOID12A,,0.328,,,,,,,32.80,6300.00,3.40,,,,,,,,,,,,,,,,,,,,COASTAL ESTUARY SERVICES LLC,Depth of water on marsh=0.54,29.42031296,-91.27904890
CRMS6304-P01,,7/17/2019,09:33,CST,2.14,GEOID12A,,0.984,,,,,,,31.80,3014.00,1.60,,,,,,,,,,,,,,,,,,,,COASTAL ESTUARY SERVICES LLC,Depth of water on marsh=0.54,29.42031296,-91.27904890
CRMS6304-P01,,9/30/2019,10:20,CST,1.79,GEOID12A,,0.328,,,,,,,32.50,947.00,0.50,,,,,,,,,,,,,,,,,,,,COASTAL ESTUARY SERVICES LLC,Depth of water on marsh= 0.7 ft; ,29.42031296,-91.27904890
CRMS6304-P01,,9/30/2019,10:20,CST,1.79,GEOID12A,,0.984,,,,,,,33.90,1044.00,0.50,,,,,,,,,,,,,,,,,,,,COASTAL ESTUARY SERVICES LLC,Depth of water on marsh= 0.7 ft; ,29.42031296,-91.27904890
CRMS6304-P01,,11/11/2019,10:30,CST,0.68,GEOID12A,,0.328,,,,,,,,,,,,,,,,,,,,,,,,,,,,,COASTAL ESTUARY SERVICES LLC,Depth of water on marsh= 0.01 ft; clogged with clay,29.42031296,-91.27904890
CRMS6304-P01,,11/11/2019,10:30,CST,0.68,GEOID12A,,0.984,,,,,,,,,,,,,,,,,,,,,,,,,,,,,COASTAL ESTUARY SERVICES LLC,Depth of water on marsh= 0.01 ft; clogged with clay,29.42031296,-91.27904890
CRMS6304-P01,,12/19/2019,11:21,CST,0.47,GEOID12A,,0.328,,,,,,,,,,,,,,,,,,,,,,,,,,,,,COASTAL ESTUARY SERVICES LLC,Depth of water on marsh (ft) = 0ft; Dry soils,29.42031296,-91.27904890
CRMS6304-P01,,12/19/2019,11:21,CST,0.47,GEOID12A,,0.984,,,,,,,,,,,,,,,,,,,,,,,,,,,,,COASTAL ESTUARY SERVICES LLC,Depth of water on marsh (ft) = 0ft; Dry soils,29.42031296,-91.27904890
CRMS6304-P01,,3/20/2020,11:32,CST,1.54,GEOID12A,,0.328,,,,,,,26.40,641.00,0.30,,,,,,,,,,,,,,,,,,,,COASTAL ESTUARY SERVICES LLC,Depth of water on marsh: 0.1 ft.  ,29.42031296,-91.27904890
CRMS6304-P01,,3/20/2020,11:32,CST,1.54,GEOID12A,,0.984,,,,,,,28.50,918.00,0.40,,,,,,,,,,,,,,,,,,,,COASTAL ESTUARY SERVICES LLC,Depth of water on marsh: 0.1 ft.  ,29.42031296,-91.27904890
CRMS6304-P01,,5/11/2020,09:45,CST,1.79,GEOID12A,,0.328,,,,,,,,,,,,,,,,,,,,,,,,,,,,,COASTAL ESTUARY SERVICES LLC,clogged with organics; Water depth on marsh: 0.3 ft,29.42031296,-91.27904890
CRMS6304-P01,,5/11/2020,09:45,CST,1.79,GEOID12A,,0.984,,,,,,,,,,,,,,,,,,,,,,,,,,,,,COASTAL ESTUARY SERVICES LLC,clogged with organics; Water depth on marsh: 0.3 ft,29.42031296,-91.27904890
CRMS6304-P01,,6/26/2020,10:30,CST,2.00,GEOID12A,,0.328,,,,,,,,,,,,,,,,,,,,,,,,,,,,,COASTAL ESTUARY SERVICES LLC,clog with organics; Water depth on marsh: 0.3 ft,29.42031296,-91.27904890
CRMS6304-P01,,6/26/2020,10:30,CST,2.00,GEOID12A,,0.984,,,,,,,29.90,434.00,0.20,,,,,,,,,,,,,,,,,,,,COASTAL ESTUARY SERVICES LLC,Water depth on marsh: 0.3 ft,29.42031296,-91.27904890
CRMS6304-P01,,8/21/2020,11:45,CST,0.75,GEOID12A,,0.328,,,,,,,,,,,,,,,,,,,,,,,,,,,,,COASTAL ESTUARY SERVICES LLC,Dry - Low water,29.42031296,-91.27904890
CRMS6304-P01,,8/21/2020,11:45,CST,0.75,GEOID12A,,0.984,,,,,,,30.70,1576.00,0.80,,,,,,,,,,,,,,,,,,,,COASTAL ESTUARY SERVICES LLC,,29.42031296,-91.27904890
CRMS6304-P01,,10/16/2020,10:30,CST,-0.19,GEOID12A,,0.328,,,,,,,24.70,4494.00,2.40,,,,,,,,,,,,,,,,,,,,COASTAL ESTUARY SERVICES LLC,Depth of water on marsh (ft) = 0.01; water pooling,29.42031296,-91.27904890
CRMS6304-P01,,10/16/2020,10:30,CST,-0.19,GEOID12A,,0.984,,,,,,,,,,,,,,,,,,,,,,,,,,,,,COASTAL ESTUARY SERVICES LLC,Depth of water on marsh (ft) = 0.01; water pooling; 30's clogged with thick silt/sediment,29.42031296,-91.27904890
CRMS6304-P01,,1/28/2021,14:12,CST,,,,0.328,,,,,,,17.70,1967.00,1.00,,,,,,,,,,,,,,,,,,,,COASTAL ESTUARY SERVICES LLC,Marsh Not Flooded,29.42031296,-91.27904890
CRMS6304-P01,,1/28/2021,14:12,CST,,,,0.984,,,,,,,17.50,2004.00,1.00,,,,,,,,,,,,,,,,,,,,COASTAL ESTUARY SERVICES LLC,Marsh Not Flooded,29.42031296,-91.27904890
CRMS6304-P01,,3/3/2021,10:30,CST,0.48,GEOID12A,,0.328,,,,,,,,,,,,,,,,,,,,,,,,,,,,,COASTAL ESTUARY SERVICES LLC,dry pull; Marsh Not Flooded,29.42031296,-91.27904890
CRMS6304-P01,,3/3/2021,10:30,CST,0.48,GEOID12A,,0.984,,,,,,,,,,,,,,,,,,,,,,,,,,,,,COASTAL ESTUARY SERVICES LLC,dry pull; Marsh Not Flooded,29.42031296,-91.27904890
CRMS6304-P01,,5/7/2021,12:38,CST,0.98,GEOID12A,,0.328,,,,,,,,,,,,,,,,,,,,,,,,,,,,,COASTAL ESTUARY SERVICES LLC,clogged with sediment; Marsh Not Flooded,29.42031296,-91.27904890
CRMS6304-P01,,5/7/2021,12:38,CST,0.98,GEOID12A,,0.984,,,,,,,,,,,,,,,,,,,,,,,,,,,,,COASTAL ESTUARY SERVICES LLC,clogged with sediment; Marsh Not Flooded,29.42031296,-91.27904890
CRMS6304-P02,,10/19/2009,10:40,CST,0.67,,,0.328,,,,,,,21.60,2999.00,1.60,,,,,,,,,,,,,,,,,,,,COASTAL ESTUARY SERVICES LLC,,29.42031296,-91.27904890
CRMS6304-P02,,10/19/2009,10:40,CST,0.67,,,0.984,,,,,,,23.70,3328.00,1.70,,,,,,,,,,,,,,,,,,,,COASTAL ESTUARY SERVICES LLC,,29.42031296,-91.27904890
CRMS6304-P02,,11/12/2009,13:51,CST,2.28,,,0.328,,,,,,,19.80,2849.00,1.50,,,,,,,,,,,,,,,,,,,,COASTAL ESTUARY SERVICES LLC,,29.42031296,-91.27904890
CRMS6304-P02,,11/12/2009,13:51,CST,2.28,,,0.984,,,,,,,20.50,3805.00,2.00,,,,,,,,,,,,,,,,,,,,COASTAL ESTUARY SERVICES LLC,,29.42031296,-91.27904890
CRMS6304-P02,,12/28/2009,12:31,CST,1.28,,,0.328,,,,,,,13.30,1669.00,0.80,,,,,,,,,,,,,,,,,,,,COASTAL ESTUARY SERVICES LLC,,29.42031296,-91.27904890
CRMS6304-P02,,12/28/2009,12:31,CST,1.28,,,0.984,,,,,,,14.10,3242.00,1.70,,,,,,,,,,,,,,,,,,,,COASTAL ESTUARY SERVICES LLC,,29.42031296,-91.27904890
CRMS6304-P02,,2/23/2010,11:30,CST,1.56,,,0.328,,,,,,,12.30,1660.00,0.90,,,,,,,,,,,,,,,,,,,,COASTAL ESTUARY SERVICES LLC,,29.42031296,-91.27904890
CRMS6304-P02,,2/23/2010,11:30,CST,1.56,,,0.984,,,,,,,12.60,2405.00,1.30,,,,,,,,,,,,,,,,,,,,COASTAL ESTUARY SERVICES LLC,,29.42031296,-91.27904890
CRMS6304-P02,,4/22/2010,09:52,CST,1.94,,,0.328,,,,,,,20.80,711.00,0.30,,,,,,,,,,,,,,,,,,,,COASTAL ESTUARY SERVICES LLC,,29.42031296,-91.27904890
CRMS6304-P02,,4/22/2010,09:52,CST,1.94,,,0.984,,,,,,,20.70,957.00,0.50,,,,,,,,,,,,,,,,,,,,COASTAL ESTUARY SERVICES LLC,,29.42031296,-91.27904890
CRMS6304-P02,,5/25/2010,12:15,CST,1.58,,,0.328,,,,,,,25.40,2183.00,1.10,,,,,,,,,,,,,,,,,,,,COASTAL ESTUARY SERVICES LLC,,29.42031296,-91.27904890
CRMS6304-P02,,5/25/2010,12:15,CST,1.58,,,0.984,,,,,,,25.00,2215.00,1.10,,,,,,,,,,,,,,,,,,,,COASTAL ESTUARY SERVICES LLC,,29.42031296,-91.27904890
CRMS6304-P02,,7/20/2010,11:05,CST,1.74,,,0.328,,,,,,,28.90,1990.00,1.00,,,,,,,,,,,,,,,,,,,,COASTAL ESTUARY SERVICES LLC,,29.42031296,-91.27904890
CRMS6304-P02,,7/20/2010,11:05,CST,1.74,,,0.984,,,,,,,28.70,2435.00,1.20,,,,,,,,,,,,,,,,,,,,COASTAL ESTUARY SERVICES LLC,,29.42031296,-91.27904890
CRMS6304-P02,,9/28/2010,11:00,CST,0.67,,,0.328,,,,,,,25.10,2381.00,1.20,,,,,,,,,,,,,,,,,,,,COASTAL ESTUARY SERVICES LLC,,29.42031296,-91.27904890
CRMS6304-P02,,9/28/2010,11:00,CST,0.67,,,0.984,,,,,,,25.60,2434.00,1.30,,,,,,,,,,,,,,,,,,,,COASTAL ESTUARY SERVICES LLC,,29.42031296,-91.27904890
CRMS6304-P02,,10/25/2010,14:10,CST,1.38,,,0.328,,,,,,,26.90,1364.00,0.60,,,,,,,,,,,,,,,,,,,,COASTAL ESTUARY SERVICES LLC,,29.42031296,-91.27904890
CRMS6304-P02,,10/25/2010,14:10,CST,1.38,,,0.984,,,,,,,26.00,1968.00,1.00,,,,,,,,,,,,,,,,,,,,COASTAL ESTUARY SERVICES LLC,,29.42031296,-91.27904890
CRMS6304-P02,,2/23/2011,12:45,CST,0.90,,,0.984,,,,,,,22.60,1565.00,0.80,,,,,,,,,,,,,,,,,,,,COASTAL ESTUARY SERVICES LLC,,29.42031296,-91.27904890
CRMS6304-P02,,3/28/2011,12:25,CST,1.10,,,0.328,,,,,,,21.50,1171.00,0.60,,,,,,,,,,,,,,,,,,,,COASTAL ESTUARY SERVICES LLC,,29.42031296,-91.27904890
CRMS6304-P02,,3/28/2011,12:25,CST,1.10,,,0.984,,,,,,,21.40,981.00,0.50,,,,,,,,,,,,,,,,,,,,COASTAL ESTUARY SERVICES LLC,,29.42031296,-91.27904890
CRMS6304-P02,,4/28/2011,11:20,CST,1.25,,,0.328,,,,,,,22.40,1071.00,0.50,,,,,,,,,,,,,,,,,,,,COASTAL ESTUARY SERVICES LLC,,29.42031296,-91.27904890
CRMS6304-P02,,4/28/2011,11:20,CST,1.25,,,0.984,,,,,,,22.40,1514.00,0.80,,,,,,,,,,,,,,,,,,,,COASTAL ESTUARY SERVICES LLC,,29.42031296,-91.27904890
CRMS6304-P02,,6/23/2011,09:50,CST,1.92,,,0.328,,,,,,,27.00,1122.00,0.60,,,,,,,,,,,,,,,,,,,,COASTAL ESTUARY SERVICES LLC,,29.42031296,-91.27904890
CRMS6304-P02,,6/23/2011,09:50,CST,1.92,,,0.984,,,,,,,26.70,1629.00,0.80,,,,,,,,,,,,,,,,,,,,COASTAL ESTUARY SERVICES LLC,,29.42031296,-91.27904890
CRMS6304-P02,,8/24/2011,11:58,CST,1.22,,,0.984,,,,,,,30.10,1196.00,0.50,,,,,,,,,,,,,,,,,,,,COASTAL ESTUARY SERVICES LLC,,29.42031296,-91.27904890
CRMS6304-P02,,9/30/2011,09:40,CST,0.33,,,0.328,,,,,,,25.20,4771.00,2.60,,,,,,,,,,,,,,,,,,,,COASTAL ESTUARY SERVICES LLC,,29.42031296,-91.27904890
CRMS6304-P02,,9/30/2011,09:40,CST,0.33,,,0.984,,,,,,,25.30,5620.00,3.00,,,,,,,,,,,,,,,,,,,,COASTAL ESTUARY SERVICES LLC,,29.42031296,-91.27904890
CRMS6304-P02,,10/26/2011,12:58,CST,0.99,,,0.984,,,,,,,26.20,4018.00,2.10,,,,,,,,,,,,,,,,,,,,COASTAL ESTUARY SERVICES LLC,,29.42031296,-91.27904890
CRMS6304-P02,,12/9/2011,12:48,CST,0.84,,,0.328,,,,,,,12.00,3494.00,1.80,,,,,,,,,,,,,,,,,,,,COASTAL ESTUARY SERVICES LLC,,29.42031296,-91.27904890
CRMS6304-P02,,12/9/2011,12:48,CST,0.84,,,0.984,,,,,,,11.60,3350.00,1.80,,,,,,,,,,,,,,,,,,,,COASTAL ESTUARY SERVICES LLC,,29.42031296,-91.27904890
CRMS6304-P02,,2/20/2012,14:30,CST,1.90,,,0.328,,,,,,,15.70,1806.00,0.90,,,,,,,,,,,,,,,,,,,,COASTAL ESTUARY SERVICES LLC,,29.42031296,-91.27904890
CRMS6304-P02,,2/20/2012,14:30,CST,1.90,,,0.984,,,,,,,15.90,1989.00,1.00,,,,,,,,,,,,,,,,,,,,COASTAL ESTUARY SERVICES LLC,,29.42031296,-91.27904890
CRMS6304-P02,,3/28/2012,10:55,CST,1.58,,,0.328,,,,,,,22.10,1485.00,0.70,,,,,,,,,,,,,,,,,,,,COASTAL ESTUARY SERVICES LLC,,29.42031296,-91.27904890
CRMS6304-P02,,3/28/2012,10:55,CST,1.58,,,0.984,,,,,,,20.30,3253.00,1.70,,,,,,,,,,,,,,,,,,,,COASTAL ESTUARY SERVICES LLC,,29.42031296,-91.27904890
CRMS6304-P02,,4/25/2012,12:50,CST,1.41,,,0.328,,,,,,,23.90,1981.00,1.00,,,,,,,,,,,,,,,,,,,,COASTAL ESTUARY SERVICES LLC,,29.42031296,-91.27904890
CRMS6304-P02,,4/25/2012,12:50,CST,1.41,,,0.984,,,,,,,22.50,2439.00,1.30,,,,,,,,,,,,,,,,,,,,COASTAL ESTUARY SERVICES LLC,,29.42031296,-91.27904890
CRMS6304-P02,,5/21/2012,10:50,CST,1.38,,,0.328,,,,,,,26.20,1276.00,0.60,,,,,,,,,,,,,,,,,,,,COASTAL ESTUARY SERVICES LLC,,29.42031296,-91.27904890
CRMS6304-P02,,5/21/2012,10:50,CST,1.38,,,0.984,,,,,,,25.30,2050.00,1.00,,,,,,,,,,,,,,,,,,,,COASTAL ESTUARY SERVICES LLC,,29.42031296,-91.27904890
CRMS6304-P02,,6/27/2012,09:00,CST,2.36,,,0.328,,,,,,,28.70,2616.00,1.30,,,,,,,,,,,,,,,,,,,,COASTAL ESTUARY SERVICES LLC,,29.42031296,-91.27904890
CRMS6304-P02,,6/27/2012,09:00,CST,2.36,,,0.984,,,,,,,27.70,2300.00,1.20,,,,,,,,,,,,,,,,,,,,COASTAL ESTUARY SERVICES LLC,,29.42031296,-91.27904890
CRMS6304-P02,,7/24/2012,13:00,CST,0.94,,,0.328,,,,,,,29.50,2651.00,1.40,,,,,,,,,,,,,,,,,,,,COASTAL ESTUARY SERVICES LLC,,29.42031296,-91.27904890
CRMS6304-P02,,7/24/2012,13:00,CST,0.94,,,0.984,,,,,,,29.60,2695.00,1.40,,,,,,,,,,,,,,,,,,,,COASTAL ESTUARY SERVICES LLC,,29.42031296,-91.27904890
CRMS6304-P02,,10/23/2012,09:30,CST,1.70,,,0.328,,,,,,,24.70,3832.00,2.00,,,,,,,,,,,,,,,,,,,,COASTAL ESTUARY SERVICES LLC,,29.42031296,-91.27904890
CRMS6304-P02,,10/23/2012,09:30,CST,1.70,,,0.984,,,,,,,24.30,3290.00,1.70,,,,,,,,,,,,,,,,,,,,COASTAL ESTUARY SERVICES LLC,,29.42031296,-91.27904890
CRMS6304-P02,,2/27/2013,11:25,CST,0.70,,,0.328,,,,,,,16.40,1909.00,1.00,,,,,,,,,,,,,,,,,,,,COASTAL ESTUARY SERVICES LLC,,29.42031296,-91.27904890
CRMS6304-P02,,2/27/2013,11:25,CST,0.70,,,0.984,,,,,,,16.60,2866.00,1.50,,,,,,,,,,,,,,,,,,,,COASTAL ESTUARY SERVICES LLC,,29.42031296,-91.27904890
CRMS6304-P02,,4/17/2013,12:20,CST,1.83,,,0.328,,,,,,,25.60,1606.00,0.80,,,,,,,,,,,,,,,,,,,,COASTAL ESTUARY SERVICES LLC,,29.42031296,-91.27904890
CRMS6304-P02,,4/17/2013,12:20,CST,1.83,,,0.984,,,,,,,23.60,1964.00,1.00,,,,,,,,,,,,,,,,,,,,COASTAL ESTUARY SERVICES LLC,,29.42031296,-91.27904890
CRMS6304-P02,,5/29/2013,12:15,CST,2.35,,,0.984,,,,,,,26.50,2868.00,1.50,,,,,,,,,,,,,,,,,,,,COASTAL ESTUARY SERVICES LLC,10 cms clogged,29.42031296,-91.27904890
CRMS6304-P02,,6/26/2013,11:37,CST,1.82,,,0.328,,,,,,,30.00,1445.00,0.70,,,,,,,,,,,,,,,,,,,,COASTAL ESTUARY SERVICES LLC,0.3' water on marsh,29.42031296,-91.27904890
CRMS6304-P02,,6/26/2013,11:37,CST,1.82,,,0.984,,,,,,,28.20,1603.00,0.80,,,,,,,,,,,,,,,,,,,,COASTAL ESTUARY SERVICES LLC,0.3' water on marsh,29.42031296,-91.27904890
CRMS6304-P02,,7/23/2013,11:50,CST,2.15,,,0.328,,,,,,,29.20,1347.00,0.70,,,,,,,,,,,,,,,,,,,,COASTAL ESTUARY SERVICES LLC,,29.42031296,-91.27904890
CRMS6304-P02,,7/23/2013,11:50,CST,2.15,,,0.984,,,,,,,29.30,1521.00,0.80,,,,,,,,,,,,,,,,,,,,COASTAL ESTUARY SERVICES LLC,,29.42031296,-91.27904890
CRMS6304-P02,,8/27/2013,09:35,CST,1.67,,,0.328,,,,,,,30.00,1340.00,0.70,,,,,,,,,,,,,,,,,,,,COASTAL ESTUARY SERVICES LLC,0.1 foot of water on marsh,29.42031296,-91.27904890
CRMS6304-P02,,8/27/2013,09:35,CST,1.67,,,0.984,,,,,,,28.60,1986.00,1.00,,,,,,,,,,,,,,,,,,,,COASTAL ESTUARY SERVICES LLC,0.1 foot of water on marsh,29.42031296,-91.27904890
CRMS6304-P02,,10/21/2013,11:50,CST,0.76,,,0.328,,,,,,,22.30,3017.00,1.60,,,,,,,,,,,,,,,,,,,,COASTAL ESTUARY SERVICES LLC,,29.42031296,-91.27904890
CRMS6304-P02,,10/21/2013,11:50,CST,0.76,,,0.984,,,,,,,22.90,2633.00,1.40,,,,,,,,,,,,,,,,,,,,COASTAL ESTUARY SERVICES LLC,,29.42031296,-91.27904890
CRMS6304-P02,,3/25/2015,11:00,CST,,,,,,,,,,,,,,,,,,,,,,,,,,,,,,,,,COASTAL ESTUARY SERVICES LLC,10 and 30cm clogged,29.42031296,-91.27904890
CRMS6304-P02,,7/24/2015,01:20,CST,,          ,,,,,,,,,,,,,,,,,,,,,,,,,,,,,,,COASTAL ESTUARY SERVICES LLC,clogged due to heavy organics,29.42031296,-91.27904890
CRMS6304-P02,,12/7/2015,12:50,CST,0.70,GEOID12A  ,,0.984,,,,,,,20.80,1471.00,0.70,,,,,,,,,,,,,,,,,,,,COASTAL ESTUARY SERVICES LLC,10 cm dry,29.42031296,-91.27904890
CRMS6304-P02,,5/23/2016,10:10,CST,1.33,GEOID12A  ,,0.328,,,,,,,25.80,404.00,0.20,,,,,,,,,,,,,,,,,,,,COASTAL ESTUARY SERVICES LLC,30 cm Clogged with clay soil,29.42031296,-91.27904890
CRMS6304-P02,,7/28/2016,12:25,CST,1.19,GEOID12A  ,,0.328,,,,,,,32.70,863.00,0.40,,,,,,,,,,,,,,,,,,,,COASTAL ESTUARY SERVICES LLC,30 cm Clogged with Organics,29.42031296,-91.27904890
CRMS6304-P02,,9/23/2016,12:15,CST,0.45,GEOID12A  ,,0.984,,,,,,,33.20,1031.00,0.50,,,,,,,,,,,,,,,,,,,,COASTAL ESTUARY SERVICES LLC,10cm clogged with organics,29.42031296,-91.27904890
CRMS6304-P02,,10/20/2016,09:30,CST,0.30,GEOID12A  ,,0.328,,,,,,,26.60,1248.00,0.60,,,,,,,,,,,,,,,,,,,,COASTAL ESTUARY SERVICES LLC,Sample is mostly mud,29.42031296,-91.27904890
CRMS6304-P02,,10/20/2016,09:30,CST,0.30,GEOID12A  ,,0.984,,,,,,,26.10,1444.00,0.70,,,,,,,,,,,,,,,,,,,,COASTAL ESTUARY SERVICES LLC,Sample is mostly mud,29.42031296,-91.27904890
CRMS6304-P02,,11/16/2016,12:15,CST,-0.38,GEOID12A,,0.328,,,,,,,,,,,,,,,,,,,,,,,,,,,,,COASTAL ESTUARY SERVICES LLC,Clogged with mud,29.42031296,-91.27904890
CRMS6304-P02,,11/16/2016,12:15,CST,-0.38,GEOID12A,,0.984,,,,,,,,,,,,,,,,,,,,,,,,,,,,,COASTAL ESTUARY SERVICES LLC,Clogged with mud,29.42031296,-91.27904890
CRMS6304-P02,,1/9/2017,12:00,CST,0.21,GEOID12A,,0.328,,,,,,,,,,,,,,,,,,,,,,,,,,,,,COASTAL ESTUARY SERVICES LLC,Clogged with organics ,29.42031296,-91.27904890
CRMS6304-P02,,1/9/2017,12:00,CST,0.21,GEOID12A,,0.984,,,,,,,,,,,,,,,,,,,,,,,,,,,,,COASTAL ESTUARY SERVICES LLC,Clogged with organics ,29.42031296,-91.27904890
CRMS6304-P02,,2/16/2017,12:30,CST,,,,0.328,,,,,,,,,,,,,,,,,,,,,,,,,,,,,COASTAL ESTUARY SERVICES LLC,10cm and 30cm clogged with high organics ,29.42031296,-91.27904890
CRMS6304-P02,,2/16/2017,12:30,CST,,,,0.984,,,,,,,,,,,,,,,,,,,,,,,,,,,,,COASTAL ESTUARY SERVICES LLC,10cm and 30cm clogged with high organics ,29.42031296,-91.27904890
CRMS6304-P02,,4/19/2017,10:11,CST,1.20,GEOID12A,,0.328,,,,,,,22.80,431.00,0.20,,,,,,,,,,,,,,,,,,,,COASTAL ESTUARY SERVICES LLC,,29.42031296,-91.27904890
CRMS6304-P02,,4/19/2017,10:11,CST,1.20,GEOID12A,,0.984,,,,,,,22.20,452.00,0.20,,,,,,,,,,,,,,,,,,,,COASTAL ESTUARY SERVICES LLC,,29.42031296,-91.27904890
CRMS6304-P02,,5/15/2017,09:30,CST,1.17,GEOID12A,,0.328,,,,,,,,,,,,,,,,,,,,,,,,,,,,,COASTAL ESTUARY SERVICES LLC,10 cm clogged with organics ,29.42031296,-91.27904890
CRMS6304-P02,,5/15/2017,09:30,CST,1.17,GEOID12A,,0.984,,,,,,,24.50,783.00,0.40,,,,,,,,,,,,,,,,,,,,COASTAL ESTUARY SERVICES LLC,,29.42031296,-91.27904890
CRMS6304-P02,,7/26/2017,12:45,CST,0.50,GEOID12A,,0.328,,,,,,,32.10,476.00,0.20,,,,,,,,,,,,,,,,,,,,COASTAL ESTUARY SERVICES LLC,,29.42031296,-91.27904890
CRMS6304-P02,,7/26/2017,12:45,CST,0.50,GEOID12A,,0.984,,,,,,,32.30,543.00,0.30,,,,,,,,,,,,,,,,,,,,COASTAL ESTUARY SERVICES LLC,,29.42031296,-91.27904890
CRMS6304-P02,,8/23/2017,12:50,CST,,,,0.328,,,,,,,29.90,517.00,0.20,,,,,,,,,,,,,,,,,,,,COASTAL ESTUARY SERVICES LLC,,29.42031296,-91.27904890
CRMS6304-P02,,8/23/2017,12:50,CST,,,,0.984,,,,,,,29.00,550.00,0.30,,,,,,,,,,,,,,,,,,,,COASTAL ESTUARY SERVICES LLC,,29.42031296,-91.27904890
CRMS6304-P02,,9/25/2017,12:10,CST,0.39,GEOID12A,,0.328,,,,,,,,,,,,,,,,,,,,,,,,,,,,,COASTAL ESTUARY SERVICES LLC,Clogged with organics,29.42031296,-91.27904890
CRMS6304-P02,,9/25/2017,12:10,CST,0.39,GEOID12A,,0.984,,,,,,,,,,,,,,,,,,,,,,,,,,,,,COASTAL ESTUARY SERVICES LLC,Clogged with organics,29.42031296,-91.27904890
CRMS6304-P02,,10/31/2017,10:35,CST,0.19,GEOID12A,,0.328,,,,,,,,,,,,,,,,,,,,,,,,,,,,,COASTAL ESTUARY SERVICES LLC,Clogged with silty mud,29.42031296,-91.27904890
CRMS6304-P02,,10/31/2017,10:35,CST,0.19,GEOID12A,,0.984,,,,,,,,,,,,,,,,,,,,,,,,,,,,,COASTAL ESTUARY SERVICES LLC,Clogged with silty mud,29.42031296,-91.27904890
CRMS6304-P02,,1/15/2018,12:59,CST,-0.51,GEOID12A,,0.328,,,,,,,,,,,,,,,,,,,,,,,,,,,,,COASTAL ESTUARY SERVICES LLC,Dry due to low water level,29.42031296,-91.27904890
CRMS6304-P02,,1/15/2018,12:59,CST,-0.51,GEOID12A,,0.984,,,,,,,,,,,,,,,,,,,,,,,,,,,,,COASTAL ESTUARY SERVICES LLC,Dry due to low water level,29.42031296,-91.27904890
CRMS6304-P02,,3/5/2018,11:50,CST,0.90,GEOID12A,,0.328,,,,,,,,,,,,,,,,,,,,,,,,,,,,,COASTAL ESTUARY SERVICES LLC,water pooling due to animal disturbance; 10 and 30 cm clogged due to heavy organics,29.42031296,-91.27904890
CRMS6304-P02,,3/5/2018,11:50,CST,0.90,GEOID12A,,0.984,,,,,,,,,,,,,,,,,,,,,,,,,,,,,COASTAL ESTUARY SERVICES LLC,water pooling due to animal disturbance; 10 and 30 cm clogged due to heavy organics,29.42031296,-91.27904890
CRMS6304-P02,,4/2/2018,10:15,CST,1.59,GEOID12A,,0.328,,,,,,,24.00,243.00,0.10,,,,,,,,,,,,,,,,,,,,COASTAL ESTUARY SERVICES LLC,,29.42031296,-91.27904890
CRMS6304-P02,,4/2/2018,10:15,CST,1.59,GEOID12A,,0.984,,,,,,,22.50,244.00,0.10,,,,,,,,,,,,,,,,,,,,COASTAL ESTUARY SERVICES LLC,,29.42031296,-91.27904890
CRMS6304-P02,,5/16/2018,12:20,CST,1.17,GEOID12A,,0.328,,,,,,,,,,,,,,,,,,,,,,,,,,,,,COASTAL ESTUARY SERVICES LLC,Depth of water on marsh=0.2ft; 10cm and 30cm clogged with organics.,29.42031296,-91.27904890
CRMS6304-P02,,5/16/2018,12:20,CST,1.17,GEOID12A,,0.984,,,,,,,,,,,,,,,,,,,,,,,,,,,,,COASTAL ESTUARY SERVICES LLC,Depth of water on marsh=0.2ft; 10cm and 30cm clogged with organics.,29.42031296,-91.27904890
CRMS6304-P02,,6/19/2018,10:18,CST,1.54,GEOID12A,,0.328,,,,,,,30.60,593.00,0.30,,,,,,,,,,,,,,,,,,,,COASTAL ESTUARY SERVICES LLC,Depth of water on marsh=0.3ft,29.42031296,-91.27904890
CRMS6304-P02,,6/19/2018,10:18,CST,1.54,GEOID12A,,0.984,,,,,,,,,,,,,,,,,,,,,,,,,,,,,COASTAL ESTUARY SERVICES LLC,Depth of water on marsh=0.3ft; 30cm clogged with clay,29.42031296,-91.27904890
CRMS6304-P02,,7/23/2018,11:10,CST,,,,0.328,,,,,,,,,,,,,,,,,,,,,,,,,,,,,COASTAL ESTUARY SERVICES LLC,dry; Depth of water on marsh: 0,29.42031296,-91.27904890
CRMS6304-P02,,7/23/2018,11:10,CST,,,,0.984,,,,,,,,,,,,,,,,,,,,,,,,,,,,,COASTAL ESTUARY SERVICES LLC,dry; Depth of water on marsh: 0,29.42031296,-91.27904890
CRMS6304-P02,,8/23/2018,11:53,CST,1.00,GEOID12A,,0.328,,,,,,,30.20,668.00,0.30,,,,,,,,,,,,,,,,,,,,COASTAL ESTUARY SERVICES LLC,Depth of water on marsh= 0.3,29.42031296,-91.27904890
CRMS6304-P02,,8/23/2018,11:53,CST,1.00,GEOID12A,,0.984,,,,,,,,,,,,,,,,,,,,,,,,,,,,,COASTAL ESTUARY SERVICES LLC,Depth of water on marsh= 0.3; 30 cm clogged with organics,29.42031296,-91.27904890
CRMS6304-P02,,10/22/2018,10:00,CST,0.87,GEOID12A,,0.328,,,,,,,,,,,,,,,,,,,,,,,,,,,,,COASTAL ESTUARY SERVICES LLC,clogged with thick mud; Depth of water on marsh = 0.38 ft.,29.42031296,-91.27904890
CRMS6304-P02,,10/22/2018,10:00,CST,0.87,GEOID12A,,0.984,,,,,,,,,,,,,,,,,,,,,,,,,,,,,COASTAL ESTUARY SERVICES LLC,clogged with thick mud; Depth of water on marsh = 0.38 ft.,29.42031296,-91.27904890
CRMS6304-P02,,12/3/2018,12:55,CST,1.27,GEOID12A,,0.328,,,,,,,16.70,419.00,0.20,,,,,,,,,,,,,,,,,,,,COASTAL ESTUARY SERVICES LLC,Depth of water on marsh= 0.1,29.42031296,-91.27904890
CRMS6304-P02,,12/3/2018,12:55,CST,1.27,GEOID12A,,0.984,,,,,,,16.50,451.00,0.20,,,,,,,,,,,,,,,,,,,,COASTAL ESTUARY SERVICES LLC,Depth of water on marsh= 0.1,29.42031296,-91.27904890
CRMS6304-P02,,2/15/2019,11:25,CST,1.35,GEOID12A,,0.328,,,,,,,,,,,,,,,,,,,,,,,,,,,,,COASTAL ESTUARY SERVICES LLC,Depth of water on marsh= 0.33 ft; clogged with organics,29.42031296,-91.27904890
CRMS6304-P02,,2/15/2019,11:25,CST,1.35,GEOID12A,,0.984,,,,,,,18.10,1128.00,0.60,,,,,,,,,,,,,,,,,,,,COASTAL ESTUARY SERVICES LLC,Depth of water on marsh= 0.33 ft,29.42031296,-91.27904890
CRMS6304-P02,,3/28/2019,10:40,CST,1.74,GEOID12A,,0.328,,,,,,,16.20,327.00,0.20,,,,,,,,,,,,,,,,,,,,COASTAL ESTUARY SERVICES LLC,Depth of water on marsh= 0.3 ft,29.42031296,-91.27904890
CRMS6304-P02,,3/28/2019,10:40,CST,1.74,GEOID12A,,0.984,,,,,,,,,,,,,,,,,,,,,,,,,,,,,COASTAL ESTUARY SERVICES LLC,Depth of water on marsh= 0.3 ft; 30 cm clogged with organics.,29.42031296,-91.27904890
CRMS6304-P02,,4/30/2019,09:45,CST,1.60,GEOID12A,,0.328,,,,,,,,,,,,,,,,,,,,,,,,,,,,,COASTAL ESTUARY SERVICES LLC,Depth of water on marsh= 0.4 ft; all clogged with organics,29.42031296,-91.27904890
CRMS6304-P02,,4/30/2019,09:45,CST,1.60,GEOID12A,,0.984,,,,,,,,,,,,,,,,,,,,,,,,,,,,,COASTAL ESTUARY SERVICES LLC,Depth of water on marsh= 0.4 ft; all clogged with organics,29.42031296,-91.27904890
CRMS6304-P02,,6/26/2019,09:40,CST,2.08,GEOID12A,,0.328,,,,,,,,,,,,,,,,,,,,,,,,,,,,,COASTAL ESTUARY SERVICES LLC,Depth of water on marsh= 0.8 ft; 10cm clogged with organics,29.42031296,-91.27904890
CRMS6304-P02,,6/26/2019,09:40,CST,2.08,GEOID12A,,0.984,,,,,,,28.60,825.00,0.40,,,,,,,,,,,,,,,,,,,,COASTAL ESTUARY SERVICES LLC,Depth of water on marsh= 0.8 ft; 10cm clogged with organics,29.42031296,-91.27904890
CRMS6304-P02,,7/17/2019,09:33,CST,2.14,GEOID12A,,0.328,,,,,,,30.00,7330.00,4.00,,,,,,,,,,,,,,,,,,,,COASTAL ESTUARY SERVICES LLC,Depth of water on marsh=0.54,29.42031296,-91.27904890
CRMS6304-P02,,7/17/2019,09:33,CST,2.14,GEOID12A,,0.984,,,,,,,31.10,4650.00,2.40,,,,,,,,,,,,,,,,,,,,COASTAL ESTUARY SERVICES LLC,Depth of water on marsh=0.54,29.42031296,-91.27904890
CRMS6304-P02,,9/30/2019,10:20,CST,1.79,GEOID12A,,0.328,,,,,,,31.80,667.00,0.30,,,,,,,,,,,,,,,,,,,,COASTAL ESTUARY SERVICES LLC,Depth of water on marsh= 0.7 ft; ,29.42031296,-91.27904890
CRMS6304-P02,,9/30/2019,10:20,CST,1.79,GEOID12A,,0.984,,,,,,,,,,,,,,,,,,,,,,,,,,,,,COASTAL ESTUARY SERVICES LLC,Depth of water on marsh= 0.7 ft;  clogged with organics,29.42031296,-91.27904890
CRMS6304-P02,,11/11/2019,10:30,CST,0.68,GEOID12A,,0.328,,,,,,,,,,,,,,,,,,,,,,,,,,,,,COASTAL ESTUARY SERVICES LLC,Depth of water on marsh= 0.01 ft; clogged with clay,29.42031296,-91.27904890
CRMS6304-P02,,11/11/2019,10:30,CST,0.68,GEOID12A,,0.984,,,,,,,,,,,,,,,,,,,,,,,,,,,,,COASTAL ESTUARY SERVICES LLC,Depth of water on marsh= 0.01 ft; clogged with clay,29.42031296,-91.27904890
CRMS6304-P02,,12/19/2019,11:21,CST,0.47,GEOID12A,,0.328,,,,,,,,,,,,,,,,,,,,,,,,,,,,,COASTAL ESTUARY SERVICES LLC,Depth of water on marsh (ft) = 0ft; Dry soils,29.42031296,-91.27904890
CRMS6304-P02,,12/19/2019,11:21,CST,0.47,GEOID12A,,0.984,,,,,,,,,,,,,,,,,,,,,,,,,,,,,COASTAL ESTUARY SERVICES LLC,Depth of water on marsh (ft) = 0ft; Dry soils,29.42031296,-91.27904890
CRMS6304-P02,,3/20/2020,11:32,CST,1.54,GEOID12A,,0.328,,,,,,,28.00,511.00,0.20,,,,,,,,,,,,,,,,,,,,COASTAL ESTUARY SERVICES LLC,Depth of water on marsh: 0.1 ft.  ,29.42031296,-91.27904890
CRMS6304-P02,,3/20/2020,11:32,CST,1.54,GEOID12A,,0.984,,,,,,,,,,,,,,,,,,,,,,,,,,,,,COASTAL ESTUARY SERVICES LLC,Depth of water on marsh: 0.1 ft.  clogged,29.42031296,-91.27904890
CRMS6304-P02,,5/11/2020,09:45,CST,1.79,GEOID12A,,0.328,,,,,,,,,,,,,,,,,,,,,,,,,,,,,COASTAL ESTUARY SERVICES LLC,clogged with organics; Water depth on marsh: 0.3 ft,29.42031296,-91.27904890
CRMS6304-P02,,5/11/2020,09:45,CST,1.79,GEOID12A,,0.984,,,,,,,,,,,,,,,,,,,,,,,,,,,,,COASTAL ESTUARY SERVICES LLC,clogged with organics; Water depth on marsh: 0.3 ft,29.42031296,-91.27904890
CRMS6304-P02,,6/26/2020,10:30,CST,2.00,GEOID12A,,0.328,,,,,,,,,,,,,,,,,,,,,,,,,,,,,COASTAL ESTUARY SERVICES LLC,clog with organics; Water depth on marsh: 0.3 ft,29.42031296,-91.27904890
CRMS6304-P02,,6/26/2020,10:30,CST,2.00,GEOID12A,,0.984,,,,,,,,,,,,,,,,,,,,,,,,,,,,,COASTAL ESTUARY SERVICES LLC,clog with organics; Water depth on marsh: 0.3 ft,29.42031296,-91.27904890
CRMS6304-P02,,8/21/2020,11:45,CST,0.75,GEOID12A,,0.328,,,,,,,,,,,,,,,,,,,,,,,,,,,,,COASTAL ESTUARY SERVICES LLC,Dry - Low water,29.42031296,-91.27904890
CRMS6304-P02,,8/21/2020,11:45,CST,0.75,GEOID12A,,0.984,,,,,,,,,,,,,,,,,,,,,,,,,,,,,COASTAL ESTUARY SERVICES LLC,Clogged with clay,29.42031296,-91.27904890
CRMS6304-P02,,10/16/2020,10:30,CST,-0.19,GEOID12A,,0.328,,,,,,,24.90,4361.00,2.30,,,,,,,,,,,,,,,,,,,,COASTAL ESTUARY SERVICES LLC,Depth of water on marsh (ft) = 0.01; water pooling,29.42031296,-91.27904890
CRMS6304-P02,,10/16/2020,10:30,CST,-0.19,GEOID12A,,0.984,,,,,,,,,,,,,,,,,,,,,,,,,,,,,COASTAL ESTUARY SERVICES LLC,Depth of water on marsh (ft) = 0.01; water pooling; 30's clogged with thick silt/sediment,29.42031296,-91.27904890
CRMS6304-P02,,1/28/2021,14:12,CST,,,,0.328,,,,,,,16.70,2096.00,1.10,,,,,,,,,,,,,,,,,,,,COASTAL ESTUARY SERVICES LLC,Marsh Not Flooded,29.42031296,-91.27904890
CRMS6304-P02,,1/28/2021,14:12,CST,,,,0.984,,,,,,,17.80,1984.00,1.00,,,,,,,,,,,,,,,,,,,,COASTAL ESTUARY SERVICES LLC,Marsh Not Flooded,29.42031296,-91.27904890
CRMS6304-P02,,3/3/2021,10:30,CST,0.48,GEOID12A,,0.328,,,,,,,,,,,,,,,,,,,,,,,,,,,,,COASTAL ESTUARY SERVICES LLC,dry pull; Marsh Not Flooded,29.42031296,-91.27904890
CRMS6304-P02,,3/3/2021,10:30,CST,0.48,GEOID12A,,0.984,,,,,,,,,,,,,,,,,,,,,,,,,,,,,COASTAL ESTUARY SERVICES LLC,dry pull; Marsh Not Flooded,29.42031296,-91.27904890
CRMS6304-P02,,5/7/2021,12:38,CST,0.98,GEOID12A,,0.328,,,,,,,,,,,,,,,,,,,,,,,,,,,,,COASTAL ESTUARY SERVICES LLC,clogged with sediment; Marsh Not Flooded,29.42031296,-91.27904890
CRMS6304-P02,,5/7/2021,12:38,CST,0.98,GEOID12A,,0.984,,,,,,,,,,,,,,,,,,,,,,,,,,,,,COASTAL ESTUARY SERVICES LLC,clogged with sediment; Marsh Not Flooded,29.42031296,-91.27904890
CRMS6304-P03,,10/19/2009,10:40,CST,0.67,,,0.328,,,,,,,20.40,2069.00,1.10,,,,,,,,,,,,,,,,,,,,COASTAL ESTUARY SERVICES LLC,,29.42031296,-91.27904890
CRMS6304-P03,,10/19/2009,10:40,CST,0.67,,,0.984,,,,,,,22.60,3776.00,2.00,,,,,,,,,,,,,,,,,,,,COASTAL ESTUARY SERVICES LLC,,29.42031296,-91.27904890
CRMS6304-P03,,11/12/2009,13:51,CST,2.28,,,0.328,,,,,,,19.80,3073.00,1.60,,,,,,,,,,,,,,,,,,,,COASTAL ESTUARY SERVICES LLC,,29.42031296,-91.27904890
CRMS6304-P03,,11/12/2009,13:51,CST,2.28,,,0.984,,,,,,,19.70,3639.00,1.90,,,,,,,,,,,,,,,,,,,,COASTAL ESTUARY SERVICES LLC,,29.42031296,-91.27904890
CRMS6304-P03,,12/28/2009,12:31,CST,1.28,,,0.328,,,,,,,11.40,1294.00,0.60,,,,,,,,,,,,,,,,,,,,COASTAL ESTUARY SERVICES LLC,,29.42031296,-91.27904890
CRMS6304-P03,,12/28/2009,12:31,CST,1.28,,,0.984,,,,,,,13.20,2778.00,1.40,,,,,,,,,,,,,,,,,,,,COASTAL ESTUARY SERVICES LLC,,29.42031296,-91.27904890
CRMS6304-P03,,2/23/2010,11:30,CST,1.56,,,0.328,,,,,,,12.50,1249.00,0.60,,,,,,,,,,,,,,,,,,,,COASTAL ESTUARY SERVICES LLC,,29.42031296,-91.27904890
CRMS6304-P03,,2/23/2010,11:30,CST,1.56,,,0.984,,,,,,,12.50,2483.00,1.30,,,,,,,,,,,,,,,,,,,,COASTAL ESTUARY SERVICES LLC,,29.42031296,-91.27904890
CRMS6304-P03,,4/22/2010,09:52,CST,1.94,,,0.328,,,,,,,21.50,617.00,0.30,,,,,,,,,,,,,,,,,,,,COASTAL ESTUARY SERVICES LLC,,29.42031296,-91.27904890
CRMS6304-P03,,4/22/2010,09:52,CST,1.94,,,0.984,,,,,,,20.20,791.00,0.40,,,,,,,,,,,,,,,,,,,,COASTAL ESTUARY SERVICES LLC,,29.42031296,-91.27904890
CRMS6304-P03,,5/25/2010,12:15,CST,1.58,,,0.328,,,,,,,26.00,1922.00,1.00,,,,,,,,,,,,,,,,,,,,COASTAL ESTUARY SERVICES LLC,,29.42031296,-91.27904890
CRMS6304-P03,,5/25/2010,12:15,CST,1.58,,,0.984,,,,,,,25.20,2435.00,1.20,,,,,,,,,,,,,,,,,,,,COASTAL ESTUARY SERVICES LLC,,29.42031296,-91.27904890
CRMS6304-P03,,7/20/2010,11:05,CST,1.74,,,0.328,,,,,,,28.80,1764.00,0.90,,,,,,,,,,,,,,,,,,,,COASTAL ESTUARY SERVICES LLC,,29.42031296,-91.27904890
CRMS6304-P03,,7/20/2010,11:05,CST,1.74,,,0.984,,,,,,,28.50,2450.00,1.30,,,,,,,,,,,,,,,,,,,,COASTAL ESTUARY SERVICES LLC,,29.42031296,-91.27904890
CRMS6304-P03,,9/28/2010,11:00,CST,0.67,,,0.328,,,,,,,24.60,2060.00,1.10,,,,,,,,,,,,,,,,,,,,COASTAL ESTUARY SERVICES LLC,,29.42031296,-91.27904890
CRMS6304-P03,,9/28/2010,11:00,CST,0.67,,,0.984,,,,,,,24.50,1866.00,0.90,,,,,,,,,,,,,,,,,,,,COASTAL ESTUARY SERVICES LLC,,29.42031296,-91.27904890
CRMS6304-P03,,10/25/2010,14:10,CST,1.38,,,0.328,,,,,,,26.30,2168.00,1.10,,,,,,,,,,,,,,,,,,,,COASTAL ESTUARY SERVICES LLC,,29.42031296,-91.27904890
CRMS6304-P03,,10/25/2010,14:10,CST,1.38,,,0.984,,,,,,,26.20,2023.00,1.00,,,,,,,,,,,,,,,,,,,,COASTAL ESTUARY SERVICES LLC,,29.42031296,-91.27904890
CRMS6304-P03,,2/23/2011,12:45,CST,0.90,,,0.984,,,,,,,22.70,1740.00,0.90,,,,,,,,,,,,,,,,,,,,COASTAL ESTUARY SERVICES LLC,,29.42031296,-91.27904890
CRMS6304-P03,,3/28/2011,12:25,CST,1.10,,,0.328,,,,,,,21.70,946.00,0.50,,,,,,,,,,,,,,,,,,,,COASTAL ESTUARY SERVICES LLC,,29.42031296,-91.27904890
CRMS6304-P03,,3/28/2011,12:25,CST,1.10,,,0.984,,,,,,,21.20,1002.00,0.50,,,,,,,,,,,,,,,,,,,,COASTAL ESTUARY SERVICES LLC,,29.42031296,-91.27904890
CRMS6304-P03,,4/28/2011,11:20,CST,1.25,,,0.328,,,,,,,23.20,1349.00,0.70,,,,,,,,,,,,,,,,,,,,COASTAL ESTUARY SERVICES LLC,,29.42031296,-91.27904890
CRMS6304-P03,,4/28/2011,11:20,CST,1.25,,,0.984,,,,,,,23.10,1403.00,0.70,,,,,,,,,,,,,,,,,,,,COASTAL ESTUARY SERVICES LLC,,29.42031296,-91.27904890
CRMS6304-P03,,6/23/2011,09:50,CST,1.92,,,0.328,,,,,,,26.70,1105.00,0.50,,,,,,,,,,,,,,,,,,,,COASTAL ESTUARY SERVICES LLC,,29.42031296,-91.27904890
CRMS6304-P03,,6/23/2011,09:50,CST,1.92,,,0.984,,,,,,,26.70,1312.00,0.70,,,,,,,,,,,,,,,,,,,,COASTAL ESTUARY SERVICES LLC,,29.42031296,-91.27904890
CRMS6304-P03,,8/24/2011,11:58,CST,1.22,,,0.984,,,,,,,30.00,1003.00,0.50,,,,,,,,,,,,,,,,,,,,COASTAL ESTUARY SERVICES LLC,,29.42031296,-91.27904890
CRMS6304-P03,,9/30/2011,09:40,CST,0.33,,,0.328,,,,,,,25.20,5940.00,3.20,,,,,,,,,,,,,,,,,,,,COASTAL ESTUARY SERVICES LLC,,29.42031296,-91.27904890
CRMS6304-P03,,9/30/2011,09:40,CST,0.33,,,0.984,,,,,,,25.60,6070.00,3.30,,,,,,,,,,,,,,,,,,,,COASTAL ESTUARY SERVICES LLC,,29.42031296,-91.27904890
CRMS6304-P03,,10/26/2011,12:58,CST,0.99,,,0.984,,,,,,,26.80,4126.00,2.20,,,,,,,,,,,,,,,,,,,,COASTAL ESTUARY SERVICES LLC,,29.42031296,-91.27904890
CRMS6304-P03,,12/9/2011,12:48,CST,0.84,,,0.328,,,,,,,11.40,4030.00,2.10,,,,,,,,,,,,,,,,,,,,COASTAL ESTUARY SERVICES LLC,,29.42031296,-91.27904890
CRMS6304-P03,,12/9/2011,12:48,CST,0.84,,,0.984,,,,,,,12.80,4388.00,2.40,,,,,,,,,,,,,,,,,,,,COASTAL ESTUARY SERVICES LLC,,29.42031296,-91.27904890
CRMS6304-P03,,2/20/2012,14:30,CST,1.90,,,0.328,,,,,,,15.50,1273.00,0.60,,,,,,,,,,,,,,,,,,,,COASTAL ESTUARY SERVICES LLC,,29.42031296,-91.27904890
CRMS6304-P03,,2/20/2012,14:30,CST,1.90,,,0.984,,,,,,,16.20,1735.00,0.90,,,,,,,,,,,,,,,,,,,,COASTAL ESTUARY SERVICES LLC,,29.42031296,-91.27904890
CRMS6304-P03,,3/28/2012,10:55,CST,1.58,,,0.328,,,,,,,21.30,1747.00,0.90,,,,,,,,,,,,,,,,,,,,COASTAL ESTUARY SERVICES LLC,,29.42031296,-91.27904890
CRMS6304-P03,,4/25/2012,12:50,CST,1.41,,,0.328,,,,,,,23.90,2488.00,1.30,,,,,,,,,,,,,,,,,,,,COASTAL ESTUARY SERVICES LLC,,29.42031296,-91.27904890
CRMS6304-P03,,4/25/2012,12:50,CST,1.41,,,0.984,,,,,,,21.80,2405.00,1.20,,,,,,,,,,,,,,,,,,,,COASTAL ESTUARY SERVICES LLC,,29.42031296,-91.27904890
CRMS6304-P03,,5/21/2012,10:50,CST,1.38,,,0.328,,,,,,,25.80,1664.00,0.80,,,,,,,,,,,,,,,,,,,,COASTAL ESTUARY SERVICES LLC,,29.42031296,-91.27904890
CRMS6304-P03,,5/21/2012,10:50,CST,1.38,,,0.984,,,,,,,26.30,1835.00,0.90,,,,,,,,,,,,,,,,,,,,COASTAL ESTUARY SERVICES LLC,,29.42031296,-91.27904890
CRMS6304-P03,,6/27/2012,09:00,CST,2.36,,,0.328,,,,,,,28.70,3079.00,1.60,,,,,,,,,,,,,,,,,,,,COASTAL ESTUARY SERVICES LLC,,29.42031296,-91.27904890
CRMS6304-P03,,6/27/2012,09:00,CST,2.36,,,0.984,,,,,,,28.60,2162.00,1.10,,,,,,,,,,,,,,,,,,,,COASTAL ESTUARY SERVICES LLC,,29.42031296,-91.27904890
CRMS6304-P03,,7/24/2012,13:00,CST,0.94,,,0.328,,,,,,,30.30,2786.00,1.40,,,,,,,,,,,,,,,,,,,,COASTAL ESTUARY SERVICES LLC,,29.42031296,-91.27904890
CRMS6304-P03,,7/24/2012,13:00,CST,0.94,,,0.984,,,,,,,31.10,2724.00,1.40,,,,,,,,,,,,,,,,,,,,COASTAL ESTUARY SERVICES LLC,,29.42031296,-91.27904890
CRMS6304-P03,,10/23/2012,09:30,CST,1.70,,,0.328,,,,,,,24.30,3701.00,1.90,,,,,,,,,,,,,,,,,,,,COASTAL ESTUARY SERVICES LLC,,29.42031296,-91.27904890
CRMS6304-P03,,10/23/2012,09:30,CST,1.70,,,0.984,,,,,,,24.50,2968.00,1.50,,,,,,,,,,,,,,,,,,,,COASTAL ESTUARY SERVICES LLC,,29.42031296,-91.27904890
CRMS6304-P03,,2/27/2013,11:25,CST,0.70,,,0.328,,,,,,,16.40,2117.00,1.10,,,,,,,,,,,,,,,,,,,,COASTAL ESTUARY SERVICES LLC,,29.42031296,-91.27904890
CRMS6304-P03,,2/27/2013,11:25,CST,0.70,,,0.984,,,,,,,16.50,2513.00,1.30,,,,,,,,,,,,,,,,,,,,COASTAL ESTUARY SERVICES LLC,,29.42031296,-91.27904890
CRMS6304-P03,,4/17/2013,12:20,CST,1.83,,,0.328,,,,,,,23.70,1605.00,0.80,,,,,,,,,,,,,,,,,,,,COASTAL ESTUARY SERVICES LLC,,29.42031296,-91.27904890
CRMS6304-P03,,4/17/2013,12:20,CST,1.83,,,0.984,,,,,,,23.10,2186.00,1.10,,,,,,,,,,,,,,,,,,,,COASTAL ESTUARY SERVICES LLC,,29.42031296,-91.27904890
CRMS6304-P03,,5/29/2013,12:15,CST,2.35,,,0.984,,,,,,,26.10,2574.00,1.30,,,,,,,,,,,,,,,,,,,,COASTAL ESTUARY SERVICES LLC,10 cms clogged,29.42031296,-91.27904890
CRMS6304-P03,,6/26/2013,11:37,CST,1.82,,,0.328,,,,,,,28.90,1530.00,0.80,,,,,,,,,,,,,,,,,,,,COASTAL ESTUARY SERVICES LLC,0.3' water on marsh,29.42031296,-91.27904890
CRMS6304-P03,,6/26/2013,11:37,CST,1.82,,,0.984,,,,,,,28.50,1805.00,0.90,,,,,,,,,,,,,,,,,,,,COASTAL ESTUARY SERVICES LLC,0.3' water on marsh,29.42031296,-91.27904890
CRMS6304-P03,,7/23/2013,11:50,CST,2.15,,,0.328,,,,,,,30.00,1242.00,0.60,,,,,,,,,,,,,,,,,,,,COASTAL ESTUARY SERVICES LLC,,29.42031296,-91.27904890
CRMS6304-P03,,7/23/2013,11:50,CST,2.15,,,0.984,,,,,,,30.10,1019.00,0.50,,,,,,,,,,,,,,,,,,,,COASTAL ESTUARY SERVICES LLC,,29.42031296,-91.27904890
CRMS6304-P03,,8/27/2013,09:35,CST,1.67,,,0.328,,,,,,,28.10,2038.00,1.00,,,,,,,,,,,,,,,,,,,,COASTAL ESTUARY SERVICES LLC,0.1 foot of water on marsh,29.42031296,-91.27904890
CRMS6304-P03,,8/27/2013,09:35,CST,1.67,,,0.984,,,,,,,27.90,2337.00,1.20,,,,,,,,,,,,,,,,,,,,COASTAL ESTUARY SERVICES LLC,0.1 foot of water on marsh,29.42031296,-91.27904890
CRMS6304-P03,,10/21/2013,11:50,CST,0.76,,,0.328,,,,,,,22.60,2358.00,1.20,,,,,,,,,,,,,,,,,,,,COASTAL ESTUARY SERVICES LLC,,29.42031296,-91.27904890
CRMS6304-P03,,10/21/2013,11:50,CST,0.76,,,0.984,,,,,,,23.10,2661.00,1.40,,,,,,,,,,,,,,,,,,,,COASTAL ESTUARY SERVICES LLC,,29.42031296,-91.27904890
CRMS6304-P03,,3/25/2015,11:00,CST,,,,,,,,,,,,,,,,,,,,,,,,,,,,,,,,,COASTAL ESTUARY SERVICES LLC,10 and 30cm clogged,29.42031296,-91.27904890
CRMS6304-P03,,7/24/2015,01:20,CST,,          ,,,,,,,,,,,,,,,,,,,,,,,,,,,,,,,COASTAL ESTUARY SERVICES LLC,clogged due to heavy organics,29.42031296,-91.27904890
CRMS6304-P03,,12/7/2015,12:50,CST,0.70,GEOID12A  ,,0.984,,,,,,,20.80,1584.00,0.80,,,,,,,,,,,,,,,,,,,,COASTAL ESTUARY SERVICES LLC,10 cm dry,29.42031296,-91.27904890
CRMS6304-P03,,5/23/2016,10:10,CST,1.33,GEOID12A  ,,0.328,,,,,,,27.10,425.00,0.20,,,,,,,,,,,,,,,,,,,,COASTAL ESTUARY SERVICES LLC,30 cm Clogged with clay soil,29.42031296,-91.27904890
CRMS6304-P03,,7/28/2016,12:25,CST,1.19,GEOID12A  ,,0.328,,,,,,,30.60,740.00,0.40,,,,,,,,,,,,,,,,,,,,COASTAL ESTUARY SERVICES LLC,30 cm Clogged with Organics,29.42031296,-91.27904890
CRMS6304-P03,,10/20/2016,09:30,CST,0.30,GEOID12A  ,,0.328,,,,,,,26.40,1256.00,0.60,,,,,,,,,,,,,,,,,,,,COASTAL ESTUARY SERVICES LLC,Sample is mostly mud,29.42031296,-91.27904890
CRMS6304-P03,,10/20/2016,09:30,CST,0.30,GEOID12A  ,,0.984,,,,,,,26.10,1051.00,0.80,,,,,,,,,,,,,,,,,,,,COASTAL ESTUARY SERVICES LLC,Sample is mostly mud,29.42031296,-91.27904890
CRMS6304-P03,,11/16/2016,12:15,CST,-0.38,GEOID12A,,0.328,,,,,,,,,,,,,,,,,,,,,,,,,,,,,COASTAL ESTUARY SERVICES LLC,Clogged with mud,29.42031296,-91.27904890
CRMS6304-P03,,11/16/2016,12:15,CST,-0.38,GEOID12A,,0.984,,,,,,,,,,,,,,,,,,,,,,,,,,,,,COASTAL ESTUARY SERVICES LLC,Clogged with mud,29.42031296,-91.27904890
CRMS6304-P03,,1/9/2017,12:00,CST,0.21,GEOID12A,,0.328,,,,,,,,,,,,,,,,,,,,,,,,,,,,,COASTAL ESTUARY SERVICES LLC,Clogged with organics ,29.42031296,-91.27904890
CRMS6304-P03,,1/9/2017,12:00,CST,0.21,GEOID12A,,0.984,,,,,,,,,,,,,,,,,,,,,,,,,,,,,COASTAL ESTUARY SERVICES LLC,Clogged with organics ,29.42031296,-91.27904890
CRMS6304-P03,,2/16/2017,12:30,CST,,,,0.328,,,,,,,,,,,,,,,,,,,,,,,,,,,,,COASTAL ESTUARY SERVICES LLC,10cm and 30cm clogged with high organics ,29.42031296,-91.27904890
CRMS6304-P03,,2/16/2017,12:30,CST,,,,0.984,,,,,,,,,,,,,,,,,,,,,,,,,,,,,COASTAL ESTUARY SERVICES LLC,10cm and 30cm clogged with high organics ,29.42031296,-91.27904890
CRMS6304-P03,,4/19/2017,10:11,CST,1.20,GEOID12A,,0.328,,,,,,,22.50,427.00,0.20,,,,,,,,,,,,,,,,,,,,COASTAL ESTUARY SERVICES LLC,,29.42031296,-91.27904890
CRMS6304-P03,,4/19/2017,10:11,CST,1.20,GEOID12A,,0.984,,,,,,,22.20,449.00,0.20,,,,,,,,,,,,,,,,,,,,COASTAL ESTUARY SERVICES LLC,,29.42031296,-91.27904890
CRMS6304-P03,,5/15/2017,09:30,CST,1.17,GEOID12A,,0.328,,,,,,,,,,,,,,,,,,,,,,,,,,,,,COASTAL ESTUARY SERVICES LLC,10 cm clogged with organics ,29.42031296,-91.27904890
CRMS6304-P03,,5/15/2017,09:30,CST,1.17,GEOID12A,,0.984,,,,,,,25.00,931.00,0.50,,,,,,,,,,,,,,,,,,,,COASTAL ESTUARY SERVICES LLC,,29.42031296,-91.27904890
CRMS6304-P03,,7/26/2017,12:45,CST,0.50,GEOID12A,,0.328,,,,,,,31.30,523.00,0.30,,,,,,,,,,,,,,,,,,,,COASTAL ESTUARY SERVICES LLC,,29.42031296,-91.27904890
CRMS6304-P03,,7/26/2017,12:45,CST,0.50,GEOID12A,,0.984,,,,,,,32.00,515.00,0.20,,,,,,,,,,,,,,,,,,,,COASTAL ESTUARY SERVICES LLC,,29.42031296,-91.27904890
CRMS6304-P03,,8/23/2017,12:50,CST,,,,0.328,,,,,,,29.80,515.00,0.20,,,,,,,,,,,,,,,,,,,,COASTAL ESTUARY SERVICES LLC,,29.42031296,-91.27904890
CRMS6304-P03,,8/23/2017,12:50,CST,,,,0.984,,,,,,,28.90,548.00,0.30,,,,,,,,,,,,,,,,,,,,COASTAL ESTUARY SERVICES LLC,,29.42031296,-91.27904890
CRMS6304-P03,,9/25/2017,12:10,CST,0.39,GEOID12A,,0.328,,,,,,,,,,,,,,,,,,,,,,,,,,,,,COASTAL ESTUARY SERVICES LLC,Clogged with organics,29.42031296,-91.27904890
CRMS6304-P03,,9/25/2017,12:10,CST,0.39,GEOID12A,,0.984,,,,,,,,,,,,,,,,,,,,,,,,,,,,,COASTAL ESTUARY SERVICES LLC,Clogged with organics,29.42031296,-91.27904890
CRMS6304-P03,,10/31/2017,10:35,CST,0.19,GEOID12A,,0.328,,,,,,,,,,,,,,,,,,,,,,,,,,,,,COASTAL ESTUARY SERVICES LLC,Clogged with silty mud,29.42031296,-91.27904890
CRMS6304-P03,,10/31/2017,10:35,CST,0.19,GEOID12A,,0.984,,,,,,,,,,,,,,,,,,,,,,,,,,,,,COASTAL ESTUARY SERVICES LLC,Clogged with silty mud,29.42031296,-91.27904890
CRMS6304-P03,,1/15/2018,12:59,CST,-0.51,GEOID12A,,0.328,,,,,,,,,,,,,,,,,,,,,,,,,,,,,COASTAL ESTUARY SERVICES LLC,Dry due to low water level,29.42031296,-91.27904890
CRMS6304-P03,,1/15/2018,12:59,CST,-0.51,GEOID12A,,0.984,,,,,,,,,,,,,,,,,,,,,,,,,,,,,COASTAL ESTUARY SERVICES LLC,Dry due to low water level,29.42031296,-91.27904890
CRMS6304-P03,,3/5/2018,11:50,CST,0.90,GEOID12A,,0.328,,,,,,,,,,,,,,,,,,,,,,,,,,,,,COASTAL ESTUARY SERVICES LLC,water pooling due to animal disturbance; 10 and 30 cm clogged due to heavy organics,29.42031296,-91.27904890
CRMS6304-P03,,3/5/2018,11:50,CST,0.90,GEOID12A,,0.984,,,,,,,,,,,,,,,,,,,,,,,,,,,,,COASTAL ESTUARY SERVICES LLC,water pooling due to animal disturbance; 10 and 30 cm clogged due to heavy organics,29.42031296,-91.27904890
CRMS6304-P03,,4/2/2018,10:15,CST,1.59,GEOID12A,,0.328,,,,,,,23.50,280.00,0.10,,,,,,,,,,,,,,,,,,,,COASTAL ESTUARY SERVICES LLC,,29.42031296,-91.27904890
CRMS6304-P03,,4/2/2018,10:15,CST,1.59,GEOID12A,,0.984,,,,,,,22.50,240.00,0.10,,,,,,,,,,,,,,,,,,,,COASTAL ESTUARY SERVICES LLC,,29.42031296,-91.27904890
CRMS6304-P03,,5/16/2018,12:20,CST,1.17,GEOID12A,,0.328,,,,,,,,,,,,,,,,,,,,,,,,,,,,,COASTAL ESTUARY SERVICES LLC,Depth of water on marsh=0.2ft; 10cm and 30cm clogged with organics.,29.42031296,-91.27904890
CRMS6304-P03,,5/16/2018,12:20,CST,1.17,GEOID12A,,0.984,,,,,,,,,,,,,,,,,,,,,,,,,,,,,COASTAL ESTUARY SERVICES LLC,Depth of water on marsh=0.2ft; 10cm and 30cm clogged with organics.,29.42031296,-91.27904890
CRMS6304-P03,,6/19/2018,10:18,CST,1.54,GEOID12A,,0.328,,,,,,,28.80,760.00,0.40,,,,,,,,,,,,,,,,,,,,COASTAL ESTUARY SERVICES LLC,Depth of water on marsh=0.3ft,29.42031296,-91.27904890
CRMS6304-P03,,6/19/2018,10:18,CST,1.54,GEOID12A,,0.984,,,,,,,,,,,,,,,,,,,,,,,,,,,,,COASTAL ESTUARY SERVICES LLC,Depth of water on marsh=0.3ft; 30cm clogged with clay,29.42031296,-91.27904890
CRMS6304-P03,,7/23/2018,11:10,CST,,,,0.328,,,,,,,,,,,,,,,,,,,,,,,,,,,,,COASTAL ESTUARY SERVICES LLC,dry; Depth of water on marsh: 0,29.42031296,-91.27904890
CRMS6304-P03,,7/23/2018,11:10,CST,,,,0.984,,,,,,,,,,,,,,,,,,,,,,,,,,,,,COASTAL ESTUARY SERVICES LLC,dry,29.42031296,-91.27904890
CRMS6304-P03,,8/23/2018,11:53,CST,1.00,GEOID12A,,0.328,,,,,,,30.40,730.00,0.40,,,,,,,,,,,,,,,,,,,,COASTAL ESTUARY SERVICES LLC,Depth of water on marsh= 0.3,29.42031296,-91.27904890
CRMS6304-P03,,8/23/2018,11:53,CST,1.00,GEOID12A,,0.984,,,,,,,,,,,,,,,,,,,,,,,,,,,,,COASTAL ESTUARY SERVICES LLC,Depth of water on marsh= 0.3; 30 cm clogged with organics,29.42031296,-91.27904890
CRMS6304-P03,,10/22/2018,10:00,CST,0.87,GEOID12A,,0.328,,,,,,,20.70,500.00,0.20,,,,,,,,,,,,,,,,,,,,COASTAL ESTUARY SERVICES LLC,,29.42031296,-91.27904890
CRMS6304-P03,,10/22/2018,10:00,CST,0.87,GEOID12A,,0.984,,,,,,,,,,,,,,,,,,,,,,,,,,,,,COASTAL ESTUARY SERVICES LLC,clogged with thick mud; Depth of water on marsh = 0.38 ft.,29.42031296,-91.27904890
CRMS6304-P03,,12/3/2018,12:55,CST,1.27,GEOID12A,,0.328,,,,,,,16.10,432.00,0.20,,,,,,,,,,,,,,,,,,,,COASTAL ESTUARY SERVICES LLC,Depth of water on marsh= 0.1,29.42031296,-91.27904890
CRMS6304-P03,,12/3/2018,12:55,CST,1.27,GEOID12A,,0.984,,,,,,,16.50,659.00,0.30,,,,,,,,,,,,,,,,,,,,COASTAL ESTUARY SERVICES LLC,Depth of water on marsh= 0.1,29.42031296,-91.27904890
CRMS6304-P03,,2/15/2019,11:25,CST,1.35,GEOID12A,,0.328,,,,,,,,,,,,,,,,,,,,,,,,,,,,,COASTAL ESTUARY SERVICES LLC,Depth of water on marsh= 0.33 ft; clogged with organics,29.42031296,-91.27904890
CRMS6304-P03,,2/15/2019,11:25,CST,1.35,GEOID12A,,0.984,,,,,,,18.10,1150.00,0.60,,,,,,,,,,,,,,,,,,,,COASTAL ESTUARY SERVICES LLC,Depth of water on marsh= 0.33 ft,29.42031296,-91.27904890
CRMS6304-P03,,3/28/2019,10:40,CST,1.74,GEOID12A,,0.328,,,,,,,18.80,284.00,0.10,,,,,,,,,,,,,,,,,,,,COASTAL ESTUARY SERVICES LLC,Depth of water on marsh= 0.3 ft,29.42031296,-91.27904890
CRMS6304-P03,,3/28/2019,10:40,CST,1.74,GEOID12A,,0.984,,,,,,,,,,,,,,,,,,,,,,,,,,,,,COASTAL ESTUARY SERVICES LLC,Depth of water on marsh= 0.3 ft; 30 cm clogged with organics.,29.42031296,-91.27904890
CRMS6304-P03,,4/30/2019,09:45,CST,1.60,GEOID12A,,0.328,,,,,,,,,,,,,,,,,,,,,,,,,,,,,COASTAL ESTUARY SERVICES LLC,Depth of water on marsh= 0.4 ft; all clogged with organics,29.42031296,-91.27904890
CRMS6304-P03,,4/30/2019,09:45,CST,1.60,GEOID12A,,0.984,,,,,,,,,,,,,,,,,,,,,,,,,,,,,COASTAL ESTUARY SERVICES LLC,Depth of water on marsh= 0.4 ft; all clogged with organics,29.42031296,-91.27904890
CRMS6304-P03,,6/26/2019,09:40,CST,2.08,GEOID12A,,0.328,,,,,,,,,,,,,,,,,,,,,,,,,,,,,COASTAL ESTUARY SERVICES LLC,Depth of water on marsh= 0.8 ft; 10cm clogged with organics,29.42031296,-91.27904890
CRMS6304-P03,,6/26/2019,09:40,CST,2.08,GEOID12A,,0.984,,,,,,,28.10,1062.00,0.50,,,,,,,,,,,,,,,,,,,,COASTAL ESTUARY SERVICES LLC,Depth of water on marsh= 0.8 ft; 10cm clogged with organics,29.42031296,-91.27904890
CRMS6304-P03,,7/17/2019,09:33,CST,2.14,GEOID12A,,0.328,,,,,,,29.70,4107.00,2.20,,,,,,,,,,,,,,,,,,,,COASTAL ESTUARY SERVICES LLC,Depth of water on marsh=0.54,29.42031296,-91.27904890
CRMS6304-P03,,7/17/2019,09:33,CST,2.14,GEOID12A,,0.984,,,,,,,,,,,,,,,,,,,,,,,,,,,,,COASTAL ESTUARY SERVICES LLC,Depth of water on marsh=0.54; clogged with organics,29.42031296,-91.27904890
CRMS6304-P03,,9/30/2019,10:20,CST,1.79,GEOID12A,,0.328,,,,,,,32.00,1332.00,0.70,,,,,,,,,,,,,,,,,,,,COASTAL ESTUARY SERVICES LLC,Depth of water on marsh= 0.7 ft; Sample has high mud content ,29.42031296,-91.27904890
CRMS6304-P03,,9/30/2019,10:20,CST,1.79,GEOID12A,,0.984,,,,,,,,,,,,,,,,,,,,,,,,,,,,,COASTAL ESTUARY SERVICES LLC,Depth of water on marsh= 0.7 ft; clogged with organics,29.42031296,-91.27904890
CRMS6304-P03,,11/11/2019,10:30,CST,0.68,GEOID12A,,0.328,,,,,,,,,,,,,,,,,,,,,,,,,,,,,COASTAL ESTUARY SERVICES LLC,Depth of water on marsh= 0.01 ft; clogged with clay,29.42031296,-91.27904890
CRMS6304-P03,,11/11/2019,10:30,CST,0.68,GEOID12A,,0.984,,,,,,,,,,,,,,,,,,,,,,,,,,,,,COASTAL ESTUARY SERVICES LLC,Depth of water on marsh= 0.01 ft; clogged with clay,29.42031296,-91.27904890
CRMS6304-P03,,12/19/2019,11:21,CST,0.47,GEOID12A,,0.328,,,,,,,,,,,,,,,,,,,,,,,,,,,,,COASTAL ESTUARY SERVICES LLC,Depth of water on marsh (ft) = 0ft; Dry soils,29.42031296,-91.27904890
CRMS6304-P03,,12/19/2019,11:21,CST,0.47,GEOID12A,,0.984,,,,,,,,,,,,,,,,,,,,,,,,,,,,,COASTAL ESTUARY SERVICES LLC,Depth of water on marsh (ft) = 0ft; Dry soils,29.42031296,-91.27904890
CRMS6304-P03,,3/20/2020,11:32,CST,1.54,GEOID12A,,0.328,,,,,,,,,,,,,,,,,,,,,,,,,,,,,COASTAL ESTUARY SERVICES LLC,Depth of water on marsh: 0.1 ft.  clogged,29.42031296,-91.27904890
CRMS6304-P03,,3/20/2020,11:32,CST,1.54,GEOID12A,,0.984,,,,,,,,,,,,,,,,,,,,,,,,,,,,,COASTAL ESTUARY SERVICES LLC,Depth of water on marsh: 0.1 ft.  clogged,29.42031296,-91.27904890
CRMS6304-P03,,5/11/2020,09:45,CST,1.79,GEOID12A,,0.328,,,,,,,,,,,,,,,,,,,,,,,,,,,,,COASTAL ESTUARY SERVICES LLC,clogged with organics; Water depth on marsh: 0.3 ft,29.42031296,-91.27904890
CRMS6304-P03,,5/11/2020,09:45,CST,1.79,GEOID12A,,0.984,,,,,,,,,,,,,,,,,,,,,,,,,,,,,COASTAL ESTUARY SERVICES LLC,clogged with organics; Water depth on marsh: 0.3 ft,29.42031296,-91.27904890
CRMS6304-P03,,6/26/2020,10:30,CST,2.00,GEOID12A,,0.328,,,,,,,,,,,,,,,,,,,,,,,,,,,,,COASTAL ESTUARY SERVICES LLC,clog with organics; Water depth on marsh: 0.3 ft,29.42031296,-91.27904890
CRMS6304-P03,,6/26/2020,10:30,CST,2.00,GEOID12A,,0.984,,,,,,,,,,,,,,,,,,,,,,,,,,,,,COASTAL ESTUARY SERVICES LLC,clog with organics; Water depth on marsh: 0.3 ft,29.42031296,-91.27904890
CRMS6304-P03,,8/21/2020,11:45,CST,0.75,GEOID12A,,0.328,,,,,,,,,,,,,,,,,,,,,,,,,,,,,COASTAL ESTUARY SERVICES LLC,Dry - Low water,29.42031296,-91.27904890
CRMS6304-P03,,8/21/2020,11:45,CST,0.75,GEOID12A,,0.984,,,,,,,,,,,,,,,,,,,,,,,,,,,,,COASTAL ESTUARY SERVICES LLC,Clogged with clay,29.42031296,-91.27904890
CRMS6304-P03,,10/16/2020,10:30,CST,-0.19,GEOID12A,,0.328,,,,,,,25.30,4249.00,2.30,,,,,,,,,,,,,,,,,,,,COASTAL ESTUARY SERVICES LLC,Depth of water on marsh (ft) = 0.01; water pooling,29.42031296,-91.27904890
CRMS6304-P03,,10/16/2020,10:30,CST,-0.19,GEOID12A,,0.984,,,,,,,,,,,,,,,,,,,,,,,,,,,,,COASTAL ESTUARY SERVICES LLC,Depth of water on marsh (ft) = 0.01; water pooling; 30's clogged with thick silt/sediment,29.42031296,-91.27904890
CRMS6304-P03,,1/28/2021,14:12,CST,,,,0.328,,,,,,,17.10,2131.00,1.10,,,,,,,,,,,,,,,,,,,,COASTAL ESTUARY SERVICES LLC,Marsh Not Flooded,29.42031296,-91.27904890
CRMS6304-P03,,1/28/2021,14:12,CST,,,,0.984,,,,,,,17.70,1902.00,1.00,,,,,,,,,,,,,,,,,,,,COASTAL ESTUARY SERVICES LLC,Marsh Not Flooded,29.42031296,-91.27904890
CRMS6304-P03,,3/3/2021,10:30,CST,0.48,GEOID12A,,0.328,,,,,,,,,,,,,,,,,,,,,,,,,,,,,COASTAL ESTUARY SERVICES LLC,dry pull; Marsh Not Flooded,29.42031296,-91.27904890
CRMS6304-P03,,3/3/2021,10:30,CST,0.48,GEOID12A,,0.984,,,,,,,,,,,,,,,,,,,,,,,,,,,,,COASTAL ESTUARY SERVICES LLC,dry pull; Marsh Not Flooded,29.42031296,-91.27904890
CRMS6304-P03,,5/7/2021,12:38,CST,0.98,GEOID12A,,0.328,,,,,,,,,,,,,,,,,,,,,,,,,,,,,COASTAL ESTUARY SERVICES LLC,clogged with sediment; Marsh Not Flooded,29.42031296,-91.27904890
CRMS6304-P03,,5/7/2021,12:38,CST,0.98,GEOID12A,,0.984,,,,,,,,,,,,,,,,,,,,,,,,,,,,,COASTAL ESTUARY SERVICES LLC,clogged with sediment; Marsh Not Flooded,29.42031296,-91.27904890
CRMS6304-V20,,8/6/2010,10:03,CST,,,,0.328,,,,,,,31.10,1999.00,1.00,,,,,,,,,,,,,,,,,,,,COASTAL ESTUARY SERVICES LLC,,29.42064971,-91.27990988
CRMS6304-V20,,8/6/2010,10:03,CST,,,,0.984,,,,,,,28.40,1904.00,1.00,,,,,,,,,,,,,,,,,,,,COASTAL ESTUARY SERVICES LLC,,29.42064971,-91.27990988
CRMS6304-V20,,9/7/2012,09:08,CST,,,,0.328,,,,,,,29.50,4044.00,2.00,,,,,,,,,,,,,,,,,,,,COASTAL ESTUARY SERVICES LLC,,29.42064971,-91.27990988
CRMS6304-V20,,9/7/2012,09:08,CST,,,,0.984,,,,,,,29.70,3527.00,1.80,,,,,,,,,,,,,,,,,,,,COASTAL ESTUARY SERVICES LLC,,29.42064971,-91.27990988
CRMS6304-V20,,9/26/2014,10:36,CST,,,,0.328,,,,,,,27.40,2723.00,1.40,,,,,,,,,,,,,,,,,,,,COASTAL ESTUARY SERVICES LLC,,29.42064971,-91.27990988
CRMS6304-V20,,9/26/2014,10:36,CST,,,,0.984,,,,,,,26.60,3125.00,1.50,,,,,,,,,,,,,,,,,,,,COASTAL ESTUARY SERVICES LLC,,29.42064971,-91.27990988
CRMS6304-V20,,9/29/2014,10:36,CST,,,,0.328,,,,,,,27.40,2723.00,1.40,,,,,,,,,,,,,,,,,,,,COASTAL ESTUARY SERVICES LLC,,29.42064971,-91.27990988
CRMS6304-V20,,9/29/2014,10:36,CST,,,,0.984,,,,,,,26.60,3125.00,1.50,,,,,,,,,,,,,,,,,,,,COASTAL ESTUARY SERVICES LLC,,29.42064971,-91.27990988
CRMS6304-V20,,7/24/2015,10:05,CST,,          ,,0.328,,,,,,,28.20,1103.00,0.50,,,,,,,,,,,,,,,,,,,,COASTAL ESTUARY SERVICES LLC,,29.42064971,-91.27990988
CRMS6304-V20,,7/24/2015,10:05,CST,,          ,,0.984,,,,,,,27.10,1801.00,0.90,,,,,,,,,,,,,,,,,,,,COASTAL ESTUARY SERVICES LLC,,29.42064971,-91.27990988
CRMS6304-V20,,7/28/2016,08:53,CST,1.19,GEOID12A  ,,0.328,,,,,,,29.40,2701.00,1.40,,,,,,,,,,,,,,,,,,,,COASTAL ESTUARY SERVICES LLC,,29.42064971,-91.27990988
CRMS6304-V20,,7/28/2016,08:53,CST,1.19,GEOID12A  ,,0.984,,,,,,,29.90,2624.00,1.40,,,,,,,,,,,,,,,,,,,,COASTAL ESTUARY SERVICES LLC,,29.42064971,-91.27990988
CRMS6304-V20,,8/23/2017,09:20,CST,,,,0.328,,,,,,,,,,,,,,,,,,,,,,,,,,,,,COASTAL ESTUARY SERVICES LLC,Clogged due to organics,29.42064971,-91.27990988
CRMS6304-V20,,8/23/2017,09:20,CST,,,,0.984,,,,,,,,,,,,,,,,,,,,,,,,,,,,,COASTAL ESTUARY SERVICES LLC,Clogged due to organics,29.42064971,-91.27990988
CRMS6304-V20,,7/23/2018,11:42,CST,,,,0.328,,,,,,,34.00,1682.00,0.30,,,,,,,,,,,,,,,,,,,,COASTAL ESTUARY SERVICES LLC,,29.42064971,-91.27990988
CRMS6304-V20,,7/23/2018,11:42,CST,,,,0.984,,,,,,,,,,,,,,,,,,,,,,,,,,,,,COASTAL ESTUARY SERVICES LLC,clogged,29.42064971,-91.27990988
CRMS6304-V20,,7/17/2019,10:04,CST,2.14,GEOID12A,,0.328,,,,,,,30.10,13890.00,8.00,,,,,,,,,,,,,,,,,,,,COASTAL ESTUARY SERVICES LLC,,29.42064971,-91.27990988
CRMS6304-V20,,7/17/2019,10:04,CST,2.14,GEOID12A,,0.984,,,,,,,32.80,3400.00,1.80,,,,,,,,,,,,,,,,,,,,COASTAL ESTUARY SERVICES LLC,,29.42064971,-91.27990988
CRMS6304-V20,,8/21/2020,10:00,CST,0.75,GEOID12A,,0.328,,,,,,,,,,,,,,,,,,,,,,,,,,,,,COASTAL ESTUARY SERVICES LLC,Dry - Low water,29.42064971,-91.27990988
CRMS6304-V20,,8/21/2020,10:00,CST,0.75,GEOID12A,,0.984,,,,,,,31.10,3251.00,1.70,,,,,,,,,,,,,,,,,,,,COASTAL ESTUARY SERVICES LLC,,29.42064971,-91.27990988
CRMS6304-V33,,8/6/2010,09:48,CST,,,,0.328,,,,,,,33.60,1006.00,0.50,,,,,,,,,,,,,,,,,,,,COASTAL ESTUARY SERVICES LLC,,29.42039726,-91.27962991
CRMS6304-V33,,8/6/2010,09:48,CST,,,,0.984,,,,,,,32.30,1659.00,0.80,,,,,,,,,,,,,,,,,,,,COASTAL ESTUARY SERVICES LLC,,29.42039726,-91.27962991
CRMS6304-V33,,7/19/2011,10:17,CST,1.44,,,0.328,,,,,,,30.20,1694.00,0.80,,,,,,,,,,,,,,,,,,,,COASTAL ESTUARY SERVICES LLC,,29.42039726,-91.27962991
CRMS6304-V33,,7/19/2011,10:17,CST,1.44,,,0.984,,,,,,,29.60,2186.00,1.10,,,,,,,,,,,,,,,,,,,,COASTAL ESTUARY SERVICES LLC,,29.42039726,-91.27962991
CRMS6304-V33,,9/7/2012,08:40,CST,,,,0.328,,,,,,,30.20,2967.00,1.50,,,,,,,,,,,,,,,,,,,,COASTAL ESTUARY SERVICES LLC,,29.42039726,-91.27962991
CRMS6304-V33,,9/7/2012,08:40,CST,,,,0.984,,,,,,,28.80,3444.00,1.80,,,,,,,,,,,,,,,,,,,,COASTAL ESTUARY SERVICES LLC,,29.42039726,-91.27962991
CRMS6304-V33,,9/26/2014,10:50,CST,,,,0.328,,,,,,,27.90,2538.00,1.30,,,,,,,,,,,,,,,,,,,,COASTAL ESTUARY SERVICES LLC,,29.42039726,-91.27962991
CRMS6304-V33,,9/26/2014,10:50,CST,,,,0.984,,,,,,,26.80,3663.00,1.90,,,,,,,,,,,,,,,,,,,,COASTAL ESTUARY SERVICES LLC,,29.42039726,-91.27962991
CRMS6304-V33,,9/29/2014,10:50,CST,,,,0.328,,,,,,,27.90,2538.00,1.30,,,,,,,,,,,,,,,,,,,,COASTAL ESTUARY SERVICES LLC,,29.42039726,-91.27962991
CRMS6304-V33,,9/29/2014,10:50,CST,,,,0.984,,,,,,,26.80,3663.00,1.90,,,,,,,,,,,,,,,,,,,,COASTAL ESTUARY SERVICES LLC,,29.42039726,-91.27962991
CRMS6304-V33,,7/24/2015,10:25,CST,,          ,,0.984,,,,,,,32.80,1833.00,0.90,,,,,,,,,,,,,,,,,,,,COASTAL ESTUARY SERVICES LLC,clogged due to heavy organics,29.42039726,-91.27962991
CRMS6304-V33,,7/28/2016,09:18,CST,1.19,GEOID12A  ,,0.984,,,,,,,30.40,2911.00,1.50,,,,,,,,,,,,,,,,,,,,COASTAL ESTUARY SERVICES LLC,10 cm Clogged with Organics,29.42039726,-91.27962991
CRMS6304-V33,,8/23/2017,10:00,CST,,,,0.328,,,,,,,31.90,768.00,0.40,,,,,,,,,,,,,,,,,,,,COASTAL ESTUARY SERVICES LLC,,29.42039726,-91.27962991
CRMS6304-V33,,8/23/2017,10:00,CST,,,,0.984,,,,,,,31.00,1589.00,0.80,,,,,,,,,,,,,,,,,,,,COASTAL ESTUARY SERVICES LLC,,29.42039726,-91.27962991
CRMS6304-V33,,7/23/2018,11:30,CST,,,,0.328,,,,,,,32.50,1581.00,0.80,,,,,,,,,,,,,,,,,,,,COASTAL ESTUARY SERVICES LLC,,29.42039726,-91.27962991
CRMS6304-V33,,7/23/2018,11:30,CST,,,,0.984,,,,,,,29.80,1596.00,0.80,,,,,,,,,,,,,,,,,,,,COASTAL ESTUARY SERVICES LLC,,29.42039726,-91.27962991
CRMS6304-V33,,7/17/2019,10:25,CST,2.14,GEOID12A,,0.328,,,,,,,33.70,12020.00,6.90,,,,,,,,,,,,,,,,,,,,COASTAL ESTUARY SERVICES LLC,,29.42039726,-91.27962991
CRMS6304-V33,,7/17/2019,10:25,CST,2.14,GEOID12A,,0.984,,,,,,,32.40,7640.00,4.20,,,,,,,,,,,,,,,,,,,,COASTAL ESTUARY SERVICES LLC,,29.42039726,-91.27962991
CRMS6304-V39,,8/6/2010,10:17,CST,,,,0.328,,,,,,,28.10,1998.00,1.00,,,,,,,,,,,,,,,,,,,,COASTAL ESTUARY SERVICES LLC,,29.42028074,-91.27950069
CRMS6304-V39,,8/6/2010,10:17,CST,,,,0.984,,,,,,,29.00,2012.00,1.00,,,,,,,,,,,,,,,,,,,,COASTAL ESTUARY SERVICES LLC,,29.42028074,-91.27950069
CRMS6304-V39,,7/19/2011,10:32,CST,1.44,,,0.328,,,,,,,29.40,1382.00,0.70,,,,,,,,,,,,,,,,,,,,COASTAL ESTUARY SERVICES LLC,,29.42028074,-91.27950069
CRMS6304-V39,,7/19/2011,10:32,CST,1.44,,,0.984,,,,,,,29.90,1624.00,0.80,,,,,,,,,,,,,,,,,,,,COASTAL ESTUARY SERVICES LLC,,29.42028074,-91.27950069
CRMS6304-V39,,9/7/2012,08:55,CST,,,,0.328,,,,,,,29.70,3229.00,1.70,,,,,,,,,,,,,,,,,,,,COASTAL ESTUARY SERVICES LLC,,29.42028074,-91.27950069
CRMS6304-V39,,9/7/2012,08:55,CST,,,,0.984,,,,,,,29.10,3075.00,1.60,,,,,,,,,,,,,,,,,,,,COASTAL ESTUARY SERVICES LLC,,29.42028074,-91.27950069
CRMS6304-V39,,8/1/2013,10:26,CST,1.50,,,0.328,,,,,,,34.90,883.00,0.40,,,,,,,,,,,,,,,,,,,,COASTAL ESTUARY SERVICES LLC,,29.42028074,-91.27950069
CRMS6304-V39,,8/1/2013,10:26,CST,1.50,,,0.984,,,,,,,32.60,2640.00,1.30,,,,,,,,,,,,,,,,,,,,COASTAL ESTUARY SERVICES LLC,,29.42028074,-91.27950069
CRMS6304-V39,,9/26/2014,11:02,CST,,,,0.328,,,,,,,27.60,3351.00,1.70,,,,,,,,,,,,,,,,,,,,COASTAL ESTUARY SERVICES LLC,,29.42028074,-91.27950069
CRMS6304-V39,,9/26/2014,11:02,CST,,,,0.984,,,,,,,26.90,3983.00,2.10,,,,,,,,,,,,,,,,,,,,COASTAL ESTUARY SERVICES LLC,,29.42028074,-91.27950069
CRMS6304-V39,,9/29/2014,11:02,CST,,,,0.328,,,,,,,27.60,3351.00,1.70,,,,,,,,,,,,,,,,,,,,COASTAL ESTUARY SERVICES LLC,,29.42028074,-91.27950069
CRMS6304-V39,,9/29/2014,11:02,CST,,,,0.984,,,,,,,26.90,3983.00,2.10,,,,,,,,,,,,,,,,,,,,COASTAL ESTUARY SERVICES LLC,,29.42028074,-91.27950069
CRMS6304-V39,,7/24/2015,10:50,CST,,          ,,0.328,,,,,,,35.50,1281.00,0.60,,,,,,,,,,,,,,,,,,,,COASTAL ESTUARY SERVICES LLC,,29.42028074,-91.27950069
CRMS6304-V39,,7/24/2015,10:50,CST,,          ,,0.984,,,,,,,32.30,1900.00,0.10,,,,,,,,,,,,,,,,,,,,COASTAL ESTUARY SERVICES LLC,,29.42028074,-91.27950069
CRMS6304-V39,,7/28/2016,09:35,CST,1.19,GEOID12A  ,,0.984,,,,,,,30.50,3261.00,1.70,,,,,,,,,,,,,,,,,,,,COASTAL ESTUARY SERVICES LLC,10 cm Clogged with Organics,29.42028074,-91.27950069
CRMS6304-V39,,8/23/2017,10:20,CST,,,,0.328,,,,,,,,,,,,,,,,,,,,,,,,,,,,,COASTAL ESTUARY SERVICES LLC,Clogged due to organics,29.42028074,-91.27950069
CRMS6304-V39,,8/23/2017,10:20,CST,,,,0.984,,,,,,,32.30,1679.00,0.80,,,,,,,,,,,,,,,,,,,,COASTAL ESTUARY SERVICES LLC,,29.42028074,-91.27950069
CRMS6304-V39,,7/23/2018,11:18,CST,,,,0.328,,,,,,,33.10,909.00,0.40,,,,,,,,,,,,,,,,,,,,COASTAL ESTUARY SERVICES LLC,,29.42028074,-91.27950069
CRMS6304-V39,,7/23/2018,11:18,CST,,,,0.984,,,,,,,31.00,1421.00,0.70,,,,,,,,,,,,,,,,,,,,COASTAL ESTUARY SERVICES LLC,,29.42028074,-91.27950069
CRMS6304-V39,,7/17/2019,10:54,CST,2.14,GEOID12A,,0.328,,,,,,,33.10,3108.00,1.60,,,,,,,,,,,,,,,,,,,,COASTAL ESTUARY SERVICES LLC,,29.42028074,-91.27950069
CRMS6304-V39,,7/17/2019,10:54,CST,2.14,GEOID12A,,0.984,,,,,,,32.70,8200.00,4.50,,,,,,,,,,,,,,,,,,,,COASTAL ESTUARY SERVICES LLC,,29.42028074,-91.27950069
CRMS6304-V39,,8/21/2020,10:15,CST,0.75,GEOID12A,,0.328,,,,,,,,,,,,,,,,,,,,,,,,,,,,,COASTAL ESTUARY SERVICES LLC,Dry - Low water,29.42028074,-91.27950069
CRMS6304-V39,,8/21/2020,10:15,CST,0.75,GEOID12A,,0.984,,,,,,,,,,,,,,,,,,,,,,,,,,,,,COASTAL ESTUARY SERVICES LLC,Clogged with clay,29.42028074,-91.27950069
CRMS6304-V52,,8/6/2010,12:32,CST,,,,0.328,,,,,,,33.00,3075.00,1.60,,,,,,,,,,,,,,,,,,,,COASTAL ESTUARY SERVICES LLC,,29.42002829,-91.27922073
CRMS6304-V52,,8/6/2010,12:32,CST,,,,0.984,,,,,,,31.90,3888.00,2.00,,,,,,,,,,,,,,,,,,,,COASTAL ESTUARY SERVICES LLC,,29.42002829,-91.27922073
CRMS6304-V52,,7/19/2011,10:47,CST,1.44,,,0.328,,,,,,,28.80,2811.00,1.40,,,,,,,,,,,,,,,,,,,,COASTAL ESTUARY SERVICES LLC,,29.42002829,-91.27922073
CRMS6304-V52,,7/19/2011,10:47,CST,1.44,,,0.984,,,,,,,27.30,3237.00,1.70,,,,,,,,,,,,,,,,,,,,COASTAL ESTUARY SERVICES LLC,,29.42002829,-91.27922073
CRMS6304-V52,,9/7/2012,09:25,CST,,,,0.328,,,,,,,32.80,2832.00,1.50,,,,,,,,,,,,,,,,,,,,COASTAL ESTUARY SERVICES LLC,,29.42002829,-91.27922073
CRMS6304-V52,,9/7/2012,09:25,CST,,,,0.984,,,,,,,31.10,2988.00,1.50,,,,,,,,,,,,,,,,,,,,COASTAL ESTUARY SERVICES LLC,,29.42002829,-91.27922073
CRMS6304-V52,,8/1/2013,10:03,CST,1.50,,,0.328,,,,,,,29.70,1168.00,0.60,,,,,,,,,,,,,,,,,,,,COASTAL ESTUARY SERVICES LLC,,29.42002829,-91.27922073
CRMS6304-V52,,8/1/2013,10:03,CST,1.50,,,0.984,,,,,,,29.60,2840.00,1.50,,,,,,,,,,,,,,,,,,,,COASTAL ESTUARY SERVICES LLC,,29.42002829,-91.27922073
CRMS6304-V52,,9/26/2014,11:13,CST,,,,0.328,,,,,,,28.10,2387.00,1.20,,,,,,,,,,,,,,,,,,,,COASTAL ESTUARY SERVICES LLC,,29.42002829,-91.27922073
CRMS6304-V52,,9/26/2014,11:13,CST,,,,0.984,,,,,,,27.90,3089.00,1.60,,,,,,,,,,,,,,,,,,,,COASTAL ESTUARY SERVICES LLC,,29.42002829,-91.27922073
CRMS6304-V52,,9/29/2014,11:13,CST,,,,0.328,,,,,,,28.10,2387.00,1.20,,,,,,,,,,,,,,,,,,,,COASTAL ESTUARY SERVICES LLC,,29.42002829,-91.27922073
CRMS6304-V52,,9/29/2014,11:13,CST,,,,0.984,,,,,,,27.90,3089.00,1.60,,,,,,,,,,,,,,,,,,,,COASTAL ESTUARY SERVICES LLC,,29.42002829,-91.27922073
CRMS6304-V52,,7/24/2015,11:06,CST,,          ,,0.328,,,,,,,34.50,1758.00,0.90,,,,,,,,,,,,,,,,,,,,COASTAL ESTUARY SERVICES LLC,,29.42002829,-91.27922073
CRMS6304-V52,,7/24/2015,11:06,CST,,          ,,0.984,,,,,,,32.40,3060.00,1.60,,,,,,,,,,,,,,,,,,,,COASTAL ESTUARY SERVICES LLC,,29.42002829,-91.27922073
CRMS6304-V52,,8/23/2017,10:40,CST,,,,0.328,,,,,,,,,,,,,,,,,,,,,,,,,,,,,COASTAL ESTUARY SERVICES LLC,Clogged due to organics,29.42002829,-91.27922073
CRMS6304-V52,,8/23/2017,10:40,CST,,,,0.984,,,,,,,,,,,,,,,,,,,,,,,,,,,,,COASTAL ESTUARY SERVICES LLC,Clogged due to organics,29.42002829,-91.27922073
CRMS6304-V52,,7/23/2018,11:04,CST,,,,0.328,,,,,,,32.80,671.00,0.30,,,,,,,,,,,,,,,,,,,,COASTAL ESTUARY SERVICES LLC,,29.42002829,-91.27922073
CRMS6304-V52,,7/23/2018,11:04,CST,,,,0.984,,,,,,,30.90,1044.00,0.50,,,,,,,,,,,,,,,,,,,,COASTAL ESTUARY SERVICES LLC,,29.42002829,-91.27922073
CRMS6304-V52,,7/17/2019,11:04,CST,2.14,GEOID12A,,0.328,,,,,,,31.90,11950.00,6.80,,,,,,,,,,,,,,,,,,,,COASTAL ESTUARY SERVICES LLC,,29.42002829,-91.27922073
CRMS6304-V52,,7/17/2019,11:04,CST,2.14,GEOID12A,,0.984,,,,,,,32.80,12540.00,7.10,,,,,,,,,,,,,,,,,,,,COASTAL ESTUARY SERVICES LLC,,29.42002829,-91.27922073
CRMS6304-V52,,8/21/2020,10:30,CST,0.75,GEOID12A,,0.328,,,,,,,,,,,,,,,,,,,,,,,,,,,,,COASTAL ESTUARY SERVICES LLC,Dry - Low water,29.42002829,-91.27922073
CRMS6304-V52,,8/21/2020,10:30,CST,0.75,GEOID12A,,0.984,,,,,,,,,,,,,,,,,,,,,,,,,,,,,COASTAL ESTUARY SERVICES LLC,Clogged with clay,29.42002829,-91.27922073
CRMS6304-V66,,8/6/2010,10:38,CST,,,,0.328,,,,,,,32.40,2403.00,1.20,,,,,,,,,,,,,,,,,,,,COASTAL ESTUARY SERVICES LLC,,29.41975642,-91.27891922
CRMS6304-V66,,8/6/2010,10:38,CST,,,,0.984,,,,,,,31.10,2645.00,1.40,,,,,,,,,,,,,,,,,,,,COASTAL ESTUARY SERVICES LLC,,29.41975642,-91.27891922
CRMS6304-V66,,7/19/2011,11:04,CST,1.44,,,0.328,,,,,,,30.10,2387.00,1.20,,,,,,,,,,,,,,,,,,,,COASTAL ESTUARY SERVICES LLC,,29.41975642,-91.27891922
CRMS6304-V66,,7/19/2011,11:04,CST,1.44,,,0.984,,,,,,,30.60,3275.00,1.70,,,,,,,,,,,,,,,,,,,,COASTAL ESTUARY SERVICES LLC,,29.41975642,-91.27891922
CRMS6304-V66,,9/7/2012,09:40,CST,,,,0.328,,,,,,,33.50,2852.00,1.50,,,,,,,,,,,,,,,,,,,,COASTAL ESTUARY SERVICES LLC,,29.41975642,-91.27891922
CRMS6304-V66,,9/7/2012,09:40,CST,,,,0.984,,,,,,,33.00,2918.00,1.50,,,,,,,,,,,,,,,,,,,,COASTAL ESTUARY SERVICES LLC,,29.41975642,-91.27891922
CRMS6304-V66,,8/1/2013,09:47,CST,1.50,,,0.328,,,,,,,30.30,861.00,0.40,,,,,,,,,,,,,,,,,,,,COASTAL ESTUARY SERVICES LLC,,29.41975642,-91.27891922
CRMS6304-V66,,8/1/2013,09:47,CST,1.50,,,0.984,,,,,,,29.60,3188.00,1.70,,,,,,,,,,,,,,,,,,,,COASTAL ESTUARY SERVICES LLC,,29.41975642,-91.27891922
CRMS6304-V66,,9/26/2014,11:24,CST,,,,,,,,,,,,,,,,,,,,,,,,,,,,,,,,,COASTAL ESTUARY SERVICES LLC,Clogged,29.41975642,-91.27891922
CRMS6304-V66,,9/29/2014,11:24,CST,,,,,,,,,,,,,,,,,,,,,,,,,,,,,,,,,COASTAL ESTUARY SERVICES LLC,Clogged,29.41975642,-91.27891922
CRMS6304-V66,,7/24/2015,11:23,CST,,          ,,0.328,,,,,,,34.10,1561.00,0.80,,,,,,,,,,,,,,,,,,,,COASTAL ESTUARY SERVICES LLC,,29.41975642,-91.27891922
CRMS6304-V66,,7/24/2015,11:23,CST,,          ,,0.984,,,,,,,34.80,980.00,0.50,,,,,,,,,,,,,,,,,,,,COASTAL ESTUARY SERVICES LLC,,29.41975642,-91.27891922
CRMS6304-V66,,7/28/2016,10:21,CST,1.19,GEOID12A  ,,0.328,,,,,,,31.10,1551.00,0.70,,,,,,,,,,,,,,,,,,,,COASTAL ESTUARY SERVICES LLC,,29.41975642,-91.27891922
CRMS6304-V66,,7/28/2016,10:21,CST,1.19,GEOID12A  ,,0.984,,,,,,,33.00,1448.00,0.70,,,,,,,,,,,,,,,,,,,,COASTAL ESTUARY SERVICES LLC,,29.41975642,-91.27891922
CRMS6304-V66,,8/23/2017,11:15,CST,,,,0.328,,,,,,,29.60,4200.00,2.20,,,,,,,,,,,,,,,,,,,,COASTAL ESTUARY SERVICES LLC,,29.41975642,-91.27891922
CRMS6304-V66,,8/23/2017,11:15,CST,,,,0.984,,,,,,,,,,,,,,,,,,,,,,,,,,,,,COASTAL ESTUARY SERVICES LLC,Clogged due to organics,29.41975642,-91.27891922
CRMS6304-V66,,7/23/2018,10:35,CST,,,,0.328,,,,,,,,,,,,,,,,,,,,,,,,,,,,,COASTAL ESTUARY SERVICES LLC,clogged,29.41975642,-91.27891922
CRMS6304-V66,,7/23/2018,10:35,CST,,,,0.984,,,,,,,,,,,,,,,,,,,,,,,,,,,,,COASTAL ESTUARY SERVICES LLC,clogged,29.41975642,-91.27891922
CRMS6304-V66,,7/17/2019,11:14,CST,2.14,GEOID12A,,0.328,,,,,,,32.70,12270.00,6.90,,,,,,,,,,,,,,,,,,,,COASTAL ESTUARY SERVICES LLC,,29.41975642,-91.27891922
CRMS6304-V66,,7/17/2019,11:14,CST,2.14,GEOID12A,,0.984,,,,,,,,,,,,,,,,,,,,,,,,,,,,,COASTAL ESTUARY SERVICES LLC,clogged with organics,29.41975642,-91.27891922
CRMS6304-V66,,8/21/2020,10:40,CST,0.75,GEOID12A,,0.328,,,,,,,,,,,,,,,,,,,,,,,,,,,,,COASTAL ESTUARY SERVICES LLC,Dry - Low water,29.41975642,-91.27891922
CRMS6304-V66,,8/21/2020,10:40,CST,0.75,GEOID12A,,0.984,,,,,,,,,,,,,,,,,,,,,,,,,,,,,COASTAL ESTUARY SERVICES LLC,Clogged with clay,29.41975642,-91.27891922
CRMS6304-V70,,8/6/2010,11:09,CST,,,,0.328,,,,,,,32.20,3375.00,1.70,,,,,,,,,,,,,,,,,,,,COASTAL ESTUARY SERVICES LLC,,29.41967874,-91.27883308
CRMS6304-V70,,8/6/2010,11:09,CST,,,,0.984,,,,,,,31.50,3919.00,2.10,,,,,,,,,,,,,,,,,,,,COASTAL ESTUARY SERVICES LLC,,29.41967874,-91.27883308
CRMS6304-V70,,7/19/2011,11:30,CST,1.44,,,0.328,,,,,,,31.00,3613.00,1.90,,,,,,,,,,,,,,,,,,,,COASTAL ESTUARY SERVICES LLC,,29.41967874,-91.27883308
CRMS6304-V70,,9/7/2012,10:10,CST,,,,0.328,,,,,,,34.80,3945.00,1.70,,,,,,,,,,,,,,,,,,,,COASTAL ESTUARY SERVICES LLC,,29.41967874,-91.27883308
CRMS6304-V70,,9/7/2012,10:10,CST,,,,0.984,,,,,,,34.50,3448.00,1.80,,,,,,,,,,,,,,,,,,,,COASTAL ESTUARY SERVICES LLC,,29.41967874,-91.27883308
CRMS6304-V70,,9/26/2014,11:32,CST,,,,,,,,,,,,,,,,,,,,,,,,,,,,,,,,,COASTAL ESTUARY SERVICES LLC,Clogged,29.41967874,-91.27883308
CRMS6304-V70,,7/24/2015,11:37,CST,,          ,,,,,,,,,,,,,,,,,,,,,,,,,,,,,,,COASTAL ESTUARY SERVICES LLC,clogged due to heavy organics,29.41967874,-91.27883308
CRMS6304-V70,,8/23/2017,11:20,CST,,,,0.328,,,,,,,,,,,,,,,,,,,,,,,,,,,,,COASTAL ESTUARY SERVICES LLC,Clogged due to organics,29.41967874,-91.27883308
CRMS6304-V70,,8/23/2017,11:20,CST,,,,0.984,,,,,,,30.30,4650.00,2.50,,,,,,,,,,,,,,,,,,,,COASTAL ESTUARY SERVICES LLC,,29.41967874,-91.27883308
CRMS6304-V70,,7/23/2018,10:17,CST,,,,0.328,,,,,,,32.60,1852.00,0.90,,,,,,,,,,,,,,,,,,,,COASTAL ESTUARY SERVICES LLC,,29.41967874,-91.27883308
CRMS6304-V70,,7/23/2018,10:17,CST,,,,0.984,,,,,,,32.90,2282.00,1.20,,,,,,,,,,,,,,,,,,,,COASTAL ESTUARY SERVICES LLC,,29.41967874,-91.27883308
CRMS6304-V70,,7/17/2019,11:25,CST,2.14,GEOID12A,,0.328,,,,,,,34.90,5700.00,3.00,,,,,,,,,,,,,,,,,,,,COASTAL ESTUARY SERVICES LLC,,29.41967874,-91.27883308
CRMS6304-V70,,7/17/2019,11:25,CST,2.14,GEOID12A,,0.984,,,,,,,32.50,3250.00,1.70,,,,,,,,,,,,,,,,,,,,COASTAL ESTUARY SERVICES LLC,,29.41967874,-91.27883308
CRMS6304-V70,,8/21/2020,10:55,CST,0.75,GEOID12A,,0.328,,,,,,,,,,,,,,,,,,,,,,,,,,,,,COASTAL ESTUARY SERVICES LLC,Dry - Low water,29.41967874,-91.27883308
CRMS6304-V70,,8/21/2020,10:55,CST,0.75,GEOID12A,,0.984,,,,,,,29.70,2881.00,1.50,,,,,,,,,,,,,,,,,,,,COASTAL ESTUARY SERVICES LLC,,29.41967874,-91.27883308
CRMS6304-V73,,8/6/2010,11:26,CST,,,,0.328,,,,,,,36.90,4253.00,2.20,,,,,,,,,,,,,,,,,,,,COASTAL ESTUARY SERVICES LLC,,29.41962048,-91.27876847
CRMS6304-V73,,8/6/2010,11:26,CST,,,,0.984,,,,,,,33.90,5830.00,3.10,,,,,,,,,,,,,,,,,,,,COASTAL ESTUARY SERVICES LLC,,29.41962048,-91.27876847
CRMS6304-V73,,7/19/2011,11:54,CST,1.44,,,0.328,,,,,,,29.40,1271.00,0.60,,,,,,,,,,,,,,,,,,,,COASTAL ESTUARY SERVICES LLC,,29.41962048,-91.27876847
CRMS6304-V73,,7/19/2011,11:54,CST,1.44,,,0.984,,,,,,,27.90,2869.00,1.50,,,,,,,,,,,,,,,,,,,,COASTAL ESTUARY SERVICES LLC,,29.41962048,-91.27876847
CRMS6304-V73,,9/7/2012,10:45,CST,,,,0.328,,,,,,,32.70,3385.00,1.80,,,,,,,,,,,,,,,,,,,,COASTAL ESTUARY SERVICES LLC,,29.41962048,-91.27876847
CRMS6304-V73,,9/7/2012,10:45,CST,,,,0.984,,,,,,,31.70,3710.00,1.90,,,,,,,,,,,,,,,,,,,,COASTAL ESTUARY SERVICES LLC,,29.41962048,-91.27876847
CRMS6304-V73,,9/26/2014,11:22,CST,,,,0.328,,,,,,,28.00,1882.00,0.90,,,,,,,,,,,,,,,,,,,,COASTAL ESTUARY SERVICES LLC,,29.41962048,-91.27876847
CRMS6304-V73,,9/26/2014,11:22,CST,,,,0.984,,,,,,,27.80,3552.00,1.90,,,,,,,,,,,,,,,,,,,,COASTAL ESTUARY SERVICES LLC,,29.41962048,-91.27876847
CRMS6304-V73,,7/24/2015,11:59,CST,,          ,,0.984,,,,,,,33.10,3023.00,1.50,,,,,,,,,,,,,,,,,,,,COASTAL ESTUARY SERVICES LLC,,29.41962048,-91.27876847
CRMS6304-V73,,7/28/2016,10:57,CST,1.19,GEOID12A  ,,0.328,,,,,,,33.00,4159.00,2.20,,,,,,,,,,,,,,,,,,,,COASTAL ESTUARY SERVICES LLC,,29.41962048,-91.27876847
CRMS6304-V73,,7/28/2016,10:57,CST,1.19,GEOID12A  ,,0.984,,,,,,,31.30,5000.00,2.70,,,,,,,,,,,,,,,,,,,,COASTAL ESTUARY SERVICES LLC,,29.41962048,-91.27876847
CRMS6304-V73,,8/23/2017,11:50,CST,,,,0.328,,,,,,,,,,,,,,,,,,,,,,,,,,,,,COASTAL ESTUARY SERVICES LLC,Clogged due to organics,29.41962048,-91.27876847
CRMS6304-V73,,8/23/2017,11:50,CST,,,,0.984,,,,,,,,,,,,,,,,,,,,,,,,,,,,,COASTAL ESTUARY SERVICES LLC,Clogged due to organics,29.41962048,-91.27876847
CRMS6304-V73,,7/23/2018,10:04,CST,,,,0.328,,,,,,,31.10,2976.00,1.50,,,,,,,,,,,,,,,,,,,,COASTAL ESTUARY SERVICES LLC,,29.41962048,-91.27876847
CRMS6304-V73,,7/23/2018,10:04,CST,,,,0.984,,,,,,,30.40,3251.00,1.70,,,,,,,,,,,,,,,,,,,,COASTAL ESTUARY SERVICES LLC,,29.41962048,-91.27876847
CRMS6304-V73,,7/17/2019,11:34,CST,2.14,GEOID12A,,0.328,,,,,,,33.30,5890.00,3.20,,,,,,,,,,,,,,,,,,,,COASTAL ESTUARY SERVICES LLC,,29.41962048,-91.27876847
CRMS6304-V73,,7/17/2019,11:34,CST,2.14,GEOID12A,,0.984,,,,,,,33.20,6510.00,3.50,,,,,,,,,,,,,,,,,,,,COASTAL ESTUARY SERVICES LLC,,29.41962048,-91.27876847
CRMS6304-V73,,8/21/2020,11:10,CST,0.75,GEOID12A,,0.328,,,,,,,,,,,,,,,,,,,,,,,,,,,,,COASTAL ESTUARY SERVICES LLC,Clogged with mud and organics,29.41962048,-91.27876847
CRMS6304-V73,,8/21/2020,11:10,CST,0.75,GEOID12A,,0.984,,,,,,,29.90,3112.00,1.60,,,,,,,,,,,,,,,,,,,,COASTAL ESTUARY SERVICES LLC,,29.41962048,-91.27876847
CRMS6304-V76,,8/6/2010,11:42,CST,,,,0.328,,,,,,,31.80,2226.00,1.10,,,,,,,,,,,,,,,,,,,,COASTAL ESTUARY SERVICES LLC,,29.41956222,-91.27870386
CRMS6304-V76,,8/6/2010,11:42,CST,,,,0.984,,,,,,,31.50,2839.00,1.50,,,,,,,,,,,,,,,,,,,,COASTAL ESTUARY SERVICES LLC,,29.41956222,-91.27870386
CRMS6304-V76,,9/7/2012,11:30,CST,,,,0.328,,,,,,,35.00,3238.00,1.70,,,,,,,,,,,,,,,,,,,,COASTAL ESTUARY SERVICES LLC,,29.41956222,-91.27870386
CRMS6304-V76,,9/7/2012,11:30,CST,,,,0.984,,,,,,,34.50,1268.00,0.60,,,,,,,,,,,,,,,,,,,,COASTAL ESTUARY SERVICES LLC,,29.41956222,-91.27870386
CRMS6304-V76,,9/26/2014,11:12,CST,,,,0.328,,,,,,,26.00,1384.00,0.70,,,,,,,,,,,,,,,,,,,,COASTAL ESTUARY SERVICES LLC,,29.41956222,-91.27870386
CRMS6304-V76,,9/26/2014,11:12,CST,,,,0.984,,,,,,,28.80,3820.00,2.00,,,,,,,,,,,,,,,,,,,,COASTAL ESTUARY SERVICES LLC,,29.41956222,-91.27870386
CRMS6304-V76,,7/24/2015,12:28,CST,,          ,,,,,,,,,,,,,,,,,,,,,,,,,,,,,,,COASTAL ESTUARY SERVICES LLC,clogged due to heavy organics,29.41956222,-91.27870386
CRMS6304-V76,,8/23/2017,12:10,CST,,,,0.328,,,,,,,30.50,923.00,0.50,,,,,,,,,,,,,,,,,,,,COASTAL ESTUARY SERVICES LLC,,29.41956222,-91.27870386
CRMS6304-V76,,8/23/2017,12:10,CST,,,,0.984,,,,,,,28.80,1764.00,0.40,,,,,,,,,,,,,,,,,,,,COASTAL ESTUARY SERVICES LLC,,29.41956222,-91.27870386
CRMS6304-V76,,7/23/2018,09:49,CST,,,,0.328,,,,,,,33.90,1980.00,0.90,,,,,,,,,,,,,,,,,,,,COASTAL ESTUARY SERVICES LLC,,29.41956222,-91.27870386
CRMS6304-V76,,7/23/2018,09:49,CST,,,,0.984,,,,,,,,,,,,,,,,,,,,,,,,,,,,,COASTAL ESTUARY SERVICES LLC,clogged,29.41956222,-91.27870386
CRMS6304-V76,,7/17/2019,11:44,CST,2.14,GEOID12A,,0.328,,,,,,,34.40,6470.00,3.50,,,,,,,,,,,,,,,,,,,,COASTAL ESTUARY SERVICES LLC,,29.41956222,-91.27870386
CRMS6304-V76,,7/17/2019,11:44,CST,2.14,GEOID12A,,0.984,,,,,,,,,,,,,,,,,,,,,,,,,,,,,COASTAL ESTUARY SERVICES LLC,clogged with organics,29.41956222,-91.27870386
CRMS6304-V82,,8/6/2010,12:24,CST,,,,0.328,,,,,,,31.70,3589.00,1.90,,,,,,,,,,,,,,,,,,,,COASTAL ESTUARY SERVICES LLC,,29.41944570,-91.27857465
CRMS6304-V82,,8/6/2010,12:24,CST,,,,0.984,,,,,,,30.70,4252.00,2.20,,,,,,,,,,,,,,,,,,,,COASTAL ESTUARY SERVICES LLC,,29.41944570,-91.27857465
CRMS6304-V82,,7/19/2011,12:35,CST,1.44,,,0.328,,,,,,,29.60,1314.00,0.60,,,,,,,,,,,,,,,,,,,,COASTAL ESTUARY SERVICES LLC,,29.41944570,-91.27857465
CRMS6304-V82,,7/19/2011,12:35,CST,1.44,,,0.984,,,,,,,28.00,2905.00,1.50,,,,,,,,,,,,,,,,,,,,COASTAL ESTUARY SERVICES LLC,,29.41944570,-91.27857465
CRMS6304-V82,,9/7/2012,12:05,CST,,,,0.328,,,,,,,34.10,2265.00,1.10,,,,,,,,,,,,,,,,,,,,COASTAL ESTUARY SERVICES LLC,,29.41944570,-91.27857465
CRMS6304-V82,,9/7/2012,12:05,CST,,,,0.984,,,,,,,33.00,2662.00,1.40,,,,,,,,,,,,,,,,,,,,COASTAL ESTUARY SERVICES LLC,,29.41944570,-91.27857465
CRMS6304-V82,,8/1/2013,07:51,CST,1.50,,,0.328,,,,,,,28.20,692.00,0.30,,,,,,,,,,,,,,,,,,,,COASTAL ESTUARY SERVICES LLC,,29.41944570,-91.27857465
CRMS6304-V82,,8/1/2013,07:51,CST,1.50,,,0.984,,,,,,,27.30,3048.00,1.60,,,,,,,,,,,,,,,,,,,,COASTAL ESTUARY SERVICES LLC,,29.41944570,-91.27857465
CRMS6304-V82,,9/26/2014,10:41,CST,,,,0.328,,,,,,,25.00,830.00,0.40,,,,,,,,,,,,,,,,,,,,COASTAL ESTUARY SERVICES LLC,,29.41944570,-91.27857465
CRMS6304-V82,,9/26/2014,10:41,CST,,,,0.984,,,,,,,25.80,1604.00,0.80,,,,,,,,,,,,,,,,,,,,COASTAL ESTUARY SERVICES LLC,,29.41944570,-91.27857465
CRMS6304-V82,,7/24/2015,01:08,CST,,          ,,0.328,,,,,,,31.00,1104.00,0.50,,,,,,,,,,,,,,,,,,,,COASTAL ESTUARY SERVICES LLC,,29.41944570,-91.27857465
CRMS6304-V82,,7/24/2015,01:08,CST,,          ,,0.984,,,,,,,30.60,1302.00,0.60,,,,,,,,,,,,,,,,,,,,COASTAL ESTUARY SERVICES LLC,,29.41944570,-91.27857465
CRMS6304-V82,,7/28/2016,11:48,CST,1.19,GEOID12A  ,,0.328,,,,,,,31.10,929.00,0.50,,,,,,,,,,,,,,,,,,,,COASTAL ESTUARY SERVICES LLC,30 cm Clogged with Organics,29.41944570,-91.27857465
CRMS6304-V82,,8/23/2017,12:30,CST,,,,0.328,,,,,,,28.70,909.00,0.40,,,,,,,,,,,,,,,,,,,,COASTAL ESTUARY SERVICES LLC,,29.41944570,-91.27857465
CRMS6304-V82,,8/23/2017,12:30,CST,,,,0.984,,,,,,,28.30,1491.00,0.70,,,,,,,,,,,,,,,,,,,,COASTAL ESTUARY SERVICES LLC,,29.41944570,-91.27857465
CRMS6304-V82,,7/23/2018,09:24,CST,,,,0.328,,,,,,,,,,,,,,,,,,,,,,,,,,,,,COASTAL ESTUARY SERVICES LLC,dry,29.41944570,-91.27857465
CRMS6304-V82,,7/23/2018,09:24,CST,,,,0.984,,,,,,,29.30,1829.00,0.90,,,,,,,,,,,,,,,,,,,,COASTAL ESTUARY SERVICES LLC,,29.41944570,-91.27857465
CRMS6304-V82,,7/17/2019,11:52,CST,2.14,GEOID12A,,0.328,,,,,,,32.70,9620.00,5.00,,,,,,,,,,,,,,,,,,,,COASTAL ESTUARY SERVICES LLC,,29.41944570,-91.27857465
CRMS6304-V82,,7/17/2019,11:52,CST,2.14,GEOID12A,,0.984,,,,,,,33.40,11780.00,6.70,,,,,,,,,,,,,,,,,,,,COASTAL ESTUARY SERVICES LLC,,29.41944570,-91.27857465
CRMS6304-V82,,8/21/2020,11:35,CST,0.75,GEOID12A,,0.328,,,,,,,,,,,,,,,,,,,,,,,,,,,,,COASTAL ESTUARY SERVICES LLC,Clogged with mud and organics,29.41944570,-91.27857465
CRMS6304-V82,,8/21/2020,11:35,CST,0.75,GEOID12A,,0.984,,,,,,,29.80,2920.00,1.50,,,,,,,,,,,,,,,,,,,,COASTAL ESTUARY SERVICES LLC,,29.41944570,-91.27857465
CRMS6304-V83,,8/6/2010,11:59,CST,,,,0.328,,,,,,,33.60,2744.00,1.40,,,,,,,,,,,,,,,,,,,,COASTAL ESTUARY SERVICES LLC,,29.41942628,-91.27855311
CRMS6304-V83,,8/6/2010,11:59,CST,,,,0.984,,,,,,,32.70,3748.00,2.00,,,,,,,,,,,,,,,,,,,,COASTAL ESTUARY SERVICES LLC,,29.41942628,-91.27855311
CRMS6304-V83,,7/19/2011,12:29,CST,1.44,,,0.984,,,,,,,28.20,2850.00,1.50,,,,,,,,,,,,,,,,,,,,COASTAL ESTUARY SERVICES LLC,,29.41942628,-91.27855311
CRMS6304-V83,,9/7/2012,12:35,CST,,,,0.328,,,,,,,33.30,2281.00,1.40,,,,,,,,,,,,,,,,,,,,COASTAL ESTUARY SERVICES LLC,,29.41942628,-91.27855311
CRMS6304-V83,,9/7/2012,12:35,CST,,,,0.984,,,,,,,31.20,2221.00,1.10,,,,,,,,,,,,,,,,,,,,COASTAL ESTUARY SERVICES LLC,,29.41942628,-91.27855311
CRMS6304-V83,,8/1/2013,07:39,CST,1.50,,,0.328,,,,,,,31.00,1461.00,0.70,,,,,,,,,,,,,,,,,,,,COASTAL ESTUARY SERVICES LLC,,29.41942628,-91.27855311
CRMS6304-V83,,8/1/2013,07:39,CST,1.50,,,0.984,,,,,,,29.30,1691.00,0.80,,,,,,,,,,,,,,,,,,,,COASTAL ESTUARY SERVICES LLC,,29.41942628,-91.27855311
CRMS6304-V83,,9/26/2014,10:56,CST,,,,0.328,,,,,,,0.50,998.00,27.00,,,,,,,,,,,,,,,,,,,,COASTAL ESTUARY SERVICES LLC,,29.41942628,-91.27855311
CRMS6304-V83,,9/26/2014,10:56,CST,,,,0.984,,,,,,,0.90,1728.00,26.80,,,,,,,,,,,,,,,,,,,,COASTAL ESTUARY SERVICES LLC,,29.41942628,-91.27855311
CRMS6304-V83,,7/24/2015,01:16,CST,,          ,,0.328,,,,,,,30.70,1548.00,0.80,,,,,,,,,,,,,,,,,,,,COASTAL ESTUARY SERVICES LLC,,29.41942628,-91.27855311
CRMS6304-V83,,7/24/2015,01:16,CST,,          ,,0.984,,,,,,,29.20,4538.00,2.40,,,,,,,,,,,,,,,,,,,,COASTAL ESTUARY SERVICES LLC,,29.41942628,-91.27855311
CRMS6304-V83,,7/28/2016,12:05,CST,1.19,GEOID12A  ,,0.328,,,,,,,28.80,796.00,0.40,,,,,,,,,,,,,,,,,,,,COASTAL ESTUARY SERVICES LLC,30 cm Clogged with Organics,29.41942628,-91.27855311
CRMS6304-V83,,8/23/2017,12:40,CST,,,,0.328,,,,,,,,,,,,,,,,,,,,,,,,,,,,,COASTAL ESTUARY SERVICES LLC,Clogged due to organics,29.41942628,-91.27855311
CRMS6304-V83,,8/23/2017,12:40,CST,,,,0.984,,,,,,,,,,,,,,,,,,,,,,,,,,,,,COASTAL ESTUARY SERVICES LLC,Clogged due to organics,29.41942628,-91.27855311
CRMS6304-V83,,7/23/2018,09:08,CST,,,,0.328,,,,,,,,,,,,,,,,,,,,,,,,,,,,,COASTAL ESTUARY SERVICES LLC,dry,29.41942628,-91.27855311
CRMS6304-V83,,7/23/2018,09:08,CST,,,,0.984,,,,,,,29.80,2066.00,1.00,,,,,,,,,,,,,,,,,,,,COASTAL ESTUARY SERVICES LLC,,29.41942628,-91.27855311
CRMS6304-V83,,7/17/2019,12:01,CST,2.14,GEOID12A,,0.328,,,,,,,31.10,15030.00,8.70,,,,,,,,,,,,,,,,,,,,COASTAL ESTUARY SERVICES LLC,,29.41942628,-91.27855311
CRMS6304-V83,,7/17/2019,12:01,CST,2.14,GEOID12A,,0.984,,,,,,,29.80,11040.00,6.20,,,,,,,,,,,,,,,,,,,,COASTAL ESTUARY SERVICES LLC,,29.41942628,-91.27855311

