CPRA Station ID,Original Collector Station ID,Date (mm/dd/yyyy),Time (hh:mm),Time Zone,Staff Gauge (ft),Geoid,Station Depth (ft),Measurement Depth (ft),Water Temperature (�C),Specific Conductance (uS/cm),Salinity (ppt),Dissolved Oxygen (mg/L),pH (pH units),Velocity (ft/sec),Soil Porewater Temperature (�C),Soil Porewater Specific Conductance (uS/cm),Soil Porewater Salinity (ppt),Turbidity (FNU),Chlorophyll a (ug/L),Total Nitrogen (mg/L),Total Kjeldahl Nitrogen (mg/L),Nitrate as N (mg/L),Nitrite as N (mg/L),Nitrate+Nitrite as N (unfiltered; mg/L),Nitrate+Nitrite as N (filtered; mg/L),Ammonium as N (unfiltered; mg/L),Ammonium as N (filtered; mg/L),Total Phosphorus (mg/L),Orthophosphate as P (unfiltered; mg/L),Orthophosphate as P (filtered; mg/L),Silica (unfiltered; mg/L),Silica (filtered; mg/L),Total Suspended Solids (mg/L),Volatile Suspended Solids (mg/L),Secchi (ft),Fecal Coliform (MPN/100ml),Organization Name,Comments,Latitude,Longitude
BA42-V11,,9/7/2018,09:48,CST,,,,0.328,,,,,,,,,,,,,,,,,,,,,,,,,,,,,COASTAL ESTUARY SERVICES LLC,Clogged,29.55344033,-89.82873917
BA42-V11,,9/7/2018,09:48,CST,,,,0.984,,,,,,,,,,,,,,,,,,,,,,,,,,,,,COASTAL ESTUARY SERVICES LLC,Clogged,29.55344033,-89.82873917
BA42-V12,,9/7/2018,10:01,CST,,,,0.328,,,,,,,,,,,,,,,,,,,,,,,,,,,,,COASTAL ESTUARY SERVICES LLC,Clogged,29.55794911,-89.82835067
BA42-V12,,9/7/2018,10:01,CST,,,,0.984,,,,,,,,,,,,,,,,,,,,,,,,,,,,,COASTAL ESTUARY SERVICES LLC,Clogged,29.55794911,-89.82835067
BA42-V13,,9/7/2018,10:15,CST,,,,0.328,,,,,,,,,,,,,,,,,,,,,,,,,,,,,COASTAL ESTUARY SERVICES LLC,Clogged,29.55589336,-89.82271104
BA42-V13,,9/7/2018,10:15,CST,,,,0.984,,,,,,,,,,,,,,,,,,,,,,,,,,,,,COASTAL ESTUARY SERVICES LLC,Clogged,29.55589336,-89.82271104
BA42-V14,,9/7/2018,10:35,CST,,,,0.328,,,,,,,,,,,,,,,,,,,,,,,,,,,,,COASTAL ESTUARY SERVICES LLC,Clogged,29.55424133,-89.81887429
BA42-V14,,9/7/2018,10:35,CST,,,,0.984,,,,,,,,,,,,,,,,,,,,,,,,,,,,,COASTAL ESTUARY SERVICES LLC,Clogged,29.55424133,-89.81887429
BA42-V20,,9/7/2018,11:00,CST,,,,0.328,,,,,,,,,,,,,,,,,,,,,,,,,,,,,COASTAL ESTUARY SERVICES LLC,Clogged,29.55730732,-89.81661209
BA42-V20,,9/7/2018,11:00,CST,,,,0.984,,,,,,,,,,,,,,,,,,,,,,,,,,,,,COASTAL ESTUARY SERVICES LLC,Clogged,29.55730732,-89.81661209

