CPRA Station ID,Original Collector Station ID,Date (mm/dd/yyyy),Time (hh:mm),Time Zone,Staff Gauge (ft),Geoid,Station Depth (ft),Measurement Depth (ft),Water Temperature (�C),Specific Conductance (uS/cm),Salinity (ppt),Dissolved Oxygen (mg/L),pH (pH units),Velocity (ft/sec),Soil Porewater Temperature (�C),Soil Porewater Specific Conductance (uS/cm),Soil Porewater Salinity (ppt),Turbidity (FNU),Chlorophyll a (ug/L),Total Nitrogen (mg/L),Total Kjeldahl Nitrogen (mg/L),Nitrate as N (mg/L),Nitrite as N (mg/L),Nitrate+Nitrite as N (unfiltered; mg/L),Nitrate+Nitrite as N (filtered; mg/L),Ammonium as N (unfiltered; mg/L),Ammonium as N (filtered; mg/L),Total Phosphorus (mg/L),Orthophosphate as P (unfiltered; mg/L),Orthophosphate as P (filtered; mg/L),Silica (unfiltered; mg/L),Silica (filtered; mg/L),Total Suspended Solids (mg/L),Volatile Suspended Solids (mg/L),Secchi (ft),Fecal Coliform (MPN/100ml),Organization Name,Comments,Latitude,Longitude
BA48-V01,,9/7/2016,11:12,CST,,,,0.328,,,,,,,29.20,5720.00,3.10,,,,,,,,,,,,,,,,,,,,COASTAL ESTUARY SERVICES LLC,,29.63167763,-90.04807720
BA48-V01,,9/7/2016,11:12,CST,,,,0.984,,,,,,,30.40,5240.00,2.80,,,,,,,,,,,,,,,,,,,,COASTAL ESTUARY SERVICES LLC,,29.63167763,-90.04807720
BA48-V01,,8/28/2019,08:54,CST,,,,0.328,,,,,,,28.70,6320.00,3.40,,,,,,,,,,,,,,,,,,,,COASTAL ESTUARY SERVICES LLC,,29.63167763,-90.04807720
BA48-V01,,8/28/2019,08:54,CST,,,,0.984,,,,,,,28.00,6870.00,3.70,,,,,,,,,,,,,,,,,,,,COASTAL ESTUARY SERVICES LLC,,29.63167763,-90.04807720
BA48-V02,,9/7/2016,10:13,CST,,,,0.328,,,,,,,31.10,3840.00,2.00,,,,,,,,,,,,,,,,,,,,COASTAL ESTUARY SERVICES LLC,,29.62957176,-90.04815642
BA48-V02,,9/7/2016,10:13,CST,,,,0.984,,,,,,,30.10,7116.00,3.90,,,,,,,,,,,,,,,,,,,,COASTAL ESTUARY SERVICES LLC,,29.62957176,-90.04815642
BA48-V02,,8/28/2019,08:36,CST,,,,0.328,,,,,,,27.30,6036.00,3.30,,,,,,,,,,,,,,,,,,,,COASTAL ESTUARY SERVICES LLC,,29.62957176,-90.04815642
BA48-V02,,8/28/2019,08:36,CST,,,,0.984,,,,,,,27.60,8070.00,4.50,,,,,,,,,,,,,,,,,,,,COASTAL ESTUARY SERVICES LLC,,29.62957176,-90.04815642
BA48-V03,,9/7/2016,09:18,CST,,,,0.328,,,,,,,31.80,5290.00,2.80,,,,,,,,,,,,,,,,,,,,COASTAL ESTUARY SERVICES LLC,,29.62910561,-90.04393097
BA48-V03,,9/7/2016,09:18,CST,,,,0.984,,,,,,,29.10,4245.00,2.20,,,,,,,,,,,,,,,,,,,,COASTAL ESTUARY SERVICES LLC,,29.62910561,-90.04393097
BA48-V03,,8/28/2019,08:16,CST,,,,0.328,,,,,,,28.80,7904.00,4.40,,,,,,,,,,,,,,,,,,,,COASTAL ESTUARY SERVICES LLC,,29.62910561,-90.04393097
BA48-V03,,8/28/2019,08:16,CST,,,,0.984,,,,,,,28.20,6674.00,3.60,,,,,,,,,,,,,,,,,,,,COASTAL ESTUARY SERVICES LLC,,29.62910561,-90.04393097
BA48-V04,,9/7/2016,09:33,CST,,,,0.328,,,,,,,31.80,6420.00,3.50,,,,,,,,,,,,,,,,,,,,COASTAL ESTUARY SERVICES LLC,,29.62688801,-90.04401377
BA48-V04,,9/7/2016,09:33,CST,,,,0.984,,,,,,,29.30,8775.00,4.90,,,,,,,,,,,,,,,,,,,,COASTAL ESTUARY SERVICES LLC,,29.62688801,-90.04401377
BA48-V04,,8/28/2019,09:16,CST,,,,0.328,,,,,,,28.70,6470.00,3.50,,,,,,,,,,,,,,,,,,,,COASTAL ESTUARY SERVICES LLC,,29.62688801,-90.04401377
BA48-V04,,8/28/2019,09:16,CST,,,,0.984,,,,,,,28.80,10070.00,5.60,,,,,,,,,,,,,,,,,,,,COASTAL ESTUARY SERVICES LLC,,29.62688801,-90.04401377
BA48-V05,,9/7/2016,12:03,CST,,,,0.328,,,,,,,31.40,3994.00,2.10,,,,,,,,,,,,,,,,,,,,COASTAL ESTUARY SERVICES LLC,,29.62846467,-90.03956739
BA48-V05,,9/7/2016,12:03,CST,,,,0.984,,,,,,,31.40,11710.00,6.60,,,,,,,,,,,,,,,,,,,,COASTAL ESTUARY SERVICES LLC,,29.62846467,-90.03956739
BA48-V05,,8/28/2019,09:36,CST,,,,0.328,,,,,,,28.90,7670.00,4.20,,,,,,,,,,,,,,,,,,,,COASTAL ESTUARY SERVICES LLC,,29.62846467,-90.03956739
BA48-V05,,8/28/2019,09:36,CST,,,,0.984,,,,,,,29.00,10450.00,5.90,,,,,,,,,,,,,,,,,,,,COASTAL ESTUARY SERVICES LLC,,29.62846467,-90.03956739
BA48-V06,,9/7/2016,12:30,CST,,,,0.328,,,,,,,31.80,2082.00,1.10,,,,,,,,,,,,,,,,,,,,COASTAL ESTUARY SERVICES LLC,,29.62646975,-90.03973968
BA48-V06,,9/7/2016,12:30,CST,,,,0.984,,,,,,,30.20,8747.00,4.80,,,,,,,,,,,,,,,,,,,,COASTAL ESTUARY SERVICES LLC,,29.62646975,-90.03973968
BA48-V06,,8/28/2019,09:45,CST,,,,0.328,,,,,,,29.10,4890.00,2.60,,,,,,,,,,,,,,,,,,,,COASTAL ESTUARY SERVICES LLC,,29.62646975,-90.03973968
BA48-V06,,8/28/2019,09:45,CST,,,,0.984,,,,,,,28.90,5350.00,2.90,,,,,,,,,,,,,,,,,,,,COASTAL ESTUARY SERVICES LLC,,29.62646975,-90.03973968
BA48-V07,,9/7/2016,12:52,CST,,,,0.328,,,,,,,30.90,10049.00,5.60,,,,,,,,,,,,,,,,,,,,COASTAL ESTUARY SERVICES LLC,,29.62411598,-90.03980344
BA48-V07,,9/7/2016,12:52,CST,,,,0.984,,,,,,,31.10,9030.00,5.00,,,,,,,,,,,,,,,,,,,,COASTAL ESTUARY SERVICES LLC,,29.62411598,-90.03980344
BA48-V07,,8/28/2019,10:03,CST,,,,0.328,,,,,,,30.00,7000.00,3.80,,,,,,,,,,,,,,,,,,,,COASTAL ESTUARY SERVICES LLC,,29.62411598,-90.03980344
BA48-V07,,8/28/2019,10:03,CST,,,,0.984,,,,,,,29.20,5660.00,3.00,,,,,,,,,,,,,,,,,,,,COASTAL ESTUARY SERVICES LLC,,29.62411598,-90.03980344
BA48-V08,,9/7/2016,13:30,CST,,,,0.328,,,,,,,31.10,7850.00,4.30,,,,,,,,,,,,,,,,,,,,COASTAL ESTUARY SERVICES LLC,,29.62369939,-90.03553913
BA48-V08,,9/7/2016,13:30,CST,,,,0.984,,,,,,,30.10,9536.00,5.30,,,,,,,,,,,,,,,,,,,,COASTAL ESTUARY SERVICES LLC,,29.62369939,-90.03553913
BA48-V08,,8/28/2019,10:19,CST,,,,0.328,,,,,,,30.00,2981.00,1.50,,,,,,,,,,,,,,,,,,,,COASTAL ESTUARY SERVICES LLC,,29.62369939,-90.03553913
BA48-V08,,8/28/2019,10:19,CST,,,,0.984,,,,,,,29.20,3551.00,1.70,,,,,,,,,,,,,,,,,,,,COASTAL ESTUARY SERVICES LLC,,29.62369939,-90.03553913
BA48-V09,,9/7/2016,13:54,CST,,,,0.328,,,,,,,31.70,1860.00,0.90,,,,,,,,,,,,,,,,,,,,COASTAL ESTUARY SERVICES LLC,,29.62150757,-90.03568869
BA48-V09,,9/7/2016,13:54,CST,,,,0.984,,,,,,,30.80,1937.00,1.00,,,,,,,,,,,,,,,,,,,,COASTAL ESTUARY SERVICES LLC,,29.62150757,-90.03568869
BA48-V09,,8/28/2019,10:30,CST,,,,0.328,,,,,,,30.00,8430.00,4.70,,,,,,,,,,,,,,,,,,,,COASTAL ESTUARY SERVICES LLC,,29.62150757,-90.03568869
BA48-V09,,8/28/2019,10:30,CST,,,,0.984,,,,,,,30.00,11160.00,6.30,,,,,,,,,,,,,,,,,,,,COASTAL ESTUARY SERVICES LLC,,29.62150757,-90.03568869
BA48-V10,,9/8/2016,11:02,CST,,,,0.328,,,,,,,33.70,4596.00,2.40,,,,,,,,,,,,,,,,,,,,COASTAL ESTUARY SERVICES LLC,,29.62157828,-90.02927238
BA48-V10,,9/8/2016,11:02,CST,,,,0.984,,,,,,,31.50,7760.00,4.30,,,,,,,,,,,,,,,,,,,,COASTAL ESTUARY SERVICES LLC,,29.62157828,-90.02927238
BA48-V10,,8/27/2019,10:52,CST,,,,0.328,,,,,,,30.10,1030.00,0.50,,,,,,,,,,,,,,,,,,,,COASTAL ESTUARY SERVICES LLC,,29.62157828,-90.02927238
BA48-V10,,8/27/2019,10:52,CST,,,,0.984,,,,,,,29.50,1720.00,0.90,,,,,,,,,,,,,,,,,,,,COASTAL ESTUARY SERVICES LLC,,29.62157828,-90.02927238
BA48-V11,,9/8/2016,09:46,CST,,,,0.328,,,,,,,32.00,6267.00,3.40,,,,,,,,,,,,,,,,,,,,COASTAL ESTUARY SERVICES LLC,,29.61875808,-90.03138914
BA48-V11,,9/8/2016,09:46,CST,,,,0.984,,,,,,,28.80,7497.00,4.10,,,,,,,,,,,,,,,,,,,,COASTAL ESTUARY SERVICES LLC,,29.61875808,-90.03138914
BA48-V11,,8/27/2019,11:20,CST,,,,0.328,,,,,,,28.60,9028.00,5.00,,,,,,,,,,,,,,,,,,,,COASTAL ESTUARY SERVICES LLC,,29.61875808,-90.03138914
BA48-V11,,8/27/2019,11:20,CST,,,,0.984,,,,,,,28.00,12883.00,7.40,,,,,,,,,,,,,,,,,,,,COASTAL ESTUARY SERVICES LLC,,29.61875808,-90.03138914
BA48-V12,,9/8/2016,10:05,CST,,,,0.328,,,,,,,30.80,9715.00,5.40,,,,,,,,,,,,,,,,,,,,COASTAL ESTUARY SERVICES LLC,,29.61646527,-90.02698877
BA48-V12,,9/8/2016,10:05,CST,,,,0.984,,,,,,,30.00,9894.00,5.50,,,,,,,,,,,,,,,,,,,,COASTAL ESTUARY SERVICES LLC,,29.61646527,-90.02698877
BA48-V12,,8/27/2019,11:43,CST,,,,0.328,,,,,,,31.80,7227.00,4.00,,,,,,,,,,,,,,,,,,,,COASTAL ESTUARY SERVICES LLC,,29.61646527,-90.02698877
BA48-V12,,8/27/2019,11:43,CST,,,,0.984,,,,,,,29.90,8785.00,4.90,,,,,,,,,,,,,,,,,,,,COASTAL ESTUARY SERVICES LLC,,29.61646527,-90.02698877
BA48-V13,,10/25/2016,10:25,CST,,,,0.328,,,,,,,23.50,7438.00,4.10,,,,,,,,,,,,,,,,,,,,COASTAL ESTUARY SERVICES LLC,,29.61976524,-90.02505234
BA48-V13,,10/25/2016,10:25,CST,,,,0.984,,,,,,,23.80,6284.00,3.40,,,,,,,,,,,,,,,,,,,,COASTAL ESTUARY SERVICES LLC,,29.61976524,-90.02505234
BA48-V13,,8/27/2019,12:15,CST,,,,0.328,,,,,,,29.00,7080.00,3.90,,,,,,,,,,,,,,,,,,,,COASTAL ESTUARY SERVICES LLC,,29.61976524,-90.02505234
BA48-V13,,8/27/2019,12:15,CST,,,,0.984,,,,,,,29.00,7950.00,4.40,,,,,,,,,,,,,,,,,,,,COASTAL ESTUARY SERVICES LLC,,29.61976524,-90.02505234

