CPRA Station ID,Original Collector Station ID,Date (mm/dd/yyyy),Time (hh:mm),Time Zone,Staff Gauge (ft),Geoid,Station Depth (ft),Measurement Depth (ft),Water Temperature (�C),Specific Conductance (uS/cm),Salinity (ppt),Dissolved Oxygen (mg/L),pH (pH units),Velocity (ft/sec),Soil Porewater Temperature (�C),Soil Porewater Specific Conductance (uS/cm),Soil Porewater Salinity (ppt),Turbidity (FNU),Chlorophyll a (ug/L),Total Nitrogen (mg/L),Total Kjeldahl Nitrogen (mg/L),Nitrate as N (mg/L),Nitrite as N (mg/L),Nitrate+Nitrite as N (unfiltered; mg/L),Nitrate+Nitrite as N (filtered; mg/L),Ammonium as N (unfiltered; mg/L),Ammonium as N (filtered; mg/L),Total Phosphorus (mg/L),Orthophosphate as P (unfiltered; mg/L),Orthophosphate as P (filtered; mg/L),Silica (unfiltered; mg/L),Silica (filtered; mg/L),Total Suspended Solids (mg/L),Volatile Suspended Solids (mg/L),Secchi (ft),Fecal Coliform (MPN/100ml),Organization Name,Comments,Latitude,Longitude
CRMS0185-F01VC,,9/13/2011,16:31,CST,,,,0.328,,,,,,,24.60,1000.00,0.50,,,,,,,,,,,,,,,,,,,,COASTAL ESTUARY SERVICES LLC,,29.79359500,-90.07603500
CRMS0185-F01VC,,9/13/2011,16:31,CST,,,,0.984,,,,,,,24.70,1090.00,0.50,,,,,,,,,,,,,,,,,,,,COASTAL ESTUARY SERVICES LLC,,29.79359500,-90.07603500
CRMS0185-F01VC,,9/25/2012,09:30,CST,,,,0.328,,,,,,,26.20,975.00,0.50,,,,,,,,,,,,,,,,,,,,COASTAL ESTUARY SERVICES LLC,,29.79359500,-90.07603500
CRMS0185-F01VC,,9/25/2012,09:30,CST,,,,0.984,,,,,,,25.80,1075.00,0.50,,,,,,,,,,,,,,,,,,,,COASTAL ESTUARY SERVICES LLC,,29.79359500,-90.07603500
CRMS0185-F01VC,,9/10/2013,09:43,CST,,,,0.328,,,,,,,26.90,1068.00,0.50,,,,,,,,,,,,,,,,,,,,COASTAL ESTUARY SERVICES LLC,,29.79359500,-90.07603500
CRMS0185-F01VC,,9/10/2013,09:43,CST,,,,0.984,,,,,,,26.70,1227.00,0.60,,,,,,,,,,,,,,,,,,,,COASTAL ESTUARY SERVICES LLC,,29.79359500,-90.07603500
CRMS0185-F01VC,,8/21/2014,09:45,CST,,,,0.328,,,,,,,27.80,845.00,0.40,,,,,,,,,,,,,,,,,,,,COASTAL ESTUARY SERVICES LLC,clogged at 30 cm,29.79359500,-90.07603500
CRMS0185-F01VC,,9/17/2015,10:15,CST,,,,0.328,,,,,,,25.50,932.00,0.50,,,,,,,,,,,,,,,,,,,,COASTAL ESTUARY SERVICES LLC,,29.79359500,-90.07603500
CRMS0185-F01VC,,9/17/2015,10:15,CST,,,,0.984,,,,,,,25.20,909.00,0.40,,,,,,,,,,,,,,,,,,,,COASTAL ESTUARY SERVICES LLC,,29.79359500,-90.07603500
CRMS0185-F01VC,,9/20/2016,10:05,CST,,,,0.328,,,,,,,27.40,497.00,0.20,,,,,,,,,,,,,,,,,,,,COASTAL ESTUARY SERVICES LLC,,29.79359500,-90.07603500
CRMS0185-F01VC,,9/20/2016,10:05,CST,,,,0.984,,,,,,,27.10,572.00,0.30,,,,,,,,,,,,,,,,,,,,COASTAL ESTUARY SERVICES LLC,,29.79359500,-90.07603500
CRMS0185-F01VC,,9/27/2017,10:18,CST,,,,0.328,,,,,,,25.50,830.00,0.40,,,,,,,,,,,,,,,,,,,,COASTAL ESTUARY SERVICES LLC,,29.79359500,-90.07603500
CRMS0185-F01VC,,9/27/2017,10:18,CST,,,,0.984,,,,,,,25.50,873.00,0.40,,,,,,,,,,,,,,,,,,,,COASTAL ESTUARY SERVICES LLC,,29.79359500,-90.07603500
CRMS0185-F01VC,,7/12/2018,11:37,CST,,,,0.328,,,,,,,26.50,586.00,0.30,,,,,,,,,,,,,,,,,,,,COASTAL ESTUARY SERVICES LLC,,29.79359500,-90.07603500
CRMS0185-F01VC,,7/12/2018,11:37,CST,,,,0.984,,,,,,,25.90,842.00,0.40,,,,,,,,,,,,,,,,,,,,COASTAL ESTUARY SERVICES LLC,,29.79359500,-90.07603500
CRMS0185-F01VC,,9/12/2019,10:07,CST,1.26,GEOID12A,,0.328,,,,,,,28.20,1154.00,0.60,,,,,,,,,,,,,,,,,,,,COASTAL ESTUARY SERVICES LLC,,29.79359500,-90.07603500
CRMS0185-F01VC,,9/12/2019,10:07,CST,1.26,GEOID12A,,0.984,,,,,,,27.30,1206.00,0.60,,,,,,,,,,,,,,,,,,,,COASTAL ESTUARY SERVICES LLC,,29.79359500,-90.07603500
CRMS0185-F01VNE,,9/13/2011,15:48,CST,,,,0.328,,,,,,,25.00,1026.00,0.50,,,,,,,,,,,,,,,,,,,,COASTAL ESTUARY SERVICES LLC,,29.79363000,-90.07599200
CRMS0185-F01VNE,,9/13/2011,15:48,CST,,,,0.984,,,,,,,25.40,1090.00,0.50,,,,,,,,,,,,,,,,,,,,COASTAL ESTUARY SERVICES LLC,,29.79363000,-90.07599200
CRMS0185-F01VNE,,9/25/2012,09:45,CST,,,,0.328,,,,,,,25.30,625.00,0.30,,,,,,,,,,,,,,,,,,,,COASTAL ESTUARY SERVICES LLC,,29.79363000,-90.07599200
CRMS0185-F01VNE,,9/25/2012,09:45,CST,,,,0.984,,,,,,,25.20,657.00,0.30,,,,,,,,,,,,,,,,,,,,COASTAL ESTUARY SERVICES LLC,,29.79363000,-90.07599200
CRMS0185-F01VNE,,9/10/2013,09:26,CST,,,,0.328,,,,,,,28.10,1633.00,0.80,,,,,,,,,,,,,,,,,,,,COASTAL ESTUARY SERVICES LLC,,29.79363000,-90.07599200
CRMS0185-F01VNE,,9/10/2013,09:26,CST,,,,0.984,,,,,,,26.90,1031.00,0.50,,,,,,,,,,,,,,,,,,,,COASTAL ESTUARY SERVICES LLC,,29.79363000,-90.07599200
CRMS0185-F01VNE,,8/21/2014,09:29,CST,,,,0.328,,,,,,,28.90,829.00,0.40,,,,,,,,,,,,,,,,,,,,COASTAL ESTUARY SERVICES LLC,,29.79363000,-90.07599200
CRMS0185-F01VNE,,8/21/2014,09:29,CST,,,,0.984,,,,,,,27.30,854.00,0.40,,,,,,,,,,,,,,,,,,,,COASTAL ESTUARY SERVICES LLC,,29.79363000,-90.07599200
CRMS0185-F01VNE,,9/17/2015,09:45,CST,,,,0.328,,,,,,,25.80,993.00,0.50,,,,,,,,,,,,,,,,,,,,COASTAL ESTUARY SERVICES LLC,,29.79363000,-90.07599200
CRMS0185-F01VNE,,9/17/2015,09:45,CST,,,,0.984,,,,,,,25.00,1000.00,0.50,,,,,,,,,,,,,,,,,,,,COASTAL ESTUARY SERVICES LLC,,29.79363000,-90.07599200
CRMS0185-F01VNE,,9/20/2016,09:50,CST,,,,0.328,,,,,,,28.30,484.00,0.20,,,,,,,,,,,,,,,,,,,,COASTAL ESTUARY SERVICES LLC,,29.79363000,-90.07599200
CRMS0185-F01VNE,,9/20/2016,09:50,CST,,,,0.984,,,,,,,27.90,568.00,0.30,,,,,,,,,,,,,,,,,,,,COASTAL ESTUARY SERVICES LLC,,29.79363000,-90.07599200
CRMS0185-F01VNE,,9/27/2017,11:24,CST,,,,0.328,,,,,,,25.80,675.00,0.30,,,,,,,,,,,,,,,,,,,,COASTAL ESTUARY SERVICES LLC,,29.79363000,-90.07599200
CRMS0185-F01VNE,,9/27/2017,11:24,CST,,,,0.984,,,,,,,26.70,701.00,0.30,,,,,,,,,,,,,,,,,,,,COASTAL ESTUARY SERVICES LLC,,29.79363000,-90.07599200
CRMS0185-F01VNE,,7/12/2018,11:32,CST,,,,0.328,,,,,,,26.90,589.00,0.30,,,,,,,,,,,,,,,,,,,,COASTAL ESTUARY SERVICES LLC,,29.79363000,-90.07599200
CRMS0185-F01VNE,,7/12/2018,11:32,CST,,,,0.984,,,,,,,27.10,571.00,0.30,,,,,,,,,,,,,,,,,,,,COASTAL ESTUARY SERVICES LLC,,29.79363000,-90.07599200
CRMS0185-F01VNE,,9/12/2019,10:27,CST,1.26,GEOID12A,,0.328,,,,,,,28.80,1250.00,0.60,,,,,,,,,,,,,,,,,,,,COASTAL ESTUARY SERVICES LLC,,29.79363000,-90.07599200
CRMS0185-F01VNE,,9/12/2019,10:27,CST,1.26,GEOID12A,,0.984,,,,,,,28.50,1213.00,0.60,,,,,,,,,,,,,,,,,,,,COASTAL ESTUARY SERVICES LLC,,29.79363000,-90.07599200
CRMS0185-F01VSW,,9/13/2011,16:53,CST,,,,0.328,,,,,,,25.40,1660.00,0.80,,,,,,,,,,,,,,,,,,,,COASTAL ESTUARY SERVICES LLC,,29.79349800,-90.07610000
CRMS0185-F01VSW,,9/13/2011,16:53,CST,,,,0.984,,,,,,,25.60,1590.00,0.80,,,,,,,,,,,,,,,,,,,,COASTAL ESTUARY SERVICES LLC,,29.79349800,-90.07610000
CRMS0185-F01VSW,,9/25/2012,09:15,CST,,,,0.328,,,,,,,25.50,1130.00,0.60,,,,,,,,,,,,,,,,,,,,COASTAL ESTUARY SERVICES LLC,,29.79349800,-90.07610000
CRMS0185-F01VSW,,9/25/2012,09:15,CST,,,,0.984,,,,,,,24.90,1140.00,0.60,,,,,,,,,,,,,,,,,,,,COASTAL ESTUARY SERVICES LLC,,29.79349800,-90.07610000
CRMS0185-F01VSW,,9/10/2013,09:57,CST,,,,0.328,,,,,,,28.90,1134.00,0.60,,,,,,,,,,,,,,,,,,,,COASTAL ESTUARY SERVICES LLC,,29.79349800,-90.07610000
CRMS0185-F01VSW,,9/10/2013,09:57,CST,,,,0.984,,,,,,,28.50,920.00,0.50,,,,,,,,,,,,,,,,,,,,COASTAL ESTUARY SERVICES LLC,,29.79349800,-90.07610000
CRMS0185-F01VSW,,8/21/2014,10:22,CST,,,,0.328,,,,,,,28.10,912.00,0.40,,,,,,,,,,,,,,,,,,,,COASTAL ESTUARY SERVICES LLC,,29.79349800,-90.07610000
CRMS0185-F01VSW,,8/21/2014,10:22,CST,,,,0.984,,,,,,,27.70,937.00,0.50,,,,,,,,,,,,,,,,,,,,COASTAL ESTUARY SERVICES LLC,,29.79349800,-90.07610000
CRMS0185-F01VSW,,9/17/2015,10:27,CST,,,,0.328,,,,,,,25.70,905.00,0.40,,,,,,,,,,,,,,,,,,,,COASTAL ESTUARY SERVICES LLC,,29.79349800,-90.07610000
CRMS0185-F01VSW,,9/17/2015,10:27,CST,,,,0.984,,,,,,,25.60,1101.00,0.50,,,,,,,,,,,,,,,,,,,,COASTAL ESTUARY SERVICES LLC,,29.79349800,-90.07610000
CRMS0185-F01VSW,,9/20/2016,10:30,CST,,,,0.328,,,,,,,27.60,588.00,0.30,,,,,,,,,,,,,,,,,,,,COASTAL ESTUARY SERVICES LLC,,29.79349800,-90.07610000
CRMS0185-F01VSW,,9/20/2016,10:30,CST,,,,0.984,,,,,,,26.80,848.00,0.40,,,,,,,,,,,,,,,,,,,,COASTAL ESTUARY SERVICES LLC,,29.79349800,-90.07610000
CRMS0185-F01VSW,,9/27/2017,11:40,CST,,,,0.328,,,,,,,27.00,746.00,0.40,,,,,,,,,,,,,,,,,,,,COASTAL ESTUARY SERVICES LLC,,29.79349800,-90.07610000
CRMS0185-F01VSW,,9/27/2017,11:40,CST,,,,0.984,,,,,,,26.40,760.00,0.40,,,,,,,,,,,,,,,,,,,,COASTAL ESTUARY SERVICES LLC,,29.79349800,-90.07610000
CRMS0185-F01VSW,,7/12/2018,11:48,CST,,,,0.328,,,,,,,27.60,624.00,0.30,,,,,,,,,,,,,,,,,,,,COASTAL ESTUARY SERVICES LLC,,29.79349800,-90.07610000
CRMS0185-F01VSW,,7/12/2018,11:48,CST,,,,0.984,,,,,,,27.50,738.00,0.40,,,,,,,,,,,,,,,,,,,,COASTAL ESTUARY SERVICES LLC,,29.79349800,-90.07610000
CRMS0185-F01VSW,,9/12/2019,09:55,CST,1.26,GEOID12A,,0.328,,,,,,,,,,,,,,,,,,,,,,,,,,,,,COASTAL ESTUARY SERVICES LLC,clogged,29.79349800,-90.07610000
CRMS0185-F01VSW,,9/12/2019,09:55,CST,1.26,GEOID12A,,0.984,,,,,,,,,,,,,,,,,,,,,,,,,,,,,COASTAL ESTUARY SERVICES LLC,clogged,29.79349800,-90.07610000
CRMS0185-F04VC,,9/13/2011,17:30,CST,,,,,,,,,,,,,,,,,,,,,,,,,,,,,,,,,COASTAL ESTUARY SERVICES LLC,,29.79296200,-90.07677700
CRMS0185-F04VC,,9/25/2012,10:30,CST,,,,0.328,,,,,,,25.50,620.00,0.30,,,,,,,,,,,,,,,,,,,,COASTAL ESTUARY SERVICES LLC,,29.79296200,-90.07677700
CRMS0185-F04VC,,9/25/2012,10:30,CST,,,,0.984,,,,,,,25.20,670.00,0.30,,,,,,,,,,,,,,,,,,,,COASTAL ESTUARY SERVICES LLC,,29.79296200,-90.07677700
CRMS0185-F04VC,,9/10/2013,10:48,CST,,,,0.328,,,,,,,26.80,691.00,0.30,,,,,,,,,,,,,,,,,,,,COASTAL ESTUARY SERVICES LLC,,29.79296200,-90.07677700
CRMS0185-F04VC,,9/10/2013,10:48,CST,,,,0.984,,,,,,,26.80,649.00,0.30,,,,,,,,,,,,,,,,,,,,COASTAL ESTUARY SERVICES LLC,,29.79296200,-90.07677700
CRMS0185-F04VC,,8/21/2014,10:34,CST,,,,0.984,,,,,,,28.10,763.00,0.30,,,,,,,,,,,,,,,,,,,,COASTAL ESTUARY SERVICES LLC,clogged at 10 cm,29.79296200,-90.07677700
CRMS0185-F04VC,,9/17/2015,11:51,CST,,,,0.328,,,,,,,26.70,1068.00,0.50,,,,,,,,,,,,,,,,,,,,COASTAL ESTUARY SERVICES LLC,,29.79296200,-90.07677700
CRMS0185-F04VC,,9/17/2015,11:51,CST,,,,0.984,,,,,,,26.80,1028.00,0.50,,,,,,,,,,,,,,,,,,,,COASTAL ESTUARY SERVICES LLC,,29.79296200,-90.07677700
CRMS0185-F04VC,,9/20/2016,11:11,CST,,,,0.328,,,,,,,27.30,779.00,0.40,,,,,,,,,,,,,,,,,,,,COASTAL ESTUARY SERVICES LLC,,29.79296200,-90.07677700
CRMS0185-F04VC,,9/20/2016,11:11,CST,,,,0.984,,,,,,,26.70,853.00,0.40,,,,,,,,,,,,,,,,,,,,COASTAL ESTUARY SERVICES LLC,,29.79296200,-90.07677700
CRMS0185-F04VC,,9/27/2017,13:09,CST,,,,0.328,,,,,,,26.80,663.00,0.30,,,,,,,,,,,,,,,,,,,,COASTAL ESTUARY SERVICES LLC,,29.79296200,-90.07677700
CRMS0185-F04VC,,9/27/2017,13:09,CST,,,,0.984,,,,,,,,,,,,,,,,,,,,,,,,,,,,,COASTAL ESTUARY SERVICES LLC,Clogged at 30cm,29.79296200,-90.07677700
CRMS0185-F04VC,,7/12/2018,12:25,CST,,,,0.328,,,,,,,27.60,563.00,0.30,,,,,,,,,,,,,,,,,,,,COASTAL ESTUARY SERVICES LLC,,29.79296200,-90.07677700
CRMS0185-F04VC,,7/12/2018,12:25,CST,,,,0.984,,,,,,,27.80,558.00,0.30,,,,,,,,,,,,,,,,,,,,COASTAL ESTUARY SERVICES LLC,,29.79296200,-90.07677700
CRMS0185-F04VC,,9/12/2019,09:25,CST,1.26,GEOID12A,,0.328,,,,,,,27.50,983.00,0.50,,,,,,,,,,,,,,,,,,,,COASTAL ESTUARY SERVICES LLC,,29.79296200,-90.07677700
CRMS0185-F04VC,,9/12/2019,09:25,CST,1.26,GEOID12A,,0.984,,,,,,,27.90,991.00,0.50,,,,,,,,,,,,,,,,,,,,COASTAL ESTUARY SERVICES LLC,,29.79296200,-90.07677700
CRMS0185-F04VNE,,9/25/2012,10:15,CST,,,,0.328,,,,,,,23.20,744.00,0.40,,,,,,,,,,,,,,,,,,,,COASTAL ESTUARY SERVICES LLC,,29.79302300,-90.07667200
CRMS0185-F04VNE,,9/25/2012,10:15,CST,,,,0.984,,,,,,,26.30,820.00,0.40,,,,,,,,,,,,,,,,,,,,COASTAL ESTUARY SERVICES LLC,,29.79302300,-90.07667200
CRMS0185-F04VNE,,9/10/2013,10:29,CST,,,,0.328,,,,,,,27.30,734.00,0.40,,,,,,,,,,,,,,,,,,,,COASTAL ESTUARY SERVICES LLC,,29.79302300,-90.07667200
CRMS0185-F04VNE,,9/10/2013,10:29,CST,,,,0.984,,,,,,,26.90,782.00,0.40,,,,,,,,,,,,,,,,,,,,COASTAL ESTUARY SERVICES LLC,,29.79302300,-90.07667200
CRMS0185-F04VNE,,8/21/2014,10:21,CST,,,,,,,,,,,,,,,,,,,,,,,,,,,,,,,,,COASTAL ESTUARY SERVICES LLC,clogged at 30 cm and 10 cm,29.79302300,-90.07667200
CRMS0185-F04VNE,,9/17/2015,11:20,CST,,,,0.984,,,,,,,25.60,887.00,0.40,,,,,,,,,,,,,,,,,,,,COASTAL ESTUARY SERVICES LLC,Sipper pulling air at 10cm; dry,29.79302300,-90.07667200
CRMS0185-F04VNE,,9/20/2016,11:15,CST,,,,0.328,,,,,,,28.50,881.00,0.40,,,,,,,,,,,,,,,,,,,,COASTAL ESTUARY SERVICES LLC,,29.79302300,-90.07667200
CRMS0185-F04VNE,,9/20/2016,11:15,CST,,,,0.984,,,,,,,28.90,965.00,0.50,,,,,,,,,,,,,,,,,,,,COASTAL ESTUARY SERVICES LLC,,29.79302300,-90.07667200
CRMS0185-F04VNE,,9/27/2017,12:19,CST,,,,0.328,,,,,,,25.20,752.00,0.40,,,,,,,,,,,,,,,,,,,,COASTAL ESTUARY SERVICES LLC,,29.79302300,-90.07667200
CRMS0185-F04VNE,,9/27/2017,12:19,CST,,,,0.984,,,,,,,26.00,697.00,0.30,,,,,,,,,,,,,,,,,,,,COASTAL ESTUARY SERVICES LLC,,29.79302300,-90.07667200
CRMS0185-F04VNE,,7/12/2018,12:12,CST,,,,0.328,,,,,,,27.50,992.00,0.50,,,,,,,,,,,,,,,,,,,,COASTAL ESTUARY SERVICES LLC,,29.79302300,-90.07667200
CRMS0185-F04VNE,,7/12/2018,12:12,CST,,,,0.984,,,,,,,27.00,688.00,0.30,,,,,,,,,,,,,,,,,,,,COASTAL ESTUARY SERVICES LLC,,29.79302300,-90.07667200
CRMS0185-F04VNE,,9/12/2019,09:39,CST,1.26,GEOID12A,,0.328,,,,,,,28.10,804.00,0.40,,,,,,,,,,,,,,,,,,,,COASTAL ESTUARY SERVICES LLC,,29.79302300,-90.07667200
CRMS0185-F04VNE,,9/12/2019,09:39,CST,1.26,GEOID12A,,0.984,,,,,,,27.70,814.00,0.40,,,,,,,,,,,,,,,,,,,,COASTAL ESTUARY SERVICES LLC,,29.79302300,-90.07667200
CRMS0185-F04VSW,,9/25/2012,10:40,CST,,,,0.328,,,,,,,26.40,2114.00,1.10,,,,,,,,,,,,,,,,,,,,COASTAL ESTUARY SERVICES LLC,,29.79291000,-90.07687200
CRMS0185-F04VSW,,9/25/2012,10:40,CST,,,,0.984,,,,,,,28.00,1641.00,0.80,,,,,,,,,,,,,,,,,,,,COASTAL ESTUARY SERVICES LLC,,29.79291000,-90.07687200
CRMS0185-F04VSW,,9/10/2013,11:13,CST,,,,0.328,,,,,,,26.70,667.00,0.30,,,,,,,,,,,,,,,,,,,,COASTAL ESTUARY SERVICES LLC,,29.79291000,-90.07687200
CRMS0185-F04VSW,,9/10/2013,11:13,CST,,,,0.984,,,,,,,27.20,639.00,0.30,,,,,,,,,,,,,,,,,,,,COASTAL ESTUARY SERVICES LLC,,29.79291000,-90.07687200
CRMS0185-F04VSW,,8/21/2014,10:53,CST,,,,0.984,,,,,,,27.60,798.00,0.40,,,,,,,,,,,,,,,,,,,,COASTAL ESTUARY SERVICES LLC,clogged at 10 cm,29.79291000,-90.07687200
CRMS0185-F04VSW,,9/17/2015,12:18,CST,,,,0.984,,,,,,,27.10,1289.00,0.60,,,,,,,,,,,,,,,,,,,,COASTAL ESTUARY SERVICES LLC,Sipper pulling air at 10cm; dry,29.79291000,-90.07687200
CRMS0185-F04VSW,,9/20/2016,10:50,CST,,,,,,,,,,,,,,,,,,,,,,,,,,,,,,,,,COASTAL ESTUARY SERVICES LLC,Sipper clogged at 10 and 30 cm,29.79291000,-90.07687200
CRMS0185-F04VSW,,9/27/2017,12:46,CST,,,,0.328,,,,,,,,,,,,,,,,,,,,,,,,,,,,,COASTAL ESTUARY SERVICES LLC,Clogged at 10cm,29.79291000,-90.07687200
CRMS0185-F04VSW,,9/27/2017,12:46,CST,,,,0.984,,,,,,,,,,,,,,,,,,,,,,,,,,,,,COASTAL ESTUARY SERVICES LLC,Clogged at 30cm,29.79291000,-90.07687200
CRMS0185-F04VSW,,7/12/2018,12:35,CST,,,,0.328,,,,,,,27.10,577.00,0.30,,,,,,,,,,,,,,,,,,,,COASTAL ESTUARY SERVICES LLC,,29.79291000,-90.07687200
CRMS0185-F04VSW,,7/12/2018,12:35,CST,,,,0.984,,,,,,,25.80,751.00,0.40,,,,,,,,,,,,,,,,,,,,COASTAL ESTUARY SERVICES LLC,,29.79291000,-90.07687200
CRMS0185-F04VSW,,9/12/2019,09:08,CST,1.26,GEOID12A,,0.328,,,,,,,29.10,1801.00,0.90,,,,,,,,,,,,,,,,,,,,COASTAL ESTUARY SERVICES LLC,,29.79291000,-90.07687200
CRMS0185-F04VSW,,9/12/2019,09:08,CST,1.26,GEOID12A,,0.984,,,,,,,29.60,1974.00,0.90,,,,,,,,,,,,,,,,,,,,COASTAL ESTUARY SERVICES LLC,,29.79291000,-90.07687200
CRMS0185-F08VC,,9/25/2012,12:00,CST,,,,0.328,,,,,,,25.10,738.00,0.40,,,,,,,,,,,,,,,,,,,,COASTAL ESTUARY SERVICES LLC,,29.79224900,-90.07757300
CRMS0185-F08VC,,9/12/2013,12:13,CST,,,,0.328,,,,,,,27.80,660.00,0.30,,,,,,,,,,,,,,,,,,,,COASTAL ESTUARY SERVICES LLC,"PW drawn 9/12/2013 by C. Izdepski, A. Kattenbraker, M. Reeves",29.79224900,-90.07757300
CRMS0185-F08VC,,9/12/2013,12:13,CST,,,,0.984,,,,,,,29.80,883.00,0.40,,,,,,,,,,,,,,,,,,,,COASTAL ESTUARY SERVICES LLC,"PW drawn 9/12/2013 by C. Izdepski, A. Kattenbraker, M. Reeves",29.79224900,-90.07757300
CRMS0185-F08VC,,8/21/2014,11:58,CST,,,,0.328,,,,,,,29.20,1142.00,0.60,,,,,,,,,,,,,,,,,,,,COASTAL ESTUARY SERVICES LLC,,29.79224900,-90.07757300
CRMS0185-F08VC,,8/21/2014,11:58,CST,,,,0.984,,,,,,,28.00,1216.00,0.60,,,,,,,,,,,,,,,,,,,,COASTAL ESTUARY SERVICES LLC,,29.79224900,-90.07757300
CRMS0185-F08VC,,9/17/2015,13:27,CST,,,,0.328,,,,,,,25.80,746.00,0.40,,,,,,,,,,,,,,,,,,,,COASTAL ESTUARY SERVICES LLC,,29.79224900,-90.07757300
CRMS0185-F08VC,,9/17/2015,13:27,CST,,,,0.984,,,,,,,26.30,820.00,0.40,,,,,,,,,,,,,,,,,,,,COASTAL ESTUARY SERVICES LLC,,29.79224900,-90.07757300
CRMS0185-F08VC,,9/20/2016,09:40,CST,,,,0.328,,,,,,,27.10,660.00,0.30,,,,,,,,,,,,,,,,,,,,COASTAL ESTUARY SERVICES LLC,,29.79224900,-90.07757300
CRMS0185-F08VC,,9/20/2016,09:40,CST,,,,0.984,,,,,,,27.80,644.00,0.30,,,,,,,,,,,,,,,,,,,,COASTAL ESTUARY SERVICES LLC,,29.79224900,-90.07757300
CRMS0185-F08VC,,9/27/2017,11:26,CST,,,,0.328,,,,,,,,,,,,,,,,,,,,,,,,,,,,,COASTAL ESTUARY SERVICES LLC,Clogged at 10cm,29.79224900,-90.07757300
CRMS0185-F08VC,,9/27/2017,11:26,CST,,,,0.984,,,,,,,27.60,734.00,0.40,,,,,,,,,,,,,,,,,,,,COASTAL ESTUARY SERVICES LLC,,29.79224900,-90.07757300
CRMS0185-F08VC,,7/12/2018,10:20,CST,,,,0.328,,,,,,,27.60,533.00,0.30,,,,,,,,,,,,,,,,,,,,COASTAL ESTUARY SERVICES LLC,,29.79224900,-90.07757300
CRMS0185-F08VC,,7/12/2018,10:20,CST,,,,0.984,,,,,,,26.70,673.00,0.30,,,,,,,,,,,,,,,,,,,,COASTAL ESTUARY SERVICES LLC,,29.79224900,-90.07757300
CRMS0185-F08VC,,9/12/2019,11:22,CST,1.26,GEOID12A,,0.328,,,,,,,31.40,1875.00,0.90,,,,,,,,,,,,,,,,,,,,COASTAL ESTUARY SERVICES LLC,,29.79224900,-90.07757300
CRMS0185-F08VC,,9/12/2019,11:22,CST,1.26,GEOID12A,,0.984,,,,,,,30.00,1950.00,1.00,,,,,,,,,,,,,,,,,,,,COASTAL ESTUARY SERVICES LLC,,29.79224900,-90.07757300
CRMS0185-F08VNE,,9/25/2012,11:45,CST,,,,0.328,,,,,,,25.10,1180.00,0.60,,,,,,,,,,,,,,,,,,,,COASTAL ESTUARY SERVICES LLC,,29.79239000,-90.07738800
CRMS0185-F08VNE,,9/25/2012,11:45,CST,,,,0.984,,,,,,,25.00,1990.00,1.00,,,,,,,,,,,,,,,,,,,,COASTAL ESTUARY SERVICES LLC,,29.79239000,-90.07738800
CRMS0185-F08VNE,,9/12/2013,12:24,CST,,,,0.328,,,,,,,27.60,1146.00,0.60,,,,,,,,,,,,,,,,,,,,COASTAL ESTUARY SERVICES LLC,"PW drawn 9/12/2013 by C. Izdepski, A. Kattenbraker, M. Reeves",29.79239000,-90.07738800
CRMS0185-F08VNE,,9/12/2013,12:24,CST,,,,0.984,,,,,,,28.40,1466.00,0.70,,,,,,,,,,,,,,,,,,,,COASTAL ESTUARY SERVICES LLC,"PW drawn 9/12/2013 by C. Izdepski, A. Kattenbraker, M. Reeves",29.79239000,-90.07738800
CRMS0185-F08VNE,,8/21/2014,11:46,CST,,,,0.328,,,,,,,28.10,990.00,0.50,,,,,,,,,,,,,,,,,,,,COASTAL ESTUARY SERVICES LLC,,29.79239000,-90.07738800
CRMS0185-F08VNE,,8/21/2014,11:46,CST,,,,0.984,,,,,,,28.10,850.00,0.40,,,,,,,,,,,,,,,,,,,,COASTAL ESTUARY SERVICES LLC,,29.79239000,-90.07738800
CRMS0185-F08VNE,,9/17/2015,13:49,CST,,,,0.328,,,,,,,25.10,931.00,0.50,,,,,,,,,,,,,,,,,,,,COASTAL ESTUARY SERVICES LLC,,29.79239000,-90.07738800
CRMS0185-F08VNE,,9/17/2015,13:49,CST,,,,0.984,,,,,,,25.60,924.00,0.50,,,,,,,,,,,,,,,,,,,,COASTAL ESTUARY SERVICES LLC,,29.79239000,-90.07738800
CRMS0185-F08VNE,,9/20/2016,10:25,CST,,,,0.328,,,,,,,27.00,714.00,0.30,,,,,,,,,,,,,,,,,,,,COASTAL ESTUARY SERVICES LLC,,29.79239000,-90.07738800
CRMS0185-F08VNE,,9/20/2016,10:25,CST,,,,0.984,,,,,,,27.80,839.00,0.40,,,,,,,,,,,,,,,,,,,,COASTAL ESTUARY SERVICES LLC,,29.79239000,-90.07738800
CRMS0185-F08VNE,,9/27/2017,12:07,CST,,,,0.328,,,,,,,26.70,818.00,0.40,,,,,,,,,,,,,,,,,,,,COASTAL ESTUARY SERVICES LLC,,29.79239000,-90.07738800
CRMS0185-F08VNE,,9/27/2017,12:07,CST,,,,0.984,,,,,,,28.10,904.00,0.40,,,,,,,,,,,,,,,,,,,,COASTAL ESTUARY SERVICES LLC,,29.79239000,-90.07738800
CRMS0185-F08VNE,,7/12/2018,10:25,CST,,,,0.328,,,,,,,26.50,861.00,0.40,,,,,,,,,,,,,,,,,,,,COASTAL ESTUARY SERVICES LLC,,29.79239000,-90.07738800
CRMS0185-F08VNE,,7/12/2018,10:25,CST,,,,0.984,,,,,,,26.20,976.00,0.50,,,,,,,,,,,,,,,,,,,,COASTAL ESTUARY SERVICES LLC,,29.79239000,-90.07738800
CRMS0185-F08VNE,,9/12/2019,11:07,CST,1.26,GEOID12A,,0.328,,,,,,,29.50,2783.00,1.40,,,,,,,,,,,,,,,,,,,,COASTAL ESTUARY SERVICES LLC,,29.79239000,-90.07738800
CRMS0185-F08VNE,,9/12/2019,11:07,CST,1.26,GEOID12A,,0.984,,,,,,,31.00,2748.00,1.40,,,,,,,,,,,,,,,,,,,,COASTAL ESTUARY SERVICES LLC,,29.79239000,-90.07738800
CRMS0185-F08VSW,,9/25/2012,12:15,CST,,,,0.984,,,,,,,25.80,1070.00,0.50,,,,,,,,,,,,,,,,,,,,COASTAL ESTUARY SERVICES LLC,,29.79219100,-90.07777100
CRMS0185-F08VSW,,9/12/2013,12:02,CST,,,,0.328,,,,,,,27.90,993.00,0.50,,,,,,,,,,,,,,,,,,,,COASTAL ESTUARY SERVICES LLC,"PW drawn 9/12/2013 by C. Izdepski, A. Kattenbraker, M. Reeves",29.79219100,-90.07777100
CRMS0185-F08VSW,,9/12/2013,12:02,CST,,,,0.984,,,,,,,27.00,1158.00,0.60,,,,,,,,,,,,,,,,,,,,COASTAL ESTUARY SERVICES LLC,"PW drawn 9/12/2013 by C. Izdepski, A. Kattenbraker, M. Reeves",29.79219100,-90.07777100
CRMS0185-F08VSW,,8/21/2014,12:16,CST,,,,0.328,,,,,,,28.90,609.00,0.30,,,,,,,,,,,,,,,,,,,,COASTAL ESTUARY SERVICES LLC,,29.79219100,-90.07777100
CRMS0185-F08VSW,,8/21/2014,12:16,CST,,,,0.984,,,,,,,27.60,609.00,0.30,,,,,,,,,,,,,,,,,,,,COASTAL ESTUARY SERVICES LLC,,29.79219100,-90.07777100
CRMS0185-F08VSW,,9/17/2015,13:04,CST,,,,0.328,,,,,,,25.50,855.00,0.40,,,,,,,,,,,,,,,,,,,,COASTAL ESTUARY SERVICES LLC,,29.79219100,-90.07777100
CRMS0185-F08VSW,,9/17/2015,13:04,CST,,,,0.984,,,,,,,25.40,1103.00,0.50,,,,,,,,,,,,,,,,,,,,COASTAL ESTUARY SERVICES LLC,,29.79219100,-90.07777100
CRMS0185-F08VSW,,9/20/2016,09:15,CST,,,,,,,,,,,,,,,,,,,,,,,,,,,,,,,,,COASTAL ESTUARY SERVICES LLC,Sipper clogged at 10 and 30 cm,29.79219100,-90.07777100
CRMS0185-F08VSW,,9/27/2017,10:34,CST,,,,0.328,,,,,,,29.70,1667.00,0.80,,,,,,,,,,,,,,,,,,,,COASTAL ESTUARY SERVICES LLC,,29.79219100,-90.07777100
CRMS0185-F08VSW,,9/27/2017,10:34,CST,,,,0.984,,,,,,,27.30,1047.00,0.50,,,,,,,,,,,,,,,,,,,,COASTAL ESTUARY SERVICES LLC,,29.79219100,-90.07777100
CRMS0185-F08VSW,,7/12/2018,09:55,CST,,,,0.328,,,,,,,26.80,613.00,0.30,,,,,,,,,,,,,,,,,,,,COASTAL ESTUARY SERVICES LLC,,29.79219100,-90.07777100
CRMS0185-F08VSW,,7/12/2018,09:55,CST,,,,0.984,,,,,,,26.70,724.00,0.40,,,,,,,,,,,,,,,,,,,,COASTAL ESTUARY SERVICES LLC,,29.79219100,-90.07777100
CRMS0185-F08VSW,,9/12/2019,11:40,CST,1.26,GEOID12A,,0.328,,,,,,,29.00,1336.00,0.70,,,,,,,,,,,,,,,,,,,,COASTAL ESTUARY SERVICES LLC,,29.79219100,-90.07777100
CRMS0185-F08VSW,,9/12/2019,11:40,CST,1.26,GEOID12A,,0.984,,,,,,,28.90,1357.00,0.70,,,,,,,,,,,,,,,,,,,,COASTAL ESTUARY SERVICES LLC,,29.79219100,-90.07777100
CRMS0185-P01,,10/20/2011,10:13,CST,,,,,,,,,,,,,,,,,,,,,,,,,,,,,,,,,COASTAL ESTUARY SERVICES LLC,,29.79617548,-90.07077915
CRMS0185-P01,,11/8/2011,11:40,CST,,,,0.328,,,,,,,20.90,1280.00,0.60,,,,,,,,,,,,,,,,,,,,COASTAL ESTUARY SERVICES LLC,,29.79617548,-90.07077915
CRMS0185-P01,,11/8/2011,11:40,CST,,,,0.984,,,,,,,20.60,1230.00,0.60,,,,,,,,,,,,,,,,,,,,COASTAL ESTUARY SERVICES LLC,,29.79617548,-90.07077915
CRMS0185-P01,,12/13/2011,12:15,CST,,,,,,,,,,,,,,,,,,,,,,,,,,,,,,,,,COASTAL ESTUARY SERVICES LLC,,29.79617548,-90.07077915
CRMS0185-P01,,1/11/2012,10:40,CST,,,,0.328,,,,,,,15.90,1313.00,0.70,,,,,,,,,,,,,,,,,,,,COASTAL ESTUARY SERVICES LLC,,29.79617548,-90.07077915
CRMS0185-P01,,1/11/2012,10:40,CST,,,,0.984,,,,,,,16.00,1200.00,0.60,,,,,,,,,,,,,,,,,,,,COASTAL ESTUARY SERVICES LLC,,29.79617548,-90.07077915
CRMS0185-P01,,2/7/2012,11:10,CST,,,,,,,,,,,,,,,,,,,,,,,,,,,,,,,,,COASTAL ESTUARY SERVICES LLC,,29.79617548,-90.07077915
CRMS0185-P01,,3/12/2012,10:15,CST,,,,,,,,,,,,,,,,,,,,,,,,,,,,,,,,,COASTAL ESTUARY SERVICES LLC,,29.79617548,-90.07077915
CRMS0185-P01,,5/24/2012,09:27,CST,,,,0.328,,,,,,,25.50,1099.00,0.50,,,,,,,,,,,,,,,,,,,,COASTAL ESTUARY SERVICES LLC,,29.79617548,-90.07077915
CRMS0185-P01,,5/24/2012,09:27,CST,,,,0.984,,,,,,,24.30,1116.00,0.60,,,,,,,,,,,,,,,,,,,,COASTAL ESTUARY SERVICES LLC,,29.79617548,-90.07077915
CRMS0185-P01,,11/13/2012,10:45,CST,,,,,,,,,,,,,,,,,,,,,,,,,,,,,,,,,COASTAL ESTUARY SERVICES LLC,,29.79617548,-90.07077915
CRMS0185-P01,,12/27/2012,11:55,CST,,,,,,,,,,,,,,,,,,,,,,,,,,,,,,,,,COASTAL ESTUARY SERVICES LLC,clogged @ 10cm & 30cm,29.79617548,-90.07077915
CRMS0185-P01,,2/1/2013,12:30,CST,,,,0.328,,,,,,,14.90,808.00,0.40,,,,,,,,,,,,,,,,,,,,COASTAL ESTUARY SERVICES LLC,,29.79617548,-90.07077915
CRMS0185-P01,,2/1/2013,12:30,CST,,,,0.984,,,,,,,15.10,807.00,0.40,,,,,,,,,,,,,,,,,,,,COASTAL ESTUARY SERVICES LLC,,29.79617548,-90.07077915
CRMS0185-P01,,4/5/2013,10:35,CST,,,,,,,,,,,,,,,,,,,,,,,,,,,,,,,,,COASTAL ESTUARY SERVICES LLC,10 cm and 30 cm readings are clogging,29.79617548,-90.07077915
CRMS0185-P01,,5/16/2013,09:05,CST,,,,,,,,,,,,,,,,,,,,,,,,,,,,,,,,,COASTAL ESTUARY SERVICES LLC,clogged @ 10cm & 30cm,29.79617548,-90.07077915
CRMS0185-P01,,6/24/2013,09:30,CST,,,,,,,,,,,,,,,,,,,,,,,,,,,,,,,,,COASTAL ESTUARY SERVICES LLC,clogged @ 10cm & 30cm,29.79617548,-90.07077915
CRMS0185-P01,,9/10/2013,09:15,CST,,,,0.984,,,,,,,29.50,992.00,0.50,,,,,,,,,,,,,,,,,,,,COASTAL ESTUARY SERVICES LLC,10cm PW clogging after multiple attempts,29.79617548,-90.07077915
CRMS0185-P01,,10/31/2013,09:05,CST,,,,,,,,,,,,,,,,,,,,,,,,,,,,,,,,,COASTAL ESTUARY SERVICES LLC,clogged @ 10cm & 30cm,29.79617548,-90.07077915
CRMS0185-P01,,12/2/2013,10:40,CST,,,,0.328,,,,,,,15.40,698.00,0.30,,,,,,,,,,,,,,,,,,,,COASTAL ESTUARY SERVICES LLC,,29.79617548,-90.07077915
CRMS0185-P01,,12/2/2013,10:40,CST,,,,0.984,,,,,,,16.60,725.00,0.40,,,,,,,,,,,,,,,,,,,,COASTAL ESTUARY SERVICES LLC,,29.79617548,-90.07077915
CRMS0185-P01,,2/3/2014,11:30,CST,,,,,,,,,,,,,,,,,,,,,,,,,,,,,,,,,COASTAL ESTUARY SERVICES LLC,clogged at 10cm and 30cm,29.79617548,-90.07077915
CRMS0185-P01,,3/7/2014,10:40,CST,,,,,,,,,,,,,,,,,,,,,,,,,,,,,,,,,COASTAL ESTUARY SERVICES LLC,clogged @ 10cm & 30cm,29.79617548,-90.07077915
CRMS0185-P01,,5/8/2014,08:45,CST,,,,0.984,,,,,,,23.20,622.00,0.30,,,,,,,,,,,,,,,,,,,,COASTAL ESTUARY SERVICES LLC,PW clogging after multiple attempts at 10cm,29.79617548,-90.07077915
CRMS0185-P01,,6/10/2014,08:50,CST,,,,0.328,,,,,,,28.10,650.00,0.30,,,,,,,,,,,,,,,,,,,,COASTAL ESTUARY SERVICES LLC,PW clogging after multiple attempts at 30cm,29.79617548,-90.07077915
CRMS0185-P01,,8/21/2014,10:45,CST,,,,,,,,,,,,,,,,,,,,,,,,,,,,,,,,,COASTAL ESTUARY SERVICES LLC,clogged at 30 cm and 10 cm,29.79617548,-90.07077915
CRMS0185-P01,,9/23/2014,11:35,CST,,,,,,,,,,,,,,,,,,,,,,,,,,,,,,,,,COASTAL ESTUARY SERVICES LLC,clogged @ 10cm & 30cm,29.79617548,-90.07077915
CRMS0185-P01,,10/21/2014,09:00,CST,,,,0.328,,,,,,,21.90,576.00,0.20,,,,,,,,,,,,,,,,,,,,COASTAL ESTUARY SERVICES LLC,clogged at 30 cm,29.79617548,-90.07077915
CRMS0185-P01,,12/11/2014,10:15,CST,,,,,,,,,,,,,,,,,,,,,,,,,,,,,,,,,COASTAL ESTUARY SERVICES LLC,dry at 30cm and 10 cm,29.79617548,-90.07077915
CRMS0185-P01,,1/30/2015,09:45,CST,,,,,,,,,,,,,,,,,,,,,,,,,,,,,,,,,COASTAL ESTUARY SERVICES LLC,Dry at 10 cm and 30 cm,29.79617548,-90.07077915
CRMS0185-P01,,2/24/2015,13:30,CST,,,,,,,,,,,,,,,,,,,,,,,,,,,,,,,,,COASTAL ESTUARY SERVICES LLC,Clogged at 10cm and 30cm readings,29.79617548,-90.07077915
CRMS0185-P01,,3/27/2015,09:11,CST,,,,0.984,,,,,,,22.20,1144.00,0.60,,,,,,,,,,,,,,,,,,,,COASTAL ESTUARY SERVICES LLC,Sipper clogged for 10cm measurements,29.79617548,-90.07077915
CRMS0185-P01,,4/1/2015,09:11,CST,,,,0.984,,,,,,,22.20,1144.00,0.60,,,,,,,,,,,,,,,,,,,,COASTAL ESTUARY SERVICES LLC,Sipper clogged for 10cm measurements,29.79617548,-90.07077915
CRMS0185-P01,,4/15/2015,10:13,CST,,,,0.328,,,,,,,22.20,820.00,0.40,,,,,,,,,,,,,,,,,,,,COASTAL ESTUARY SERVICES LLC,,29.79617548,-90.07077915
CRMS0185-P01,,4/15/2015,10:13,CST,,,,0.984,,,,,,,26.00,490.00,0.20,,,,,,,,,,,,,,,,,,,,COASTAL ESTUARY SERVICES LLC,,29.79617548,-90.07077915
CRMS0185-P01,,5/22/2015,09:42,CST,,,,0.328,,,,,,,25.00,625.00,0.30,,,,,,,,,,,,,,,,,,,,COASTAL ESTUARY SERVICES LLC,,29.79617548,-90.07077915
CRMS0185-P01,,5/22/2015,09:42,CST,,,,0.984,,,,,,,24.70,785.00,0.40,,,,,,,,,,,,,,,,,,,,COASTAL ESTUARY SERVICES LLC,,29.79617548,-90.07077915
CRMS0185-P01,,7/8/2015,09:40,CST,,,,0.328,,,,,,,29.50,685.00,0.30,,,,,,,,,,,,,,,,,,,,COASTAL ESTUARY SERVICES LLC,Clogged at 30 cm,29.79617548,-90.07077915
CRMS0185-P01,,9/17/2015,12:30,CST,,,,0.328,,,,,,,25.90,1616.00,0.80,,,,,,,,,,,,,,,,,,,,COASTAL ESTUARY SERVICES LLC,,29.79617548,-90.07077915
CRMS0185-P01,,9/17/2015,12:30,CST,,,,0.984,,,,,,,25.80,1274.00,0.60,,,,,,,,,,,,,,,,,,,,COASTAL ESTUARY SERVICES LLC,,29.79617548,-90.07077915
CRMS0185-P01,,11/3/2015,11:17,CST,,,,,,,,,,,,,,,,,,,,,,,,,,,,,,,,,COASTAL ESTUARY SERVICES LLC,"Attempted to collect porewater; however, water was too deep and soil was not compact. ",29.79617548,-90.07077915
CRMS0185-P01,,12/11/2015,10:45,CST,,,,,,,,,,,,,,,,,,,,,,,,,,,,,,,,,COASTAL ESTUARY SERVICES LLC,Clogged for 30 cm and 10 cm Readings,29.79617548,-90.07077915
CRMS0185-P01,,1/27/2016,11:25,CST,,,,,,,,,,,,,,,,,,,,,,,,,,,,,,,,,COASTAL ESTUARY SERVICES LLC,Clogged at 10 cm and 30 cm,29.79617548,-90.07077915
CRMS0185-P01,,3/30/2016,08:50,CST,,,,,,,,,,,,,,,,,,,,,,,,,,,,,,,,,COASTAL ESTUARY SERVICES LLC,Sipper clogged for 10cm and 30cm measurements.,29.79617548,-90.07077915
CRMS0185-P01,,5/23/2016,09:25,CST,,,,0.328,,,,,,,24.90,758.00,0.40,,,,,,,,,,,,,,,,,,,,COASTAL ESTUARY SERVICES LLC,,29.79617548,-90.07077915
CRMS0185-P01,,5/23/2016,09:25,CST,,,,0.984,,,,,,,25.50,1227.00,0.60,,,,,,,,,,,,,,,,,,,,COASTAL ESTUARY SERVICES LLC,,29.79617548,-90.07077915
CRMS0185-P01,,6/13/2016,09:45,CST,,,,0.328,,,,,,,27.80,1730.00,0.90,,,,,,,,,,,,,,,,,,,,COASTAL ESTUARY SERVICES LLC,,29.79617548,-90.07077915
CRMS0185-P01,,6/13/2016,09:45,CST,,,,0.984,,,,,,,27.20,3250.00,1.70,,,,,,,,,,,,,,,,,,,,COASTAL ESTUARY SERVICES LLC,,29.79617548,-90.07077915
CRMS0185-P01,,9/20/2016,09:25,CST,,,,0.328,,,,,,,27.00,2531.00,1.30,,,,,,,,,,,,,,,,,,,,COASTAL ESTUARY SERVICES LLC,,29.79617548,-90.07077915
CRMS0185-P01,,9/20/2016,09:25,CST,,,,0.984,,,,,,,27.50,1304.00,0.60,,,,,,,,,,,,,,,,,,,,COASTAL ESTUARY SERVICES LLC,,29.79617548,-90.07077915
CRMS0185-P01,,11/1/2016,09:00,CST,,,,0.328,,,,,,,22.70,862.00,0.40,,,,,,,,,,,,,,,,,,,,COASTAL ESTUARY SERVICES LLC,,29.79617548,-90.07077915
CRMS0185-P01,,11/1/2016,09:00,CST,,,,0.984,,,,,,,,,,,,,,,,,,,,,,,,,,,,,COASTAL ESTUARY SERVICES LLC,Clogged,29.79617548,-90.07077915
CRMS0185-P01,,12/12/2016,12:20,CST,,,,0.328,,,,,,,,,,,,,,,,,,,,,,,,,,,,,COASTAL ESTUARY SERVICES LLC,clogged,29.79617548,-90.07077915
CRMS0185-P01,,12/12/2016,12:20,CST,,,,0.984,,,,,,,,,,,,,,,,,,,,,,,,,,,,,COASTAL ESTUARY SERVICES LLC,clogged,29.79617548,-90.07077915
CRMS0185-P01,,1/25/2017,12:00,CST,,,,0.328,,,,,,,,,,,,,,,,,,,,,,,,,,,,,COASTAL ESTUARY SERVICES LLC,Sipper clogged,29.79617548,-90.07077915
CRMS0185-P01,,1/25/2017,12:00,CST,,,,0.984,,,,,,,,,,,,,,,,,,,,,,,,,,,,,COASTAL ESTUARY SERVICES LLC,Sipper clogged,29.79617548,-90.07077915
CRMS0185-P01,,2/22/2017,13:00,CST,,,,0.328,,,,,,,,,,,,,,,,,,,,,,,,,,,,,COASTAL ESTUARY SERVICES LLC,clogged,29.79617548,-90.07077915
CRMS0185-P01,,2/22/2017,13:00,CST,,,,0.984,,,,,,,,,,,,,,,,,,,,,,,,,,,,,COASTAL ESTUARY SERVICES LLC,clogged,29.79617548,-90.07077915
CRMS0185-P01,,2/24/2017,10:30,CST,,,,0.328,,,,,,,20.90,1188.00,0.60,,,,,,,,,,,,,,,,,,,,COASTAL ESTUARY SERVICES LLC,,29.79617548,-90.07077915
CRMS0185-P01,,2/24/2017,10:30,CST,,,,0.984,,,,,,,20.00,958.00,0.50,,,,,,,,,,,,,,,,,,,,COASTAL ESTUARY SERVICES LLC,,29.79617548,-90.07077915
CRMS0185-P01,,3/31/2017,09:21,CST,,,,0.328,,,,,,,21.20,722.00,0.40,,,,,,,,,,,,,,,,,,,,COASTAL ESTUARY SERVICES LLC,,29.79617548,-90.07077915
CRMS0185-P01,,3/31/2017,09:21,CST,,,,0.984,,,,,,,21.10,795.00,0.40,,,,,,,,,,,,,,,,,,,,COASTAL ESTUARY SERVICES LLC,,29.79617548,-90.07077915
CRMS0185-P01,,6/9/2017,11:45,CST,,,,0.328,,,,,,,,,,,,,,,,,,,,,,,,,,,,,COASTAL ESTUARY SERVICES LLC,Sipper clogged for both 10cm and 30cm measurements.,29.79617548,-90.07077915
CRMS0185-P01,,6/9/2017,11:45,CST,,,,0.984,,,,,,,,,,,,,,,,,,,,,,,,,,,,,COASTAL ESTUARY SERVICES LLC,Sipper clogged for both 10cm and 30cm measurements.,29.79617548,-90.07077915
CRMS0185-P01,,7/10/2017,09:18,CST,,,,0.328,,,,,,,26.80,798.00,0.40,,,,,,,,,,,,,,,,,,,,COASTAL ESTUARY SERVICES LLC,,29.79617548,-90.07077915
CRMS0185-P01,,7/10/2017,09:18,CST,,,,0.984,,,,,,,25.70,679.00,0.30,,,,,,,,,,,,,,,,,,,,COASTAL ESTUARY SERVICES LLC,,29.79617548,-90.07077915
CRMS0185-P01,,9/27/2017,13:15,CST,,,,0.328,,,,,,,28.40,839.00,0.40,,,,,,,,,,,,,,,,,,,,COASTAL ESTUARY SERVICES LLC,,29.79617548,-90.07077915
CRMS0185-P01,,9/27/2017,13:15,CST,,,,0.984,,,,,,,27.00,825.00,0.40,,,,,,,,,,,,,,,,,,,,COASTAL ESTUARY SERVICES LLC,,29.79617548,-90.07077915
CRMS0185-P01,,11/22/2017,10:25,CST,,,,0.328,,,,,,,,,,,,,,,,,,,,,,,,,,,,,COASTAL ESTUARY SERVICES LLC,Clogged at 10 cm,29.79617548,-90.07077915
CRMS0185-P01,,11/22/2017,10:25,CST,,,,0.984,,,,,,,17.30,868.00,0.40,,,,,,,,,,,,,,,,,,,,COASTAL ESTUARY SERVICES LLC,,29.79617548,-90.07077915
CRMS0185-P01,,2/2/2018,12:21,CST,,,,0.328,,,,,,,,,,,,,,,,,,,,,,,,,,,,,COASTAL ESTUARY SERVICES LLC,Sipper pulling air for both 10cm and 30cm measurements.,29.79617548,-90.07077915
CRMS0185-P01,,2/2/2018,12:21,CST,,,,0.984,,,,,,,,,,,,,,,,,,,,,,,,,,,,,COASTAL ESTUARY SERVICES LLC,Sipper pulling air for both 10cm and 30cm measurements.,29.79617548,-90.07077915
CRMS0185-P01,,3/23/2018,09:35,CST,,,,0.328,,,,,,,,,,,,,,,,,,,,,,,,,,,,,COASTAL ESTUARY SERVICES LLC,Dry,29.79617548,-90.07077915
CRMS0185-P01,,3/23/2018,09:35,CST,,,,0.984,,,,,,,,,,,,,,,,,,,,,,,,,,,,,COASTAL ESTUARY SERVICES LLC,Dry,29.79617548,-90.07077915
CRMS0185-P01,,5/11/2018,10:45,CST,,,,0.328,,,,,,,,,,,,,,,,,,,,,,,,,,,,,COASTAL ESTUARY SERVICES LLC,clogged,29.79617548,-90.07077915
CRMS0185-P01,,5/11/2018,10:45,CST,,,,0.984,,,,,,,24.10,732.00,0.40,,,,,,,,,,,,,,,,,,,,COASTAL ESTUARY SERVICES LLC,,29.79617548,-90.07077915
CRMS0185-P01,,6/12/2018,09:40,CST,,,,0.328,,,,,,,,,,,,,,,,,,,,,,,,,,,,,COASTAL ESTUARY SERVICES LLC,Clogged at 10cm,29.79617548,-90.07077915
CRMS0185-P01,,6/12/2018,09:40,CST,,,,0.984,,,,,,,,,,,,,,,,,,,,,,,,,,,,,COASTAL ESTUARY SERVICES LLC,Clogged at 30cm,29.79617548,-90.07077915
CRMS0185-P01,,7/12/2018,11:00,CST,,,,0.328,,,,,,,26.00,893.00,0.40,,,,,,,,,,,,,,,,,,,,COASTAL ESTUARY SERVICES LLC,,29.79617548,-90.07077915
CRMS0185-P01,,7/12/2018,11:00,CST,,,,0.984,,,,,,,26.10,916.00,0.40,,,,,,,,,,,,,,,,,,,,COASTAL ESTUARY SERVICES LLC,,29.79617548,-90.07077915
CRMS0185-P01,,8/23/2018,08:58,CST,,,,0.328,,,,,,,,,,,,,,,,,,,,,,,,,,,,,COASTAL ESTUARY SERVICES LLC,,29.79617548,-90.07077915
CRMS0185-P01,,8/23/2018,08:58,CST,,,,0.984,,,,,,,26.90,974.00,0.50,,,,,,,,,,,,,,,,,,,,COASTAL ESTUARY SERVICES LLC,,29.79617548,-90.07077915
CRMS0185-P01,,10/12/2018,09:20,CST,,,,0.328,,,,,,,,,,,,,,,,,,,,,,,,,,,,,COASTAL ESTUARY SERVICES LLC,PW Clogging at 10 and 30 cm,29.79617548,-90.07077915
CRMS0185-P01,,10/12/2018,09:20,CST,,,,0.984,,,,,,,,,,,,,,,,,,,,,,,,,,,,,COASTAL ESTUARY SERVICES LLC,PW Clogging at 10 and 30 cm,29.79617548,-90.07077915
CRMS0185-P01,,11/19/2018,12:40,CST,,,,0.328,,,,,,,16.60,521.00,0.30,,,,,,,,,,,,,,,,,,,,COASTAL ESTUARY SERVICES LLC,Water pooling on marsh,29.79617548,-90.07077915
CRMS0185-P01,,11/19/2018,12:40,CST,,,,0.984,,,,,,,,,,,,,,,,,,,,,,,,,,,,,COASTAL ESTUARY SERVICES LLC,Clogged at 30 cm; water pooling on marsh,29.79617548,-90.07077915
CRMS0185-P01,,12/20/2018,10:12,CST,,,,0.328,,,,,,,13.90,365.70,0.20,,,,,,,,,,,,,,,,,,,,COASTAL ESTUARY SERVICES LLC,,29.79617548,-90.07077915
CRMS0185-P01,,12/20/2018,10:12,CST,,,,0.984,,,,,,,14.10,447.80,0.20,,,,,,,,,,,,,,,,,,,,COASTAL ESTUARY SERVICES LLC,,29.79617548,-90.07077915
CRMS0185-P01,,2/5/2019,12:50,CST,,,,0.328,,,,,,,,,,,,,,,,,,,,,,,,,,,,,COASTAL ESTUARY SERVICES LLC,clogged at 10cm,29.79617548,-90.07077915
CRMS0185-P01,,2/5/2019,12:50,CST,,,,0.984,,,,,,,,,,,,,,,,,,,,,,,,,,,,,COASTAL ESTUARY SERVICES LLC,clogged at 30cm,29.79617548,-90.07077915
CRMS0185-P01,,3/18/2019,09:40,CST,,,,0.328,,,,,,,16.30,882.00,0.40,,,,,,,,,,,,,,,,,,,,COASTAL ESTUARY SERVICES LLC,,29.79617548,-90.07077915
CRMS0185-P01,,3/18/2019,09:40,CST,,,,0.984,,,,,,,16.60,621.00,0.30,,,,,,,,,,,,,,,,,,,,COASTAL ESTUARY SERVICES LLC,,29.79617548,-90.07077915
CRMS0185-P01,,4/29/2019,11:00,CST,,,,0.328,,,,,,,,,,,,,,,,,,,,,,,,,,,,,COASTAL ESTUARY SERVICES LLC,clogged,29.79617548,-90.07077915
CRMS0185-P01,,4/29/2019,11:00,CST,,,,0.984,,,,,,,26.20,555.00,0.30,,,,,,,,,,,,,,,,,,,,COASTAL ESTUARY SERVICES LLC,,29.79617548,-90.07077915
CRMS0185-P01,,6/10/2019,10:55,CST,,,,0.328,,,,,,,,,,,,,,,,,,,,,,,,,,,,,COASTAL ESTUARY SERVICES LLC,clogged,29.79617548,-90.07077915
CRMS0185-P01,,6/10/2019,10:55,CST,,,,0.984,,,,,,,28.00,617.00,0.30,,,,,,,,,,,,,,,,,,,,COASTAL ESTUARY SERVICES LLC,,29.79617548,-90.07077915
CRMS0185-P01,,7/19/2019,10:33,CST,,,,0.328,,,,,,,,,,,,,,,,,,,,,,,,,,,,,COASTAL ESTUARY SERVICES LLC,Clogged,29.79617548,-90.07077915
CRMS0185-P01,,7/19/2019,10:33,CST,,,,0.984,,,,,,,,,,,,,,,,,,,,,,,,,,,,,COASTAL ESTUARY SERVICES LLC,Clogged,29.79617548,-90.07077915
CRMS0185-P01,,9/12/2019,09:15,CST,,,,0.328,,,,,,,,,,,,,,,,,,,,,,,,,,,,,COASTAL ESTUARY SERVICES LLC,Clogged at 10cm. 0.2' of water on marsh,29.79617548,-90.07077915
CRMS0185-P01,,9/12/2019,09:15,CST,,,,0.984,,,,,,,,,,,,,,,,,,,,,,,,,,,,,COASTAL ESTUARY SERVICES LLC,Clogged at 30cm. 0.2' of water on marsh,29.79617548,-90.07077915
CRMS0185-P01,,9/12/2019,10:30,CST,1.26,GEOID12A,,0.328,,,,,,,,,,,,,,,,,,,,,,,,,,,,,COASTAL ESTUARY SERVICES LLC,clogged,29.79617548,-90.07077915
CRMS0185-P01,,9/12/2019,10:30,CST,1.26,GEOID12A,,0.984,,,,,,,,,,,,,,,,,,,,,,,,,,,,,COASTAL ESTUARY SERVICES LLC,clogged,29.79617548,-90.07077915
CRMS0185-P01,,10/22/2019,10:30,CST,,,,0.328,,,,,,,,,,,,,,,,,,,,,,,,,,,,,COASTAL ESTUARY SERVICES LLC,Clogged,29.79617548,-90.07077915
CRMS0185-P01,,10/22/2019,10:30,CST,,,,0.984,,,,,,,,,,,,,,,,,,,,,,,,,,,,,COASTAL ESTUARY SERVICES LLC,Clogged,29.79617548,-90.07077915
CRMS0185-P01,,11/21/2019,10:20,CST,,,,0.328,,,,,,,15.20,902.00,0.40,,,,,,,,,,,,,,,,,,,,COASTAL ESTUARY SERVICES LLC,,29.79617548,-90.07077915
CRMS0185-P01,,11/21/2019,10:20,CST,,,,0.984,,,,,,,17.20,1300.00,0.70,,,,,,,,,,,,,,,,,,,,COASTAL ESTUARY SERVICES LLC,,29.79617548,-90.07077915
CRMS0185-P01,,1/13/2020,11:34,CST,1.35,GEOID12A,,0.328,,,,,,,,0.00,,,,,,,,,,,,,,,,,,,,,COASTAL ESTUARY SERVICES LLC,Clogged,29.79617548,-90.07077915
CRMS0185-P01,,1/13/2020,11:34,CST,1.35,GEOID12A,,0.984,,,,,,,,,,,,,,,,,,,,,,,,,,,,,COASTAL ESTUARY SERVICES LLC,Clogged,29.79617548,-90.07077915
CRMS0185-P01,,2/28/2020,11:18,CST,0.18,GEOID12A,,0.328,,,,,,,15.90,941.00,0.50,,,,,,,,,,,,,,,,,,,,COASTAL ESTUARY SERVICES LLC,Marsh Not Flooded,29.79617548,-90.07077915
CRMS0185-P01,,2/28/2020,11:18,CST,0.18,GEOID12A,,0.984,,,,,,,15.50,877.00,0.40,,,,,,,,,,,,,,,,,,,,COASTAL ESTUARY SERVICES LLC,Marsh Not Flooded,29.79617548,-90.07077915
CRMS0185-P01,,3/30/2020,08:58,CST,0.99,GEOID12A,,0.328,,,,,,,,,,,,,,,,,,,,,,,,,,,,,COASTAL ESTUARY SERVICES LLC,clogged; Marsh Not Flooded,29.79617548,-90.07077915
CRMS0185-P01,,3/30/2020,08:58,CST,0.99,GEOID12A,,0.984,,,,,,,,,,,,,,,,,,,,,,,,,,,,,COASTAL ESTUARY SERVICES LLC,clogged; Marsh Not Flooded,29.79617548,-90.07077915
CRMS0185-P01,,5/18/2020,09:40,CST,2.02,GEOID12A,,0.328,,,,,,,,,,,,,,,,,,,,,,,,,,,,,COASTAL ESTUARY SERVICES LLC,clogged at 10cm; Water depth on marsh: 0.95 ft,29.79617548,-90.07077915
CRMS0185-P01,,5/18/2020,09:40,CST,2.02,GEOID12A,,0.984,,,,,,,25.00,749.00,0.40,,,,,,,,,,,,,,,,,,,,COASTAL ESTUARY SERVICES LLC,Water depth on marsh: 0.95 ft,29.79617548,-90.07077915
CRMS0185-P01,,6/30/2020,09:10,CST,1.49,GEOID12A,,0.328,,,,,,,,,,,,,,,,,,,,,,,,,,,,,COASTAL ESTUARY SERVICES LLC,clogged at 10cm.; Water depth on marsh: 0.5 ft,29.79617548,-90.07077915
CRMS0185-P01,,6/30/2020,09:10,CST,1.49,GEOID12A,,0.984,,,,,,,28.30,743.00,0.40,,,,,,,,,,,,,,,,,,,,COASTAL ESTUARY SERVICES LLC,Water depth on marsh: 0.5 ft,29.79617548,-90.07077915
CRMS0185-P01,,8/21/2020,09:10,CST,1.10,GEOID12A,,0.328,,,,,,,,,,,,,,,,,,,,,,,,,,,,,COASTAL ESTUARY SERVICES LLC,clogged; Marsh Not Flooded,29.79617548,-90.07077915
CRMS0185-P01,,8/21/2020,09:10,CST,1.10,GEOID12A,,0.984,,,,,,,,,,,,,,,,,,,,,,,,,,,,,COASTAL ESTUARY SERVICES LLC,clogged; Marsh Not Flooded,29.79617548,-90.07077915
CRMS0185-P01,,10/26/2020,09:35,CST,1.38,GEOID12A,,0.328,,,,,,,22.60,2414.00,1.20,,,,,,,,,,,,,,,,,,,,COASTAL ESTUARY SERVICES LLC,Water depth on marsh: 0.4 ft,29.79617548,-90.07077915
CRMS0185-P01,,10/26/2020,09:35,CST,1.38,GEOID12A,,0.984,,,,,,,22.80,1536.00,0.80,,,,,,,,,,,,,,,,,,,,COASTAL ESTUARY SERVICES LLC,Water depth on marsh: 0.4 ft,29.79617548,-90.07077915
CRMS0185-P01,,12/2/2020,12:00,CST,0.18,GEOID12A,,0.328,,,,,,,,,,,,,,,,,,,,,,,,,,,,,COASTAL ESTUARY SERVICES LLC,Clogged,29.79617548,-90.07077915
CRMS0185-P01,,12/2/2020,12:00,CST,0.18,GEOID12A,,0.984,,,,,,,,,,,,,,,,,,,,,,,,,,,,,COASTAL ESTUARY SERVICES LLC,Clogged,29.79617548,-90.07077915
CRMS0185-P01,,1/4/2021,12:00,CST,0.67,GEOID12A,,0.328,,,,,,,14.10,2275.00,1.20,,,,,,,,,,,,,,,,,,,,COASTAL ESTUARY SERVICES LLC,Marsh Not Flooded,29.79617548,-90.07077915
CRMS0185-P01,,1/4/2021,12:00,CST,0.67,GEOID12A,,0.984,,,,,,,16.40,2680.00,1.40,,,,,,,,,,,,,,,,,,,,COASTAL ESTUARY SERVICES LLC,Marsh Not Flooded,29.79617548,-90.07077915
CRMS0185-P01,,2/8/2021,10:37,CST,0.67,GEOID12A,,0.328,,,,,,,13.80,2074.00,1.10,,,,,,,,,,,,,,,,,,,,COASTAL ESTUARY SERVICES LLC,Marsh Not Flooded,29.79617548,-90.07077915
CRMS0185-P01,,2/8/2021,10:37,CST,0.67,GEOID12A,,0.984,,,,,,,14.00,2110.00,1.10,,,,,,,,,,,,,,,,,,,,COASTAL ESTUARY SERVICES LLC,Marsh Not Flooded,29.79617548,-90.07077915
CRMS0185-P01,,3/25/2021,12:50,CST,2.38,GEOID12A,,0.328,,,,,,,,,,,,,,,,,,,,,,,,,,,,,COASTAL ESTUARY SERVICES LLC,Clogged; Water depth on marsh: 1.3 ft,29.79617548,-90.07077915
CRMS0185-P01,,3/25/2021,12:50,CST,2.38,GEOID12A,,0.984,,,,,,,,,,,,,,,,,,,,,,,,,,,,,COASTAL ESTUARY SERVICES LLC,Clogged; Water depth on marsh: 1.3 ft,29.79617548,-90.07077915
CRMS0185-P02,,10/20/2011,10:13,CST,,,,,,,,,,,,,,,,,,,,,,,,,,,,,,,,,COASTAL ESTUARY SERVICES LLC,,29.79617548,-90.07077915
CRMS0185-P02,,11/8/2011,11:40,CST,,,,0.328,,,,,,,22.10,1267.00,0.60,,,,,,,,,,,,,,,,,,,,COASTAL ESTUARY SERVICES LLC,,29.79617548,-90.07077915
CRMS0185-P02,,11/8/2011,11:40,CST,,,,0.984,,,,,,,20.70,1220.00,0.60,,,,,,,,,,,,,,,,,,,,COASTAL ESTUARY SERVICES LLC,,29.79617548,-90.07077915
CRMS0185-P02,,12/13/2011,12:15,CST,,,,,,,,,,,,,,,,,,,,,,,,,,,,,,,,,COASTAL ESTUARY SERVICES LLC,,29.79617548,-90.07077915
CRMS0185-P02,,1/11/2012,10:40,CST,,,,0.328,,,,,,,16.10,1254.00,0.60,,,,,,,,,,,,,,,,,,,,COASTAL ESTUARY SERVICES LLC,,29.79617548,-90.07077915
CRMS0185-P02,,1/11/2012,10:40,CST,,,,0.984,,,,,,,16.10,1247.00,0.60,,,,,,,,,,,,,,,,,,,,COASTAL ESTUARY SERVICES LLC,,29.79617548,-90.07077915
CRMS0185-P02,,2/7/2012,11:10,CST,,,,,,,,,,,,,,,,,,,,,,,,,,,,,,,,,COASTAL ESTUARY SERVICES LLC,,29.79617548,-90.07077915
CRMS0185-P02,,3/12/2012,10:15,CST,,,,,,,,,,,,,,,,,,,,,,,,,,,,,,,,,COASTAL ESTUARY SERVICES LLC,,29.79617548,-90.07077915
CRMS0185-P02,,5/24/2012,09:27,CST,,,,0.328,,,,,,,24.60,1131.00,0.60,,,,,,,,,,,,,,,,,,,,COASTAL ESTUARY SERVICES LLC,,29.79617548,-90.07077915
CRMS0185-P02,,5/24/2012,09:27,CST,,,,0.984,,,,,,,24.30,1037.00,0.50,,,,,,,,,,,,,,,,,,,,COASTAL ESTUARY SERVICES LLC,,29.79617548,-90.07077915
CRMS0185-P02,,11/13/2012,10:45,CST,,,,,,,,,,,,,,,,,,,,,,,,,,,,,,,,,COASTAL ESTUARY SERVICES LLC,,29.79617548,-90.07077915
CRMS0185-P02,,12/27/2012,11:55,CST,,,,,,,,,,,,,,,,,,,,,,,,,,,,,,,,,COASTAL ESTUARY SERVICES LLC,clogged @ 10cm & 30cm,29.79617548,-90.07077915
CRMS0185-P02,,2/1/2013,12:30,CST,,,,0.328,,,,,,,14.50,737.00,0.40,,,,,,,,,,,,,,,,,,,,COASTAL ESTUARY SERVICES LLC,,29.79617548,-90.07077915
CRMS0185-P02,,2/1/2013,12:30,CST,,,,0.984,,,,,,,14.90,756.00,0.40,,,,,,,,,,,,,,,,,,,,COASTAL ESTUARY SERVICES LLC,,29.79617548,-90.07077915
CRMS0185-P02,,4/5/2013,10:35,CST,,,,,,,,,,,,,,,,,,,,,,,,,,,,,,,,,COASTAL ESTUARY SERVICES LLC,10 cm and 30 cm readings are clogging,29.79617548,-90.07077915
CRMS0185-P02,,5/16/2013,09:05,CST,,,,,,,,,,,,,,,,,,,,,,,,,,,,,,,,,COASTAL ESTUARY SERVICES LLC,clogged @ 10cm & 30cm,29.79617548,-90.07077915
CRMS0185-P02,,6/24/2013,09:30,CST,,,,,,,,,,,,,,,,,,,,,,,,,,,,,,,,,COASTAL ESTUARY SERVICES LLC,clogged @ 10cm & 30cm,29.79617548,-90.07077915
CRMS0185-P02,,9/10/2013,09:15,CST,,,,,,,,,,,,,,,,,,,,,,,,,,,,,,,,,COASTAL ESTUARY SERVICES LLC,30 and 10cm PW clogging after multiple attempts,29.79617548,-90.07077915
CRMS0185-P02,,10/31/2013,09:05,CST,,,,,,,,,,,,,,,,,,,,,,,,,,,,,,,,,COASTAL ESTUARY SERVICES LLC,clogged @ 10cm & 30cm,29.79617548,-90.07077915
CRMS0185-P02,,12/2/2013,10:40,CST,,,,0.328,,,,,,,15.90,687.00,0.30,,,,,,,,,,,,,,,,,,,,COASTAL ESTUARY SERVICES LLC,,29.79617548,-90.07077915
CRMS0185-P02,,12/2/2013,10:40,CST,,,,0.984,,,,,,,16.40,695.00,0.30,,,,,,,,,,,,,,,,,,,,COASTAL ESTUARY SERVICES LLC,,29.79617548,-90.07077915
CRMS0185-P02,,2/3/2014,11:30,CST,,,,,,,,,,,,,,,,,,,,,,,,,,,,,,,,,COASTAL ESTUARY SERVICES LLC,clogged at 10cm and 30cm,29.79617548,-90.07077915
CRMS0185-P02,,3/7/2014,10:40,CST,,,,,,,,,,,,,,,,,,,,,,,,,,,,,,,,,COASTAL ESTUARY SERVICES LLC,clogged @ 10cm & 30cm,29.79617548,-90.07077915
CRMS0185-P02,,5/8/2014,08:45,CST,,,,,,,,,,,,,,,,,,,,,,,,,,,,,,,,,COASTAL ESTUARY SERVICES LLC,PW clogging after multiple attempts at 10 and 30cm,29.79617548,-90.07077915
CRMS0185-P02,,6/10/2014,08:50,CST,,,,0.328,,,,,,,28.00,645.00,0.30,,,,,,,,,,,,,,,,,,,,COASTAL ESTUARY SERVICES LLC,PW clogging after multiple attempts at 30cm,29.79617548,-90.07077915
CRMS0185-P02,,8/21/2014,10:45,CST,,,,,,,,,,,,,,,,,,,,,,,,,,,,,,,,,COASTAL ESTUARY SERVICES LLC,clogged at 30 cm and 10 cm,29.79617548,-90.07077915
CRMS0185-P02,,9/23/2014,11:35,CST,,,,,,,,,,,,,,,,,,,,,,,,,,,,,,,,,COASTAL ESTUARY SERVICES LLC,clogged @ 10cm & 30cm,29.79617548,-90.07077915
CRMS0185-P02,,10/21/2014,09:00,CST,,,,,,,,,,,,,,,,,,,,,,,,,,,,,,,,,COASTAL ESTUARY SERVICES LLC,clogged at 30 cm and 10 cm,29.79617548,-90.07077915
CRMS0185-P02,,12/11/2014,10:15,CST,,,,,,,,,,,,,,,,,,,,,,,,,,,,,,,,,COASTAL ESTUARY SERVICES LLC,dry at 30cm and 10 cm,29.79617548,-90.07077915
CRMS0185-P02,,1/30/2015,09:45,CST,,,,,,,,,,,,,,,,,,,,,,,,,,,,,,,,,COASTAL ESTUARY SERVICES LLC,Dry at 10 cm and 30 cm,29.79617548,-90.07077915
CRMS0185-P02,,2/24/2015,13:30,CST,,,,,,,,,,,,,,,,,,,,,,,,,,,,,,,,,COASTAL ESTUARY SERVICES LLC,Clogged at 10cm and 30cm readings,29.79617548,-90.07077915
CRMS0185-P02,,3/27/2015,09:11,CST,,,,0.984,,,,,,,21.00,1000.00,0.50,,,,,,,,,,,,,,,,,,,,COASTAL ESTUARY SERVICES LLC,Sipper clogged for 10cm measurements,29.79617548,-90.07077915
CRMS0185-P02,,4/1/2015,09:11,CST,,,,0.984,,,,,,,21.00,1000.00,0.50,,,,,,,,,,,,,,,,,,,,COASTAL ESTUARY SERVICES LLC,Sipper clogged for 10cm measurements,29.79617548,-90.07077915
CRMS0185-P02,,4/15/2015,10:13,CST,,,,0.328,,,,,,,23.70,763.00,0.40,,,,,,,,,,,,,,,,,,,,COASTAL ESTUARY SERVICES LLC,,29.79617548,-90.07077915
CRMS0185-P02,,4/15/2015,10:13,CST,,,,0.984,,,,,,,23.50,672.00,0.30,,,,,,,,,,,,,,,,,,,,COASTAL ESTUARY SERVICES LLC,,29.79617548,-90.07077915
CRMS0185-P02,,5/22/2015,09:42,CST,,,,0.328,,,,,,,25.40,632.00,0.30,,,,,,,,,,,,,,,,,,,,COASTAL ESTUARY SERVICES LLC,,29.79617548,-90.07077915
CRMS0185-P02,,5/22/2015,09:42,CST,,,,0.984,,,,,,,24.50,628.00,0.30,,,,,,,,,,,,,,,,,,,,COASTAL ESTUARY SERVICES LLC,,29.79617548,-90.07077915
CRMS0185-P02,,7/8/2015,09:40,CST,,,,0.328,,,,,,,30.30,633.00,0.30,,,,,,,,,,,,,,,,,,,,COASTAL ESTUARY SERVICES LLC,Clogged at 30 cm,29.79617548,-90.07077915
CRMS0185-P02,,9/17/2015,12:30,CST,,,,0.328,,,,,,,25.80,1746.00,0.90,,,,,,,,,,,,,,,,,,,,COASTAL ESTUARY SERVICES LLC,,29.79617548,-90.07077915
CRMS0185-P02,,9/17/2015,12:30,CST,,,,0.984,,,,,,,25.70,1263.00,0.60,,,,,,,,,,,,,,,,,,,,COASTAL ESTUARY SERVICES LLC,,29.79617548,-90.07077915
CRMS0185-P02,,11/3/2015,11:17,CST,,,,,,,,,,,,,,,,,,,,,,,,,,,,,,,,,COASTAL ESTUARY SERVICES LLC,"Attempted to collect porewater; however, water was too deep and soil was not compact. ",29.79617548,-90.07077915
CRMS0185-P02,,12/11/2015,10:45,CST,,,,,,,,,,,,,,,,,,,,,,,,,,,,,,,,,COASTAL ESTUARY SERVICES LLC,Clogged for 30 cm and 10 cm Readings,29.79617548,-90.07077915
CRMS0185-P02,,1/27/2016,11:25,CST,,,,,,,,,,,,,,,,,,,,,,,,,,,,,,,,,COASTAL ESTUARY SERVICES LLC,Clogged at 10 cm and 30 cm,29.79617548,-90.07077915
CRMS0185-P02,,3/30/2016,08:50,CST,,,,,,,,,,,,,,,,,,,,,,,,,,,,,,,,,COASTAL ESTUARY SERVICES LLC,Sipper clogged for 10cm and 30cm measurements.,29.79617548,-90.07077915
CRMS0185-P02,,5/23/2016,09:25,CST,,,,0.328,,,,,,,24.90,741.00,0.40,,,,,,,,,,,,,,,,,,,,COASTAL ESTUARY SERVICES LLC,,29.79617548,-90.07077915
CRMS0185-P02,,5/23/2016,09:25,CST,,,,0.984,,,,,,,25.50,858.00,0.40,,,,,,,,,,,,,,,,,,,,COASTAL ESTUARY SERVICES LLC,,29.79617548,-90.07077915
CRMS0185-P02,,6/13/2016,09:45,CST,,,,0.328,,,,,,,27.80,2370.00,1.20,,,,,,,,,,,,,,,,,,,,COASTAL ESTUARY SERVICES LLC,,29.79617548,-90.07077915
CRMS0185-P02,,6/13/2016,09:45,CST,,,,0.984,,,,,,,27.40,2510.00,1.30,,,,,,,,,,,,,,,,,,,,COASTAL ESTUARY SERVICES LLC,,29.79617548,-90.07077915
CRMS0185-P02,,9/20/2016,09:25,CST,,,,0.328,,,,,,,27.50,2225.00,1.00,,,,,,,,,,,,,,,,,,,,COASTAL ESTUARY SERVICES LLC,,29.79617548,-90.07077915
CRMS0185-P02,,9/20/2016,09:25,CST,,,,0.984,,,,,,,26.80,1035.00,0.50,,,,,,,,,,,,,,,,,,,,COASTAL ESTUARY SERVICES LLC,,29.79617548,-90.07077915
CRMS0185-P02,,11/1/2016,09:00,CST,,,,0.328,,,,,,,22.80,841.00,0.40,,,,,,,,,,,,,,,,,,,,COASTAL ESTUARY SERVICES LLC,,29.79617548,-90.07077915
CRMS0185-P02,,11/1/2016,09:00,CST,,,,0.984,,,,,,,,,,,,,,,,,,,,,,,,,,,,,COASTAL ESTUARY SERVICES LLC,Clogged,29.79617548,-90.07077915
CRMS0185-P02,,12/12/2016,12:20,CST,,,,0.328,,,,,,,,,,,,,,,,,,,,,,,,,,,,,COASTAL ESTUARY SERVICES LLC,clogged,29.79617548,-90.07077915
CRMS0185-P02,,12/12/2016,12:20,CST,,,,0.984,,,,,,,,,,,,,,,,,,,,,,,,,,,,,COASTAL ESTUARY SERVICES LLC,clogged,29.79617548,-90.07077915
CRMS0185-P02,,1/25/2017,12:00,CST,,,,0.328,,,,,,,,,,,,,,,,,,,,,,,,,,,,,COASTAL ESTUARY SERVICES LLC,Sipper clogged,29.79617548,-90.07077915
CRMS0185-P02,,1/25/2017,12:00,CST,,,,0.984,,,,,,,,,,,,,,,,,,,,,,,,,,,,,COASTAL ESTUARY SERVICES LLC,Sipper clogged,29.79617548,-90.07077915
CRMS0185-P02,,2/22/2017,13:00,CST,,,,0.328,,,,,,,,,,,,,,,,,,,,,,,,,,,,,COASTAL ESTUARY SERVICES LLC,clogged,29.79617548,-90.07077915
CRMS0185-P02,,2/22/2017,13:00,CST,,,,0.984,,,,,,,,,,,,,,,,,,,,,,,,,,,,,COASTAL ESTUARY SERVICES LLC,clogged,29.79617548,-90.07077915
CRMS0185-P02,,2/24/2017,10:30,CST,,,,0.328,,,,,,,20.20,849.00,0.40,,,,,,,,,,,,,,,,,,,,COASTAL ESTUARY SERVICES LLC,,29.79617548,-90.07077915
CRMS0185-P02,,2/24/2017,10:30,CST,,,,0.984,,,,,,,20.20,987.00,0.50,,,,,,,,,,,,,,,,,,,,COASTAL ESTUARY SERVICES LLC,,29.79617548,-90.07077915
CRMS0185-P02,,3/31/2017,09:21,CST,,,,0.328,,,,,,,21.10,712.00,0.30,,,,,,,,,,,,,,,,,,,,COASTAL ESTUARY SERVICES LLC,,29.79617548,-90.07077915
CRMS0185-P02,,3/31/2017,09:21,CST,,,,0.984,,,,,,,20.60,724.00,0.40,,,,,,,,,,,,,,,,,,,,COASTAL ESTUARY SERVICES LLC,,29.79617548,-90.07077915
CRMS0185-P02,,6/9/2017,11:45,CST,,,,0.328,,,,,,,,,,,,,,,,,,,,,,,,,,,,,COASTAL ESTUARY SERVICES LLC,Sipper clogged for both 10cm and 30cm measurements.,29.79617548,-90.07077915
CRMS0185-P02,,6/9/2017,11:45,CST,,,,0.984,,,,,,,,,,,,,,,,,,,,,,,,,,,,,COASTAL ESTUARY SERVICES LLC,Sipper clogged for both 10cm and 30cm measurements.,29.79617548,-90.07077915
CRMS0185-P02,,7/10/2017,09:18,CST,,,,0.328,,,,,,,26.40,778.00,0.40,,,,,,,,,,,,,,,,,,,,COASTAL ESTUARY SERVICES LLC,,29.79617548,-90.07077915
CRMS0185-P02,,7/10/2017,09:18,CST,,,,0.984,,,,,,,25.70,674.00,0.30,,,,,,,,,,,,,,,,,,,,COASTAL ESTUARY SERVICES LLC,,29.79617548,-90.07077915
CRMS0185-P02,,9/27/2017,13:15,CST,,,,0.328,,,,,,,27.60,755.00,0.40,,,,,,,,,,,,,,,,,,,,COASTAL ESTUARY SERVICES LLC,,29.79617548,-90.07077915
CRMS0185-P02,,9/27/2017,13:15,CST,,,,0.984,,,,,,,26.40,856.00,0.40,,,,,,,,,,,,,,,,,,,,COASTAL ESTUARY SERVICES LLC,,29.79617548,-90.07077915
CRMS0185-P02,,11/22/2017,10:26,CST,,,,0.328,,,,,,,,,,,,,,,,,,,,,,,,,,,,,COASTAL ESTUARY SERVICES LLC,Clogged at 10 cm,29.79617548,-90.07077915
CRMS0185-P02,,11/22/2017,10:26,CST,,,,0.984,,,,,,,17.30,851.00,0.40,,,,,,,,,,,,,,,,,,,,COASTAL ESTUARY SERVICES LLC,,29.79617548,-90.07077915
CRMS0185-P02,,2/2/2018,12:21,CST,,,,0.328,,,,,,,,,,,,,,,,,,,,,,,,,,,,,COASTAL ESTUARY SERVICES LLC,Sipper pulling air for both 10cm and 30cm measurements.,29.79617548,-90.07077915
CRMS0185-P02,,2/2/2018,12:21,CST,,,,0.984,,,,,,,,,,,,,,,,,,,,,,,,,,,,,COASTAL ESTUARY SERVICES LLC,Sipper pulling air for both 10cm and 30cm measurements.,29.79617548,-90.07077915
CRMS0185-P02,,3/23/2018,09:35,CST,,,,0.328,,,,,,,,,,,,,,,,,,,,,,,,,,,,,COASTAL ESTUARY SERVICES LLC,Dry,29.79617548,-90.07077915
CRMS0185-P02,,3/23/2018,09:35,CST,,,,0.984,,,,,,,,,,,,,,,,,,,,,,,,,,,,,COASTAL ESTUARY SERVICES LLC,Dry,29.79617548,-90.07077915
CRMS0185-P02,,5/11/2018,10:45,CST,,,,0.328,,,,,,,,,,,,,,,,,,,,,,,,,,,,,COASTAL ESTUARY SERVICES LLC,clogged,29.79617548,-90.07077915
CRMS0185-P02,,5/11/2018,10:45,CST,,,,0.984,,,,,,,23.30,717.00,0.40,,,,,,,,,,,,,,,,,,,,COASTAL ESTUARY SERVICES LLC,,29.79617548,-90.07077915
CRMS0185-P02,,6/12/2018,09:40,CST,,,,0.328,,,,,,,,,,,,,,,,,,,,,,,,,,,,,COASTAL ESTUARY SERVICES LLC,Clogged at 10cm,29.79617548,-90.07077915
CRMS0185-P02,,6/12/2018,09:40,CST,,,,0.984,,,,,,,,,,,,,,,,,,,,,,,,,,,,,COASTAL ESTUARY SERVICES LLC,Clogged at 30cm,29.79617548,-90.07077915
CRMS0185-P02,,7/12/2018,11:00,CST,,,,0.328,,,,,,,25.70,892.00,0.40,,,,,,,,,,,,,,,,,,,,COASTAL ESTUARY SERVICES LLC,,29.79617548,-90.07077915
CRMS0185-P02,,7/12/2018,11:00,CST,,,,0.984,,,,,,,26.40,897.00,0.40,,,,,,,,,,,,,,,,,,,,COASTAL ESTUARY SERVICES LLC,,29.79617548,-90.07077915
CRMS0185-P02,,8/23/2018,08:58,CST,,,,0.328,,,,,,,,,,,,,,,,,,,,,,,,,,,,,COASTAL ESTUARY SERVICES LLC,,29.79617548,-90.07077915
CRMS0185-P02,,8/23/2018,08:58,CST,,,,0.984,,,,,,,26.70,924.00,0.50,,,,,,,,,,,,,,,,,,,,COASTAL ESTUARY SERVICES LLC,,29.79617548,-90.07077915
CRMS0185-P02,,10/12/2018,09:20,CST,,,,0.328,,,,,,,,,,,,,,,,,,,,,,,,,,,,,COASTAL ESTUARY SERVICES LLC,PW Clogging at 10 and 30 cm,29.79617548,-90.07077915
CRMS0185-P02,,10/12/2018,09:20,CST,,,,0.984,,,,,,,,,,,,,,,,,,,,,,,,,,,,,COASTAL ESTUARY SERVICES LLC,PW Clogging at 10 and 30 cm,29.79617548,-90.07077915
CRMS0185-P02,,11/19/2018,12:40,CST,,,,0.328,,,,,,,15.30,519.00,0.30,,,,,,,,,,,,,,,,,,,,COASTAL ESTUARY SERVICES LLC,Water pooling on marsh,29.79617548,-90.07077915
CRMS0185-P02,,11/19/2018,12:40,CST,,,,0.984,,,,,,,,,,,,,,,,,,,,,,,,,,,,,COASTAL ESTUARY SERVICES LLC,Clogged at 30 cm; water pooling on marsh,29.79617548,-90.07077915
CRMS0185-P02,,12/20/2018,10:12,CST,,,,0.328,,,,,,,14.10,359.00,0.20,,,,,,,,,,,,,,,,,,,,COASTAL ESTUARY SERVICES LLC,,29.79617548,-90.07077915
CRMS0185-P02,,12/20/2018,10:12,CST,,,,0.984,,,,,,,13.90,419.30,0.20,,,,,,,,,,,,,,,,,,,,COASTAL ESTUARY SERVICES LLC,,29.79617548,-90.07077915
CRMS0185-P02,,2/5/2019,12:50,CST,,,,0.328,,,,,,,,,,,,,,,,,,,,,,,,,,,,,COASTAL ESTUARY SERVICES LLC,clogged at 10cm,29.79617548,-90.07077915
CRMS0185-P02,,2/5/2019,12:50,CST,,,,0.984,,,,,,,,,,,,,,,,,,,,,,,,,,,,,COASTAL ESTUARY SERVICES LLC,clogged at 30cm,29.79617548,-90.07077915
CRMS0185-P02,,3/18/2019,09:40,CST,,,,0.328,,,,,,,16.30,622.00,0.30,,,,,,,,,,,,,,,,,,,,COASTAL ESTUARY SERVICES LLC,,29.79617548,-90.07077915
CRMS0185-P02,,3/18/2019,09:40,CST,,,,0.984,,,,,,,16.60,622.00,0.30,,,,,,,,,,,,,,,,,,,,COASTAL ESTUARY SERVICES LLC,,29.79617548,-90.07077915
CRMS0185-P02,,4/29/2019,11:00,CST,,,,0.328,,,,,,,,,,,,,,,,,,,,,,,,,,,,,COASTAL ESTUARY SERVICES LLC,clogged,29.79617548,-90.07077915
CRMS0185-P02,,4/29/2019,11:00,CST,,,,0.984,,,,,,,23.20,555.00,0.30,,,,,,,,,,,,,,,,,,,,COASTAL ESTUARY SERVICES LLC,,29.79617548,-90.07077915
CRMS0185-P02,,6/10/2019,10:55,CST,,,,0.328,,,,,,,,,,,,,,,,,,,,,,,,,,,,,COASTAL ESTUARY SERVICES LLC,clogged,29.79617548,-90.07077915
CRMS0185-P02,,6/10/2019,10:55,CST,,,,0.984,,,,,,,27.10,618.00,0.30,,,,,,,,,,,,,,,,,,,,COASTAL ESTUARY SERVICES LLC,,29.79617548,-90.07077915
CRMS0185-P02,,7/19/2019,10:33,CST,,,,0.328,,,,,,,,,,,,,,,,,,,,,,,,,,,,,COASTAL ESTUARY SERVICES LLC,Clogged,29.79617548,-90.07077915
CRMS0185-P02,,7/19/2019,10:33,CST,,,,0.984,,,,,,,,,,,,,,,,,,,,,,,,,,,,,COASTAL ESTUARY SERVICES LLC,Clogged,29.79617548,-90.07077915
CRMS0185-P02,,9/12/2019,09:15,CST,,,,0.328,,,,,,,,,,,,,,,,,,,,,,,,,,,,,COASTAL ESTUARY SERVICES LLC,Clogged at 10cm. 0.2' of water on marsh,29.79617548,-90.07077915
CRMS0185-P02,,9/12/2019,09:15,CST,,,,0.984,,,,,,,,,,,,,,,,,,,,,,,,,,,,,COASTAL ESTUARY SERVICES LLC,Clogged at 30cm. 0.2' of water on marsh,29.79617548,-90.07077915
CRMS0185-P02,,9/12/2019,10:30,CST,1.26,GEOID12A,,0.328,,,,,,,,,,,,,,,,,,,,,,,,,,,,,COASTAL ESTUARY SERVICES LLC,clogged,29.79617548,-90.07077915
CRMS0185-P02,,9/12/2019,10:30,CST,1.26,GEOID12A,,0.984,,,,,,,,,,,,,,,,,,,,,,,,,,,,,COASTAL ESTUARY SERVICES LLC,clogged,29.79617548,-90.07077915
CRMS0185-P02,,10/22/2019,10:30,CST,,,,0.328,,,,,,,,,,,,,,,,,,,,,,,,,,,,,COASTAL ESTUARY SERVICES LLC,Clogged,29.79617548,-90.07077915
CRMS0185-P02,,10/22/2019,10:30,CST,,,,0.984,,,,,,,,,,,,,,,,,,,,,,,,,,,,,COASTAL ESTUARY SERVICES LLC,Clogged,29.79617548,-90.07077915
CRMS0185-P02,,11/21/2019,10:20,CST,,,,0.328,,,,,,,14.90,899.00,0.40,,,,,,,,,,,,,,,,,,,,COASTAL ESTUARY SERVICES LLC,,29.79617548,-90.07077915
CRMS0185-P02,,11/21/2019,10:20,CST,,,,0.984,,,,,,,16.30,916.00,0.50,,,,,,,,,,,,,,,,,,,,COASTAL ESTUARY SERVICES LLC,,29.79617548,-90.07077915
CRMS0185-P02,,1/13/2020,11:34,CST,1.35,GEOID12A,,0.328,,,,,,,,,,,,,,,,,,,,,,,,,,,,,COASTAL ESTUARY SERVICES LLC,Clogged,29.79617548,-90.07077915
CRMS0185-P02,,1/13/2020,11:34,CST,1.35,GEOID12A,,0.984,,,,,,,,,,,,,,,,,,,,,,,,,,,,,COASTAL ESTUARY SERVICES LLC,Clogged,29.79617548,-90.07077915
CRMS0185-P02,,2/28/2020,11:18,CST,0.18,GEOID12A,,0.328,,,,,,,15.10,904.00,0.40,,,,,,,,,,,,,,,,,,,,COASTAL ESTUARY SERVICES LLC,Marsh Not Flooded,29.79617548,-90.07077915
CRMS0185-P02,,2/28/2020,11:18,CST,0.18,GEOID12A,,0.984,,,,,,,15.50,881.00,0.40,,,,,,,,,,,,,,,,,,,,COASTAL ESTUARY SERVICES LLC,Marsh Not Flooded,29.79617548,-90.07077915
CRMS0185-P02,,3/30/2020,08:58,CST,0.99,GEOID12A,,0.328,,,,,,,,,,,,,,,,,,,,,,,,,,,,,COASTAL ESTUARY SERVICES LLC,clogged; Marsh Not Flooded,29.79617548,-90.07077915
CRMS0185-P02,,3/30/2020,08:58,CST,0.99,GEOID12A,,0.984,,,,,,,,,,,,,,,,,,,,,,,,,,,,,COASTAL ESTUARY SERVICES LLC,clogged; Marsh Not Flooded,29.79617548,-90.07077915
CRMS0185-P02,,5/18/2020,09:40,CST,2.02,GEOID12A,,0.328,,,,,,,,,,,,,,,,,,,,,,,,,,,,,COASTAL ESTUARY SERVICES LLC,clogged at 10cm; Water depth on marsh: 0.95 ft,29.79617548,-90.07077915
CRMS0185-P02,,5/18/2020,09:40,CST,2.02,GEOID12A,,0.984,,,,,,,24.90,746.00,0.40,,,,,,,,,,,,,,,,,,,,COASTAL ESTUARY SERVICES LLC,Water depth on marsh: 0.95 ft,29.79617548,-90.07077915
CRMS0185-P02,,6/30/2020,09:10,CST,1.49,GEOID12A,,0.328,,,,,,,,,,,,,,,,,,,,,,,,,,,,,COASTAL ESTUARY SERVICES LLC,clogged at 10cm.; Water depth on marsh: 0.5 ft,29.79617548,-90.07077915
CRMS0185-P02,,6/30/2020,09:10,CST,1.49,GEOID12A,,0.984,,,,,,,27.80,1091.00,0.50,,,,,,,,,,,,,,,,,,,,COASTAL ESTUARY SERVICES LLC,Water depth on marsh: 0.5 ft,29.79617548,-90.07077915
CRMS0185-P02,,8/21/2020,09:10,CST,1.10,GEOID12A,,0.328,,,,,,,,,,,,,,,,,,,,,,,,,,,,,COASTAL ESTUARY SERVICES LLC,clogged; Marsh Not Flooded,29.79617548,-90.07077915
CRMS0185-P02,,8/21/2020,09:10,CST,1.10,GEOID12A,,0.984,,,,,,,,,,,,,,,,,,,,,,,,,,,,,COASTAL ESTUARY SERVICES LLC,clogged; Marsh Not Flooded,29.79617548,-90.07077915
CRMS0185-P02,,10/26/2020,09:35,CST,1.38,GEOID12A,,0.328,,,,,,,22.60,2629.00,1.40,,,,,,,,,,,,,,,,,,,,COASTAL ESTUARY SERVICES LLC,Water depth on marsh: 0.4 ft,29.79617548,-90.07077915
CRMS0185-P02,,10/26/2020,09:35,CST,1.38,GEOID12A,,0.984,,,,,,,22.60,1218.00,0.60,,,,,,,,,,,,,,,,,,,,COASTAL ESTUARY SERVICES LLC,Water depth on marsh: 0.4 ft,29.79617548,-90.07077915
CRMS0185-P02,,12/2/2020,12:00,CST,0.18,GEOID12A,,0.328,,,,,,,,,,,,,,,,,,,,,,,,,,,,,COASTAL ESTUARY SERVICES LLC,Clogged,29.79617548,-90.07077915
CRMS0185-P02,,12/2/2020,12:00,CST,0.18,GEOID12A,,0.984,,,,,,,,,,,,,,,,,,,,,,,,,,,,,COASTAL ESTUARY SERVICES LLC,Clogged,29.79617548,-90.07077915
CRMS0185-P02,,1/4/2021,12:00,CST,0.67,GEOID12A,,0.328,,,,,,,14.50,2273.00,1.20,,,,,,,,,,,,,,,,,,,,COASTAL ESTUARY SERVICES LLC,Marsh Not Flooded,29.79617548,-90.07077915
CRMS0185-P02,,1/4/2021,12:00,CST,0.67,GEOID12A,,0.984,,,,,,,16.80,2358.00,1.20,,,,,,,,,,,,,,,,,,,,COASTAL ESTUARY SERVICES LLC,Marsh Not Flooded,29.79617548,-90.07077915
CRMS0185-P02,,2/8/2021,10:37,CST,0.67,GEOID12A,,0.328,,,,,,,13.90,2082.00,1.10,,,,,,,,,,,,,,,,,,,,COASTAL ESTUARY SERVICES LLC,Marsh Not Flooded,29.79617548,-90.07077915
CRMS0185-P02,,2/8/2021,10:37,CST,0.67,GEOID12A,,0.984,,,,,,,14.10,2110.00,1.10,,,,,,,,,,,,,,,,,,,,COASTAL ESTUARY SERVICES LLC,Marsh Not Flooded,29.79617548,-90.07077915
CRMS0185-P02,,3/25/2021,12:50,CST,2.38,GEOID12A,,0.328,,,,,,,,,,,,,,,,,,,,,,,,,,,,,COASTAL ESTUARY SERVICES LLC,Clogged; Water depth on marsh: 1.3 ft,29.79617548,-90.07077915
CRMS0185-P02,,3/25/2021,12:50,CST,2.38,GEOID12A,,0.984,,,,,,,,,,,,,,,,,,,,,,,,,,,,,COASTAL ESTUARY SERVICES LLC,Clogged; Water depth on marsh: 1.3 ft,29.79617548,-90.07077915
CRMS0185-P03,,10/20/2011,10:13,CST,,,,,,,,,,,,,,,,,,,,,,,,,,,,,,,,,COASTAL ESTUARY SERVICES LLC,,29.79617548,-90.07077915
CRMS0185-P03,,11/8/2011,11:40,CST,,,,0.328,,,,,,,22.00,1296.00,0.60,,,,,,,,,,,,,,,,,,,,COASTAL ESTUARY SERVICES LLC,,29.79617548,-90.07077915
CRMS0185-P03,,11/8/2011,11:40,CST,,,,0.984,,,,,,,20.70,1210.00,0.60,,,,,,,,,,,,,,,,,,,,COASTAL ESTUARY SERVICES LLC,,29.79617548,-90.07077915
CRMS0185-P03,,12/13/2011,12:15,CST,,,,,,,,,,,,,,,,,,,,,,,,,,,,,,,,,COASTAL ESTUARY SERVICES LLC,,29.79617548,-90.07077915
CRMS0185-P03,,1/11/2012,10:40,CST,,,,0.328,,,,,,,16.10,1225.00,0.60,,,,,,,,,,,,,,,,,,,,COASTAL ESTUARY SERVICES LLC,,29.79617548,-90.07077915
CRMS0185-P03,,1/11/2012,10:40,CST,,,,0.984,,,,,,,16.20,1177.00,0.60,,,,,,,,,,,,,,,,,,,,COASTAL ESTUARY SERVICES LLC,,29.79617548,-90.07077915
CRMS0185-P03,,2/7/2012,11:10,CST,,,,,,,,,,,,,,,,,,,,,,,,,,,,,,,,,COASTAL ESTUARY SERVICES LLC,,29.79617548,-90.07077915
CRMS0185-P03,,3/12/2012,10:15,CST,,,,,,,,,,,,,,,,,,,,,,,,,,,,,,,,,COASTAL ESTUARY SERVICES LLC,,29.79617548,-90.07077915
CRMS0185-P03,,5/24/2012,09:27,CST,,,,0.328,,,,,,,24.40,1140.00,0.60,,,,,,,,,,,,,,,,,,,,COASTAL ESTUARY SERVICES LLC,,29.79617548,-90.07077915
CRMS0185-P03,,5/24/2012,09:27,CST,,,,0.984,,,,,,,24.50,995.00,0.50,,,,,,,,,,,,,,,,,,,,COASTAL ESTUARY SERVICES LLC,,29.79617548,-90.07077915
CRMS0185-P03,,11/13/2012,10:45,CST,,,,,,,,,,,,,,,,,,,,,,,,,,,,,,,,,COASTAL ESTUARY SERVICES LLC,,29.79617548,-90.07077915
CRMS0185-P03,,12/27/2012,11:55,CST,,,,,,,,,,,,,,,,,,,,,,,,,,,,,,,,,COASTAL ESTUARY SERVICES LLC,clogged @ 10cm & 30cm,29.79617548,-90.07077915
CRMS0185-P03,,2/1/2013,12:30,CST,,,,0.328,,,,,,,14.70,748.00,0.40,,,,,,,,,,,,,,,,,,,,COASTAL ESTUARY SERVICES LLC,,29.79617548,-90.07077915
CRMS0185-P03,,2/1/2013,12:30,CST,,,,0.984,,,,,,,15.10,788.00,0.40,,,,,,,,,,,,,,,,,,,,COASTAL ESTUARY SERVICES LLC,,29.79617548,-90.07077915
CRMS0185-P03,,4/5/2013,10:35,CST,,,,,,,,,,,,,,,,,,,,,,,,,,,,,,,,,COASTAL ESTUARY SERVICES LLC,10 cm and 30 cm readings are clogging,29.79617548,-90.07077915
CRMS0185-P03,,5/16/2013,09:05,CST,,,,,,,,,,,,,,,,,,,,,,,,,,,,,,,,,COASTAL ESTUARY SERVICES LLC,clogged @ 10cm & 30cm,29.79617548,-90.07077915
CRMS0185-P03,,6/24/2013,09:30,CST,,,,,,,,,,,,,,,,,,,,,,,,,,,,,,,,,COASTAL ESTUARY SERVICES LLC,clogged @ 10cm & 30cm,29.79617548,-90.07077915
CRMS0185-P03,,9/10/2013,09:15,CST,,,,,,,,,,,,,,,,,,,,,,,,,,,,,,,,,COASTAL ESTUARY SERVICES LLC,30 and 10cm PW clogging after multiple attempts,29.79617548,-90.07077915
CRMS0185-P03,,10/31/2013,09:05,CST,,,,,,,,,,,,,,,,,,,,,,,,,,,,,,,,,COASTAL ESTUARY SERVICES LLC,clogged @ 10cm & 30cm,29.79617548,-90.07077915
CRMS0185-P03,,12/2/2013,10:40,CST,,,,0.328,,,,,,,15.50,688.00,0.30,,,,,,,,,,,,,,,,,,,,COASTAL ESTUARY SERVICES LLC,,29.79617548,-90.07077915
CRMS0185-P03,,12/2/2013,10:40,CST,,,,0.984,,,,,,,16.40,697.00,0.30,,,,,,,,,,,,,,,,,,,,COASTAL ESTUARY SERVICES LLC,,29.79617548,-90.07077915
CRMS0185-P03,,2/3/2014,11:30,CST,,,,,,,,,,,,,,,,,,,,,,,,,,,,,,,,,COASTAL ESTUARY SERVICES LLC,clogged at 10cm and 30cm,29.79617548,-90.07077915
CRMS0185-P03,,3/7/2014,10:40,CST,,,,,,,,,,,,,,,,,,,,,,,,,,,,,,,,,COASTAL ESTUARY SERVICES LLC,clogged @ 10cm & 30cm,29.79617548,-90.07077915
CRMS0185-P03,,5/8/2014,08:45,CST,,,,,,,,,,,,,,,,,,,,,,,,,,,,,,,,,COASTAL ESTUARY SERVICES LLC,PW clogging after multiple attempts at 10 and 30cm,29.79617548,-90.07077915
CRMS0185-P03,,6/10/2014,08:50,CST,,,,0.328,,,,,,,27.80,635.00,0.30,,,,,,,,,,,,,,,,,,,,COASTAL ESTUARY SERVICES LLC,PW clogging after multiple attempts at 30cm,29.79617548,-90.07077915
CRMS0185-P03,,8/21/2014,10:45,CST,,,,,,,,,,,,,,,,,,,,,,,,,,,,,,,,,COASTAL ESTUARY SERVICES LLC,clogged at 30 cm and 10 cm,29.79617548,-90.07077915
CRMS0185-P03,,9/23/2014,11:35,CST,,,,,,,,,,,,,,,,,,,,,,,,,,,,,,,,,COASTAL ESTUARY SERVICES LLC,clogged @ 10cm & 30cm,29.79617548,-90.07077915
CRMS0185-P03,,10/21/2014,09:00,CST,,,,,,,,,,,,,,,,,,,,,,,,,,,,,,,,,COASTAL ESTUARY SERVICES LLC,clogged at 30 cm and 10 cm,29.79617548,-90.07077915
CRMS0185-P03,,12/11/2014,10:15,CST,,,,,,,,,,,,,,,,,,,,,,,,,,,,,,,,,COASTAL ESTUARY SERVICES LLC,dry at 30cm and 10 cm,29.79617548,-90.07077915
CRMS0185-P03,,1/30/2015,09:45,CST,,,,,,,,,,,,,,,,,,,,,,,,,,,,,,,,,COASTAL ESTUARY SERVICES LLC,Dry at 10 cm and 30 cm,29.79617548,-90.07077915
CRMS0185-P03,,2/24/2015,13:30,CST,,,,,,,,,,,,,,,,,,,,,,,,,,,,,,,,,COASTAL ESTUARY SERVICES LLC,Clogged at 10cm and 30cm readings,29.79617548,-90.07077915
CRMS0185-P03,,3/27/2015,09:11,CST,,,,0.984,,,,,,,20.10,956.00,0.50,,,,,,,,,,,,,,,,,,,,COASTAL ESTUARY SERVICES LLC,Sipper clogged for 10cm measurements,29.79617548,-90.07077915
CRMS0185-P03,,4/1/2015,09:11,CST,,,,0.984,,,,,,,20.10,956.00,0.50,,,,,,,,,,,,,,,,,,,,COASTAL ESTUARY SERVICES LLC,Sipper clogged for 10cm measurements,29.79617548,-90.07077915
CRMS0185-P03,,4/15/2015,10:13,CST,,,,0.328,,,,,,,23.20,831.00,0.40,,,,,,,,,,,,,,,,,,,,COASTAL ESTUARY SERVICES LLC,,29.79617548,-90.07077915
CRMS0185-P03,,4/15/2015,10:13,CST,,,,0.984,,,,,,,23.40,622.00,0.30,,,,,,,,,,,,,,,,,,,,COASTAL ESTUARY SERVICES LLC,,29.79617548,-90.07077915
CRMS0185-P03,,5/22/2015,09:42,CST,,,,0.328,,,,,,,24.20,624.00,0.30,,,,,,,,,,,,,,,,,,,,COASTAL ESTUARY SERVICES LLC,,29.79617548,-90.07077915
CRMS0185-P03,,5/22/2015,09:42,CST,,,,0.984,,,,,,,24.50,648.00,0.30,,,,,,,,,,,,,,,,,,,,COASTAL ESTUARY SERVICES LLC,,29.79617548,-90.07077915
CRMS0185-P03,,7/8/2015,09:40,CST,,,,0.328,,,,,,,29.50,617.00,0.30,,,,,,,,,,,,,,,,,,,,COASTAL ESTUARY SERVICES LLC,Clogged at 30 cm,29.79617548,-90.07077915
CRMS0185-P03,,9/17/2015,12:30,CST,,,,0.328,,,,,,,25.60,1408.00,0.70,,,,,,,,,,,,,,,,,,,,COASTAL ESTUARY SERVICES LLC,,29.79617548,-90.07077915
CRMS0185-P03,,9/17/2015,12:30,CST,,,,0.984,,,,,,,25.30,1260.00,0.60,,,,,,,,,,,,,,,,,,,,COASTAL ESTUARY SERVICES LLC,,29.79617548,-90.07077915
CRMS0185-P03,,11/3/2015,11:17,CST,,,,,,,,,,,,,,,,,,,,,,,,,,,,,,,,,COASTAL ESTUARY SERVICES LLC,"Attempted to collect porewater; however, water was too deep and soil was not compact. ",29.79617548,-90.07077915
CRMS0185-P03,,12/11/2015,10:45,CST,,,,,,,,,,,,,,,,,,,,,,,,,,,,,,,,,COASTAL ESTUARY SERVICES LLC,Clogged for 30 cm and 10 cm Readings,29.79617548,-90.07077915
CRMS0185-P03,,1/27/2016,11:25,CST,,,,,,,,,,,,,,,,,,,,,,,,,,,,,,,,,COASTAL ESTUARY SERVICES LLC,Clogged at 10 cm and 30 cm,29.79617548,-90.07077915
CRMS0185-P03,,3/30/2016,08:50,CST,,,,,,,,,,,,,,,,,,,,,,,,,,,,,,,,,COASTAL ESTUARY SERVICES LLC,Sipper clogged for 10cm and 30cm measurements.,29.79617548,-90.07077915
CRMS0185-P03,,5/23/2016,09:25,CST,,,,0.328,,,,,,,24.90,700.00,0.30,,,,,,,,,,,,,,,,,,,,COASTAL ESTUARY SERVICES LLC,,29.79617548,-90.07077915
CRMS0185-P03,,5/23/2016,09:25,CST,,,,0.984,,,,,,,25.50,1016.00,0.50,,,,,,,,,,,,,,,,,,,,COASTAL ESTUARY SERVICES LLC,,29.79617548,-90.07077915
CRMS0185-P03,,6/13/2016,09:45,CST,,,,0.328,,,,,,,27.80,1850.00,0.90,,,,,,,,,,,,,,,,,,,,COASTAL ESTUARY SERVICES LLC,,29.79617548,-90.07077915
CRMS0185-P03,,6/13/2016,09:45,CST,,,,0.984,,,,,,,27.40,2590.00,1.30,,,,,,,,,,,,,,,,,,,,COASTAL ESTUARY SERVICES LLC,,29.79617548,-90.07077915
CRMS0185-P03,,9/20/2016,09:25,CST,,,,0.328,,,,,,,27.30,1977.00,1.00,,,,,,,,,,,,,,,,,,,,COASTAL ESTUARY SERVICES LLC,,29.79617548,-90.07077915
CRMS0185-P03,,9/20/2016,09:25,CST,,,,0.984,,,,,,,26.20,1124.00,0.60,,,,,,,,,,,,,,,,,,,,COASTAL ESTUARY SERVICES LLC,,29.79617548,-90.07077915
CRMS0185-P03,,11/1/2016,09:00,CST,,,,0.328,,,,,,,22.70,901.00,0.40,,,,,,,,,,,,,,,,,,,,COASTAL ESTUARY SERVICES LLC,,29.79617548,-90.07077915
CRMS0185-P03,,11/1/2016,09:00,CST,,,,0.984,,,,,,,,,,,,,,,,,,,,,,,,,,,,,COASTAL ESTUARY SERVICES LLC,Clogged,29.79617548,-90.07077915
CRMS0185-P03,,12/12/2016,12:20,CST,,,,0.328,,,,,,,,,,,,,,,,,,,,,,,,,,,,,COASTAL ESTUARY SERVICES LLC,clogged,29.79617548,-90.07077915
CRMS0185-P03,,12/12/2016,12:20,CST,,,,0.984,,,,,,,,,,,,,,,,,,,,,,,,,,,,,COASTAL ESTUARY SERVICES LLC,clogged,29.79617548,-90.07077915
CRMS0185-P03,,1/25/2017,12:00,CST,,,,0.328,,,,,,,,,,,,,,,,,,,,,,,,,,,,,COASTAL ESTUARY SERVICES LLC,Sipper clogged,29.79617548,-90.07077915
CRMS0185-P03,,1/25/2017,12:00,CST,,,,0.984,,,,,,,,,,,,,,,,,,,,,,,,,,,,,COASTAL ESTUARY SERVICES LLC,Sipper clogged,29.79617548,-90.07077915
CRMS0185-P03,,2/22/2017,13:00,CST,,,,0.328,,,,,,,,,,,,,,,,,,,,,,,,,,,,,COASTAL ESTUARY SERVICES LLC,clogged,29.79617548,-90.07077915
CRMS0185-P03,,2/22/2017,13:00,CST,,,,0.984,,,,,,,,,,,,,,,,,,,,,,,,,,,,,COASTAL ESTUARY SERVICES LLC,clogged,29.79617548,-90.07077915
CRMS0185-P03,,2/24/2017,10:30,CST,,,,0.328,,,,,,,19.80,904.00,0.40,,,,,,,,,,,,,,,,,,,,COASTAL ESTUARY SERVICES LLC,,29.79617548,-90.07077915
CRMS0185-P03,,2/24/2017,10:30,CST,,,,0.984,,,,,,,20.50,991.00,0.50,,,,,,,,,,,,,,,,,,,,COASTAL ESTUARY SERVICES LLC,,29.79617548,-90.07077915
CRMS0185-P03,,3/31/2017,09:21,CST,,,,0.328,,,,,,,21.50,718.00,0.40,,,,,,,,,,,,,,,,,,,,COASTAL ESTUARY SERVICES LLC,,29.79617548,-90.07077915
CRMS0185-P03,,3/31/2017,09:21,CST,,,,0.984,,,,,,,20.70,705.00,0.30,,,,,,,,,,,,,,,,,,,,COASTAL ESTUARY SERVICES LLC,,29.79617548,-90.07077915
CRMS0185-P03,,6/9/2017,11:45,CST,,,,0.328,,,,,,,,,,,,,,,,,,,,,,,,,,,,,COASTAL ESTUARY SERVICES LLC,Sipper clogged for both 10cm and 30cm measurements.,29.79617548,-90.07077915
CRMS0185-P03,,6/9/2017,11:45,CST,,,,0.984,,,,,,,,,,,,,,,,,,,,,,,,,,,,,COASTAL ESTUARY SERVICES LLC,Sipper clogged for both 10cm and 30cm measurements.,29.79617548,-90.07077915
CRMS0185-P03,,7/10/2017,09:18,CST,,,,0.328,,,,,,,26.00,768.00,0.40,,,,,,,,,,,,,,,,,,,,COASTAL ESTUARY SERVICES LLC,,29.79617548,-90.07077915
CRMS0185-P03,,7/10/2017,09:18,CST,,,,0.984,,,,,,,25.60,674.00,0.30,,,,,,,,,,,,,,,,,,,,COASTAL ESTUARY SERVICES LLC,,29.79617548,-90.07077915
CRMS0185-P03,,9/27/2017,13:15,CST,,,,0.328,,,,,,,27.10,749.00,0.40,,,,,,,,,,,,,,,,,,,,COASTAL ESTUARY SERVICES LLC,,29.79617548,-90.07077915
CRMS0185-P03,,9/27/2017,13:15,CST,,,,0.984,,,,,,,27.30,768.00,0.40,,,,,,,,,,,,,,,,,,,,COASTAL ESTUARY SERVICES LLC,,29.79617548,-90.07077915
CRMS0185-P03,,11/22/2017,10:27,CST,,,,0.328,,,,,,,,,,,,,,,,,,,,,,,,,,,,,COASTAL ESTUARY SERVICES LLC,Clogged at 10 cm,29.79617548,-90.07077915
CRMS0185-P03,,11/22/2017,10:27,CST,,,,0.984,,,,,,,17.70,824.00,0.40,,,,,,,,,,,,,,,,,,,,COASTAL ESTUARY SERVICES LLC,,29.79617548,-90.07077915
CRMS0185-P03,,2/2/2018,12:21,CST,,,,0.328,,,,,,,,,,,,,,,,,,,,,,,,,,,,,COASTAL ESTUARY SERVICES LLC,Sipper pulling air for both 10cm and 30cm measurements.,29.79617548,-90.07077915
CRMS0185-P03,,2/2/2018,12:21,CST,,,,0.984,,,,,,,,,,,,,,,,,,,,,,,,,,,,,COASTAL ESTUARY SERVICES LLC,Sipper pulling air for both 10cm and 30cm measurements.,29.79617548,-90.07077915
CRMS0185-P03,,3/23/2018,09:35,CST,,,,0.328,,,,,,,,,,,,,,,,,,,,,,,,,,,,,COASTAL ESTUARY SERVICES LLC,Dry,29.79617548,-90.07077915
CRMS0185-P03,,3/23/2018,09:35,CST,,,,0.984,,,,,,,,,,,,,,,,,,,,,,,,,,,,,COASTAL ESTUARY SERVICES LLC,Dry,29.79617548,-90.07077915
CRMS0185-P03,,5/11/2018,10:45,CST,,,,0.328,,,,,,,,,,,,,,,,,,,,,,,,,,,,,COASTAL ESTUARY SERVICES LLC,clogged,29.79617548,-90.07077915
CRMS0185-P03,,5/11/2018,10:45,CST,,,,0.984,,,,,,,23.10,717.00,0.40,,,,,,,,,,,,,,,,,,,,COASTAL ESTUARY SERVICES LLC,,29.79617548,-90.07077915
CRMS0185-P03,,6/12/2018,09:40,CST,,,,0.328,,,,,,,,,,,,,,,,,,,,,,,,,,,,,COASTAL ESTUARY SERVICES LLC,Clogged at 10cm,29.79617548,-90.07077915
CRMS0185-P03,,6/12/2018,09:40,CST,,,,0.984,,,,,,,,,,,,,,,,,,,,,,,,,,,,,COASTAL ESTUARY SERVICES LLC,Clogged at 30cm,29.79617548,-90.07077915
CRMS0185-P03,,7/12/2018,11:00,CST,,,,0.328,,,,,,,25.60,896.00,0.40,,,,,,,,,,,,,,,,,,,,COASTAL ESTUARY SERVICES LLC,,29.79617548,-90.07077915
CRMS0185-P03,,7/12/2018,11:00,CST,,,,0.984,,,,,,,26.10,883.00,0.40,,,,,,,,,,,,,,,,,,,,COASTAL ESTUARY SERVICES LLC,,29.79617548,-90.07077915
CRMS0185-P03,,8/23/2018,08:58,CST,,,,0.328,,,,,,,,,,,,,,,,,,,,,,,,,,,,,COASTAL ESTUARY SERVICES LLC,,29.79617548,-90.07077915
CRMS0185-P03,,8/23/2018,08:58,CST,,,,0.984,,,,,,,26.60,903.00,0.40,,,,,,,,,,,,,,,,,,,,COASTAL ESTUARY SERVICES LLC,,29.79617548,-90.07077915
CRMS0185-P03,,10/12/2018,09:20,CST,,,,0.328,,,,,,,,,,,,,,,,,,,,,,,,,,,,,COASTAL ESTUARY SERVICES LLC,PW Clogging at 10 and 30 cm,29.79617548,-90.07077915
CRMS0185-P03,,10/12/2018,09:20,CST,,,,0.984,,,,,,,,,,,,,,,,,,,,,,,,,,,,,COASTAL ESTUARY SERVICES LLC,PW Clogging at 10 and 30 cm,29.79617548,-90.07077915
CRMS0185-P03,,11/19/2018,12:40,CST,,,,0.328,,,,,,,15.00,510.00,0.20,,,,,,,,,,,,,,,,,,,,COASTAL ESTUARY SERVICES LLC,Water pooling on marsh,29.79617548,-90.07077915
CRMS0185-P03,,11/19/2018,12:40,CST,,,,0.984,,,,,,,,,,,,,,,,,,,,,,,,,,,,,COASTAL ESTUARY SERVICES LLC,Clogged at 30 cm; water pooling on marsh,29.79617548,-90.07077915
CRMS0185-P03,,12/20/2018,10:12,CST,,,,0.328,,,,,,,13.90,385.60,0.20,,,,,,,,,,,,,,,,,,,,COASTAL ESTUARY SERVICES LLC,,29.79617548,-90.07077915
CRMS0185-P03,,12/20/2018,10:12,CST,,,,0.984,,,,,,,13.90,404.30,0.20,,,,,,,,,,,,,,,,,,,,COASTAL ESTUARY SERVICES LLC,,29.79617548,-90.07077915
CRMS0185-P03,,2/5/2019,12:50,CST,,,,0.328,,,,,,,,,,,,,,,,,,,,,,,,,,,,,COASTAL ESTUARY SERVICES LLC,clogged at 10cm,29.79617548,-90.07077915
CRMS0185-P03,,2/5/2019,12:50,CST,,,,0.984,,,,,,,,,,,,,,,,,,,,,,,,,,,,,COASTAL ESTUARY SERVICES LLC,clogged at 30cm,29.79617548,-90.07077915
CRMS0185-P03,,3/18/2019,09:40,CST,,,,0.328,,,,,,,16.30,610.00,0.30,,,,,,,,,,,,,,,,,,,,COASTAL ESTUARY SERVICES LLC,,29.79617548,-90.07077915
CRMS0185-P03,,3/18/2019,09:40,CST,,,,0.984,,,,,,,16.60,625.00,0.30,,,,,,,,,,,,,,,,,,,,COASTAL ESTUARY SERVICES LLC,,29.79617548,-90.07077915
CRMS0185-P03,,4/29/2019,11:00,CST,,,,0.328,,,,,,,,,,,,,,,,,,,,,,,,,,,,,COASTAL ESTUARY SERVICES LLC,clogged,29.79617548,-90.07077915
CRMS0185-P03,,4/29/2019,11:00,CST,,,,0.984,,,,,,,24.30,543.00,0.30,,,,,,,,,,,,,,,,,,,,COASTAL ESTUARY SERVICES LLC,,29.79617548,-90.07077915
CRMS0185-P03,,6/10/2019,10:55,CST,,,,0.328,,,,,,,,,,,,,,,,,,,,,,,,,,,,,COASTAL ESTUARY SERVICES LLC,clogged,29.79617548,-90.07077915
CRMS0185-P03,,6/10/2019,10:55,CST,,,,0.984,,,,,,,26.60,616.00,0.30,,,,,,,,,,,,,,,,,,,,COASTAL ESTUARY SERVICES LLC,,29.79617548,-90.07077915
CRMS0185-P03,,7/19/2019,10:33,CST,,,,0.328,,,,,,,,,,,,,,,,,,,,,,,,,,,,,COASTAL ESTUARY SERVICES LLC,Clogged,29.79617548,-90.07077915
CRMS0185-P03,,7/19/2019,10:33,CST,,,,0.984,,,,,,,,,,,,,,,,,,,,,,,,,,,,,COASTAL ESTUARY SERVICES LLC,Clogged,29.79617548,-90.07077915
CRMS0185-P03,,9/12/2019,09:15,CST,,,,0.328,,,,,,,,,,,,,,,,,,,,,,,,,,,,,COASTAL ESTUARY SERVICES LLC,Clogged at 10cm. 0.2' of water on marsh,29.79617548,-90.07077915
CRMS0185-P03,,9/12/2019,09:15,CST,,,,0.984,,,,,,,,,,,,,,,,,,,,,,,,,,,,,COASTAL ESTUARY SERVICES LLC,Clogged at 30cm. 0.2' of water on marsh,29.79617548,-90.07077915
CRMS0185-P03,,9/12/2019,10:30,CST,1.26,GEOID12A,,0.328,,,,,,,,,,,,,,,,,,,,,,,,,,,,,COASTAL ESTUARY SERVICES LLC,clogged,29.79617548,-90.07077915
CRMS0185-P03,,9/12/2019,10:30,CST,1.26,GEOID12A,,0.984,,,,,,,,,,,,,,,,,,,,,,,,,,,,,COASTAL ESTUARY SERVICES LLC,clogged,29.79617548,-90.07077915
CRMS0185-P03,,10/22/2019,10:30,CST,,,,0.328,,,,,,,,,,,,,,,,,,,,,,,,,,,,,COASTAL ESTUARY SERVICES LLC,Clogged,29.79617548,-90.07077915
CRMS0185-P03,,10/22/2019,10:30,CST,,,,0.984,,,,,,,,,,,,,,,,,,,,,,,,,,,,,COASTAL ESTUARY SERVICES LLC,Clogged,29.79617548,-90.07077915
CRMS0185-P03,,11/21/2019,10:20,CST,,,,0.328,,,,,,,15.20,900.00,0.40,,,,,,,,,,,,,,,,,,,,COASTAL ESTUARY SERVICES LLC,,29.79617548,-90.07077915
CRMS0185-P03,,11/21/2019,10:20,CST,,,,0.984,,,,,,,15.80,898.00,0.40,,,,,,,,,,,,,,,,,,,,COASTAL ESTUARY SERVICES LLC,,29.79617548,-90.07077915
CRMS0185-P03,,1/13/2020,11:34,CST,1.35,GEOID12A,,0.328,,,,,,,,,,,,,,,,,,,,,,,,,,,,,COASTAL ESTUARY SERVICES LLC,Clogged,29.79617548,-90.07077915
CRMS0185-P03,,1/13/2020,11:34,CST,1.35,GEOID12A,,0.984,,,,,,,,,,,,,,,,,,,,,,,,,,,,,COASTAL ESTUARY SERVICES LLC,Clogged,29.79617548,-90.07077915
CRMS0185-P03,,2/28/2020,11:18,CST,0.18,GEOID12A,,0.328,,,,,,,15.00,886.00,0.40,,,,,,,,,,,,,,,,,,,,COASTAL ESTUARY SERVICES LLC,Marsh Not Flooded,29.79617548,-90.07077915
CRMS0185-P03,,2/28/2020,11:18,CST,0.18,GEOID12A,,0.984,,,,,,,15.60,881.00,0.40,,,,,,,,,,,,,,,,,,,,COASTAL ESTUARY SERVICES LLC,Marsh Not Flooded,29.79617548,-90.07077915
CRMS0185-P03,,3/30/2020,08:58,CST,0.99,GEOID12A,,0.328,,,,,,,,,,,,,,,,,,,,,,,,,,,,,COASTAL ESTUARY SERVICES LLC,clogged; Marsh Not Flooded,29.79617548,-90.07077915
CRMS0185-P03,,3/30/2020,08:58,CST,0.99,GEOID12A,,0.984,,,,,,,,,,,,,,,,,,,,,,,,,,,,,COASTAL ESTUARY SERVICES LLC,clogged; Marsh Not Flooded,29.79617548,-90.07077915
CRMS0185-P03,,5/18/2020,09:40,CST,2.02,GEOID12A,,0.328,,,,,,,,,,,,,,,,,,,,,,,,,,,,,COASTAL ESTUARY SERVICES LLC,clogged at 10cm; Water depth on marsh: 0.95 ft,29.79617548,-90.07077915
CRMS0185-P03,,5/18/2020,09:40,CST,2.02,GEOID12A,,0.984,,,,,,,24.80,722.00,0.40,,,,,,,,,,,,,,,,,,,,COASTAL ESTUARY SERVICES LLC,Water depth on marsh: 0.95 ft,29.79617548,-90.07077915
CRMS0185-P03,,6/30/2020,09:10,CST,1.49,GEOID12A,,0.328,,,,,,,,,,,,,,,,,,,,,,,,,,,,,COASTAL ESTUARY SERVICES LLC,clogged at 10cm.; Water depth on marsh: 0.5 ft,29.79617548,-90.07077915
CRMS0185-P03,,6/30/2020,09:10,CST,1.49,GEOID12A,,0.984,,,,,,,28.00,1058.00,0.50,,,,,,,,,,,,,,,,,,,,COASTAL ESTUARY SERVICES LLC,Water depth on marsh: 0.5 ft,29.79617548,-90.07077915
CRMS0185-P03,,8/21/2020,09:10,CST,1.10,GEOID12A,,0.328,,,,,,,,,,,,,,,,,,,,,,,,,,,,,COASTAL ESTUARY SERVICES LLC,clogged; Marsh Not Flooded,29.79617548,-90.07077915
CRMS0185-P03,,8/21/2020,09:10,CST,1.10,GEOID12A,,0.984,,,,,,,,,,,,,,,,,,,,,,,,,,,,,COASTAL ESTUARY SERVICES LLC,clogged; Marsh Not Flooded,29.79617548,-90.07077915
CRMS0185-P03,,10/26/2020,09:35,CST,1.38,GEOID12A,,0.328,,,,,,,22.30,2686.00,1.40,,,,,,,,,,,,,,,,,,,,COASTAL ESTUARY SERVICES LLC,Water depth on marsh: 0.4 ft,29.79617548,-90.07077915
CRMS0185-P03,,10/26/2020,09:35,CST,1.38,GEOID12A,,0.984,,,,,,,22.50,1228.00,0.60,,,,,,,,,,,,,,,,,,,,COASTAL ESTUARY SERVICES LLC,Water depth on marsh: 0.4 ft,29.79617548,-90.07077915
CRMS0185-P03,,12/2/2020,12:00,CST,0.18,GEOID12A,,0.328,,,,,,,,,,,,,,,,,,,,,,,,,,,,,COASTAL ESTUARY SERVICES LLC,Clogged,29.79617548,-90.07077915
CRMS0185-P03,,12/2/2020,12:00,CST,0.18,GEOID12A,,0.984,,,,,,,,,,,,,,,,,,,,,,,,,,,,,COASTAL ESTUARY SERVICES LLC,Clogged,29.79617548,-90.07077915
CRMS0185-P03,,1/4/2021,12:00,CST,0.67,GEOID12A,,0.328,,,,,,,14.00,2267.00,1.30,,,,,,,,,,,,,,,,,,,,COASTAL ESTUARY SERVICES LLC,Marsh Not Flooded,29.79617548,-90.07077915
CRMS0185-P03,,1/4/2021,12:00,CST,0.67,GEOID12A,,0.984,,,,,,,17.10,2384.00,1.20,,,,,,,,,,,,,,,,,,,,COASTAL ESTUARY SERVICES LLC,Marsh Not Flooded,29.79617548,-90.07077915
CRMS0185-P03,,2/8/2021,10:37,CST,0.67,GEOID12A,,0.328,,,,,,,13.60,2087.00,1.10,,,,,,,,,,,,,,,,,,,,COASTAL ESTUARY SERVICES LLC,Marsh Not Flooded,29.79617548,-90.07077915
CRMS0185-P03,,2/8/2021,10:37,CST,0.67,GEOID12A,,0.984,,,,,,,14.00,2112.00,1.10,,,,,,,,,,,,,,,,,,,,COASTAL ESTUARY SERVICES LLC,Marsh Not Flooded,29.79617548,-90.07077915
CRMS0185-P03,,3/25/2021,12:50,CST,2.38,GEOID12A,,0.328,,,,,,,,,,,,,,,,,,,,,,,,,,,,,COASTAL ESTUARY SERVICES LLC,Clogged; Water depth on marsh: 1.3 ft,29.79617548,-90.07077915
CRMS0185-P03,,3/25/2021,12:50,CST,2.38,GEOID12A,,0.984,,,,,,,,,,,,,,,,,,,,,,,,,,,,,COASTAL ESTUARY SERVICES LLC,Clogged; Water depth on marsh: 1.3 ft,29.79617548,-90.07077915

