CPRA Station ID,Original Collector Station ID,Date (mm/dd/yyyy),Time (hh:mm),Time Zone,Staff Gauge (ft),Geoid,Station Depth (ft),Measurement Depth (ft),Water Temperature (�C),Specific Conductance (uS/cm),Salinity (ppt),Dissolved Oxygen (mg/L),pH (pH units),Velocity (ft/sec),Soil Porewater Temperature (�C),Soil Porewater Specific Conductance (uS/cm),Soil Porewater Salinity (ppt),Turbidity (FNU),Chlorophyll a (ug/L),Total Nitrogen (mg/L),Total Kjeldahl Nitrogen (mg/L),Nitrate as N (mg/L),Nitrite as N (mg/L),Nitrate+Nitrite as N (unfiltered; mg/L),Nitrate+Nitrite as N (filtered; mg/L),Ammonium as N (unfiltered; mg/L),Ammonium as N (filtered; mg/L),Total Phosphorus (mg/L),Orthophosphate as P (unfiltered; mg/L),Orthophosphate as P (filtered; mg/L),Silica (unfiltered; mg/L),Silica (filtered; mg/L),Total Suspended Solids (mg/L),Volatile Suspended Solids (mg/L),Secchi (ft),Fecal Coliform (MPN/100ml),Organization Name,Comments,Latitude,Longitude
BA164-V01,,8/29/2018,09:46,CST,,,,0.328,,,,,,,29.80,1868.00,0.90,,,,,,,,,,,,,,,,,,,,COASTAL ESTUARY SERVICES LLC,depth of water on marsh 0.2ft,29.64304463,-90.01150346
BA164-V01,,8/29/2018,09:46,CST,,,,0.984,,,,,,,29.80,1616.00,0.80,,,,,,,,,,,,,,,,,,,,COASTAL ESTUARY SERVICES LLC,depth of water on marsh 0.2ft,29.64304463,-90.01150346
BA164-V01,,6/30/2021,12:13,CST,,,,0.328,,,,,,,28.20,815.00,0.40,,,,,,,,,,,,,,,,,,,,COASTAL ESTUARY SERVICES LLC,Water Level: 0.1 ft Above Marsh; ,29.64304463,-90.01150346
BA164-V01,,6/30/2021,12:13,CST,,,,0.984,,,,,,,28.10,1085.00,0.50,,,,,,,,,,,,,,,,,,,,COASTAL ESTUARY SERVICES LLC,Water Level: 0.1 ft Above Marsh; ,29.64304463,-90.01150346
BA164-V01T,,8/27/2018,08:32,CST,,,,0.328,,,,,,,,,,,,,,,,,,,,,,,,,,,,,COASTAL ESTUARY SERVICES LLC,dry; no water on marsh,29.64961931,-90.00192369
BA164-V01T,,8/27/2018,08:32,CST,,,,0.984,,,,,,,,,,,,,,,,,,,,,,,,,,,,,COASTAL ESTUARY SERVICES LLC,dry; no water on marsh,29.64961931,-90.00192369
BA164-V01T,,6/23/2021,08:00,CST,,,,0.328,,,,,,,,,,,,,,,,,,,,,,,,,,,,,COASTAL ESTUARY SERVICES LLC,Clogged; Marsh not flooded;,29.64961931,-90.00192369
BA164-V01T,,6/23/2021,08:00,CST,,,,0.984,,,,,,,,,,,,,,,,,,,,,,,,,,,,,COASTAL ESTUARY SERVICES LLC,Clogged; Marsh not flooded;,29.64961931,-90.00192369
BA164-V02,,8/29/2018,09:32,CST,,,,0.328,,,,,,,,,,,,,,,,,,,,,,,,,,,,,COASTAL ESTUARY SERVICES LLC,dry; no water on marsh,29.64212062,-90.01412215
BA164-V02,,8/29/2018,09:32,CST,,,,0.984,,,,,,,29.90,4124.00,2.20,,,,,,,,,,,,,,,,,,,,COASTAL ESTUARY SERVICES LLC,no water on marsh,29.64212062,-90.01412215
BA164-V02,,6/30/2021,12:23,CST,,,,0.328,,,,,,,30.20,401.00,0.20,,,,,,,,,,,,,,,,,,,,COASTAL ESTUARY SERVICES LLC,Water Level: 0.02 ft Above Marsh; ,29.64212062,-90.01412215
BA164-V02,,6/30/2021,12:23,CST,,,,0.984,,,,,,,,,,,,,,,,,,,,,,,,,,,,,COASTAL ESTUARY SERVICES LLC,Water Level: 0.02 ft Above Marsh; Dry,29.64212062,-90.01412215
BA164-V02T,,8/27/2018,08:45,CST,,,,0.328,,,,,,,,,,,,,,,,,,,,,,,,,,,,,COASTAL ESTUARY SERVICES LLC,sipper clogged; no water on marsh,29.64892598,-90.00077755
BA164-V02T,,8/27/2018,08:45,CST,,,,0.984,,,,,,,,,,,,,,,,,,,,,,,,,,,,,COASTAL ESTUARY SERVICES LLC,sipper clogged; no water on marsh,29.64892598,-90.00077755
BA164-V02T,,6/23/2021,08:15,CST,,,,0.328,,,,,,,,,,,,,,,,,,,,,,,,,,,,,COASTAL ESTUARY SERVICES LLC,Clogged; Marsh not flooded;,29.64892598,-90.00077755
BA164-V02T,,6/23/2021,08:15,CST,,,,0.984,,,,,,,,,,,,,,,,,,,,,,,,,,,,,COASTAL ESTUARY SERVICES LLC,Clogged; Marsh not flooded;,29.64892598,-90.00077755
BA164-V03,,8/29/2018,09:12,CST,,,,0.328,,,,,,,28.80,7591.00,4.20,,,,,,,,,,,,,,,,,,,,COASTAL ESTUARY SERVICES LLC,no water on marsh,29.64100752,-90.01675671
BA164-V03,,8/29/2018,09:12,CST,,,,0.984,,,,,,,28.60,7876.00,4.30,,,,,,,,,,,,,,,,,,,,COASTAL ESTUARY SERVICES LLC,no water on marsh,29.64100752,-90.01675671
BA164-V03,,6/30/2021,12:33,CST,,,,0.328,,,,,,,29.10,6691.00,3.60,,,,,,,,,,,,,,,,,,,,COASTAL ESTUARY SERVICES LLC,Water Level: 0.7 ft Above Marsh; ,29.64100752,-90.01675671
BA164-V03,,6/30/2021,12:33,CST,,,,0.984,,,,,,,29.50,10142.00,5.70,,,,,,,,,,,,,,,,,,,,COASTAL ESTUARY SERVICES LLC,Water Level: 0.7 ft Above Marsh; ,29.64100752,-90.01675671
BA164-V03T,,8/27/2018,08:50,CST,,,,0.328,,,,,,,,,,,,,,,,,,,,,,,,,,,,,COASTAL ESTUARY SERVICES LLC,sipper clogged; no water on marsh,29.64816274,-90.00012908
BA164-V03T,,8/27/2018,08:50,CST,,,,0.984,,,,,,,,,,,,,,,,,,,,,,,,,,,,,COASTAL ESTUARY SERVICES LLC,sipper clogged; no water on marsh,29.64816274,-90.00012908
BA164-V03T,,6/23/2021,08:30,CST,,,,0.328,,,,,,,,,,,,,,,,,,,,,,,,,,,,,COASTAL ESTUARY SERVICES LLC,Clogged; Marsh not flooded;,29.64816274,-90.00012908
BA164-V03T,,6/23/2021,08:30,CST,,,,0.984,,,,,,,,,,,,,,,,,,,,,,,,,,,,,COASTAL ESTUARY SERVICES LLC,Clogged; Marsh not flooded;,29.64816274,-90.00012908
BA164-V04,,8/29/2018,09:57,CST,,,,0.328,,,,,,,,,,,,,,,,,,,,,,,,,,,,,COASTAL ESTUARY SERVICES LLC,dry; no water on marsh,29.63908116,-90.01371636
BA164-V04,,8/29/2018,09:57,CST,,,,0.984,,,,,,,,,,,,,,,,,,,,,,,,,,,,,COASTAL ESTUARY SERVICES LLC,Sipper clogged; no water on marsh,29.63908116,-90.01371636
BA164-V04,,6/30/2021,12:47,CST,,,,0.328,,,,,,,,,,,,,,,,,,,,,,,,,,,,,COASTAL ESTUARY SERVICES LLC,Marsh Not Flooded; clogged ,29.63908116,-90.01371636
BA164-V04,,6/30/2021,12:47,CST,,,,0.984,,,,,,,,,,,,,,,,,,,,,,,,,,,,,COASTAL ESTUARY SERVICES LLC,Marsh Not Flooded; clogged,29.63908116,-90.01371636
BA164-V04T,,8/27/2018,09:30,CST,,,,0.328,,,,,,,,,,,,,,,,,,,,,,,,,,,,,COASTAL ESTUARY SERVICES LLC,sipper clogged; no water on marsh,29.64694291,-90.00361372
BA164-V04T,,8/27/2018,09:30,CST,,,,0.984,,,,,,,,,,,,,,,,,,,,,,,,,,,,,COASTAL ESTUARY SERVICES LLC,sipper clogged; no water on marsh,29.64694291,-90.00361372
BA164-V04T,,6/23/2021,08:45,CST,,,,0.328,,,,,,,,,,,,,,,,,,,,,,,,,,,,,COASTAL ESTUARY SERVICES LLC,Clogged; Marsh not flooded;,29.64694291,-90.00361372
BA164-V04T,,6/23/2021,08:45,CST,,,,0.984,,,,,,,,,,,,,,,,,,,,,,,,,,,,,COASTAL ESTUARY SERVICES LLC,Clogged; Marsh not flooded;,29.64694291,-90.00361372
BA164-V05,,8/29/2018,08:50,CST,,,,0.328,,,,,,,27.70,2835.00,1.50,,,,,,,,,,,,,,,,,,,,COASTAL ESTUARY SERVICES LLC,depth of water on marsh 0.5ft,29.63857782,-90.01739620
BA164-V05,,8/29/2018,08:50,CST,,,,0.984,,,,,,,27.50,2399.00,1.20,,,,,,,,,,,,,,,,,,,,COASTAL ESTUARY SERVICES LLC,depth of water on marsh 0.5ft,29.63857782,-90.01739620
BA164-V05,,7/1/2021,12:10,CST,,,,0.328,,,,,,,28.20,6192.00,3.30,,,,,,,,,,,,,,,,,,,,COASTAL ESTUARY SERVICES LLC,Marsh Not Flooded; ,29.63857782,-90.01739620
BA164-V05,,7/1/2021,12:10,CST,,,,0.984,,,,,,,27.00,6973.00,3.80,,,,,,,,,,,,,,,,,,,,COASTAL ESTUARY SERVICES LLC,Marsh Not Flooded; ,29.63857782,-90.01739620
BA164-V05T,,8/27/2018,09:00,CST,,,,0.328,,,,,,,,,,,,,,,,,,,,,,,,,,,,,COASTAL ESTUARY SERVICES LLC,sipper clogged; no water on marsh,29.64727479,-90.00074394
BA164-V05T,,8/27/2018,09:00,CST,,,,0.984,,,,,,,,,,,,,,,,,,,,,,,,,,,,,COASTAL ESTUARY SERVICES LLC,sipper clogged; no water on marsh,29.64727479,-90.00074394
BA164-V05T,,6/23/2021,09:00,CST,,,,0.328,,,,,,,,,,,,,,,,,,,,,,,,,,,,,COASTAL ESTUARY SERVICES LLC,Clogged; Marsh not flooded;,29.64727479,-90.00074394
BA164-V05T,,6/23/2021,09:00,CST,,,,0.984,,,,,,,,,,,,,,,,,,,,,,,,,,,,,COASTAL ESTUARY SERVICES LLC,Clogged; Marsh not flooded;,29.64727479,-90.00074394
BA164-V06,,8/29/2018,10:19,CST,,,,0.328,,,,,,,30.40,10385.00,5.80,,,,,,,,,,,,,,,,,,,,COASTAL ESTUARY SERVICES LLC,depth of water on marsh 0.3ft,29.63653316,-90.01631058
BA164-V06,,8/29/2018,10:19,CST,,,,0.984,,,,,,,29.80,8971.00,5.00,,,,,,,,,,,,,,,,,,,,COASTAL ESTUARY SERVICES LLC,depth of water on marsh 0.3ft,29.63653316,-90.01631058
BA164-V06,,7/1/2021,12:25,CST,,,,0.328,,,,,,,27.90,8050.00,4.40,,,,,,,,,,,,,,,,,,,,COASTAL ESTUARY SERVICES LLC,Water Level: 0.5 ft Above Marsh; ,29.63653316,-90.01631058
BA164-V06,,7/1/2021,12:25,CST,,,,0.984,,,,,,,28.30,8174.00,4.50,,,,,,,,,,,,,,,,,,,,COASTAL ESTUARY SERVICES LLC,Water Level: 0.5 ft Above Marsh; ,29.63653316,-90.01631058
BA164-V06T,,8/27/2018,09:40,CST,,,,0.328,,,,,,,,,,,,,,,,,,,,,,,,,,,,,COASTAL ESTUARY SERVICES LLC,sipper clogged; no water on marsh,29.64592659,-90.00493442
BA164-V06T,,8/27/2018,09:40,CST,,,,0.984,,,,,,,,,,,,,,,,,,,,,,,,,,,,,COASTAL ESTUARY SERVICES LLC,sipper clogged; no water on marsh,29.64592659,-90.00493442
BA164-V06T,,6/23/2021,09:15,CST,,,,0.328,,,,,,,,,,,,,,,,,,,,,,,,,,,,,COASTAL ESTUARY SERVICES LLC,Clogged; Marsh not flooded;,29.64592659,-90.00493442
BA164-V06T,,6/23/2021,09:15,CST,,,,0.984,,,,,,,,,,,,,,,,,,,,,,,,,,,,,COASTAL ESTUARY SERVICES LLC,Clogged; Marsh not flooded;,29.64592659,-90.00493442
BA164-V07,,8/29/2018,08:15,CST,,,,0.328,,,,,,,27.20,5551.00,3.00,,,,,,,,,,,,,,,,,,,,COASTAL ESTUARY SERVICES LLC,depth of water on marsh 1ft,29.63519055,-90.01916852
BA164-V07,,8/29/2018,08:15,CST,,,,0.984,,,,,,,26.90,5349.00,2.90,,,,,,,,,,,,,,,,,,,,COASTAL ESTUARY SERVICES LLC,depth of water on marsh 1ft,29.63519055,-90.01916852
BA164-V07,,7/1/2021,12:35,CST,,,,0.328,,,,,,,30.00,842.00,0.40,,,,,,,,,,,,,,,,,,,,COASTAL ESTUARY SERVICES LLC,Water Level: 0.7 ft Above Marsh; Discrete surface reading.,29.63519055,-90.01916852
BA164-V07,,7/1/2021,12:35,CST,,,,0.984,,,,,,,27.40,1145.00,0.60,,,,,,,,,,,,,,,,,,,,COASTAL ESTUARY SERVICES LLC,Water Level: 0.7 ft Above Marsh; Discrete bottom reading. ,29.63519055,-90.01916852
BA164-V07T,,8/27/2018,09:15,CST,,,,0.328,,,,,,,,,,,,,,,,,,,,,,,,,,,,,COASTAL ESTUARY SERVICES LLC,sipper clogged; no water on marsh,29.64664574,-89.99885255
BA164-V07T,,8/27/2018,09:15,CST,,,,0.984,,,,,,,,,,,,,,,,,,,,,,,,,,,,,COASTAL ESTUARY SERVICES LLC,sipper clogged; no water on marsh,29.64664574,-89.99885255
BA164-V07T,,6/23/2021,09:30,CST,,,,0.328,,,,,,,,,,,,,,,,,,,,,,,,,,,,,COASTAL ESTUARY SERVICES LLC,Clogged; Marsh not flooded;,29.64664574,-89.99885255
BA164-V07T,,6/23/2021,09:30,CST,,,,0.984,,,,,,,,,,,,,,,,,,,,,,,,,,,,,COASTAL ESTUARY SERVICES LLC,Clogged; Marsh not flooded;,29.64664574,-89.99885255
BA164-V08,,8/29/2018,08:30,CST,,,,0.328,,,,,,,27.60,5325.00,3.00,,,,,,,,,,,,,,,,,,,,COASTAL ESTUARY SERVICES LLC,no water on marsh,29.63561320,-90.02152016
BA164-V08,,8/29/2018,08:30,CST,,,,0.984,,,,,,,27.10,5490.00,3.00,,,,,,,,,,,,,,,,,,,,COASTAL ESTUARY SERVICES LLC,no water on marsh,29.63561320,-90.02152016
BA164-V08,,7/1/2021,12:50,CST,,,,0.328,,,,,,,28.20,3124.00,2.10,,,,,,,,,,,,,,,,,,,,COASTAL ESTUARY SERVICES LLC,Marsh Not Flooded; ,29.63561320,-90.02152016
BA164-V08,,7/1/2021,12:50,CST,,,,0.984,,,,,,,28.30,4723.00,2.50,,,,,,,,,,,,,,,,,,,,COASTAL ESTUARY SERVICES LLC,Marsh Not Flooded; ,29.63561320,-90.02152016
BA164-V08T,,8/27/2018,09:50,CST,,,,0.328,,,,,,,,,,,,,,,,,,,,,,,,,,,,,COASTAL ESTUARY SERVICES LLC,sipper clogged; no water on marsh,29.64491143,-90.00630668
BA164-V08T,,8/27/2018,09:50,CST,,,,0.984,,,,,,,,,,,,,,,,,,,,,,,,,,,,,COASTAL ESTUARY SERVICES LLC,sipper clogged; no water on marsh,29.64491143,-90.00630668
BA164-V08T,,6/23/2021,09:45,CST,,,,0.328,,,,,,,,,,,,,,,,,,,,,,,,,,,,,COASTAL ESTUARY SERVICES LLC,Clogged; Marsh not flooded;,29.64491143,-90.00630668
BA164-V08T,,6/23/2021,09:45,CST,,,,0.984,,,,,,,,,,,,,,,,,,,,,,,,,,,,,COASTAL ESTUARY SERVICES LLC,Clogged; Marsh not flooded;,29.64491143,-90.00630668
BA164-V09,,8/29/2018,11:00,CST,,,,0.328,,,,,,,,,,,,,,,,,,,,,,,,,,,,,COASTAL ESTUARY SERVICES LLC,Sipper clogged; no water on marsh,29.63257374,-90.02111415
BA164-V09,,8/29/2018,11:00,CST,,,,0.984,,,,,,,,,,,,,,,,,,,,,,,,,,,,,COASTAL ESTUARY SERVICES LLC,Sipper clogged; no water on marsh,29.63257374,-90.02111415
BA164-V09,,6/29/2021,13:00,CST,,,,0.328,,,,,,,,,,,,,,,,,,,,,,,,,,,,,COASTAL ESTUARY SERVICES LLC,Marsh Not Flooded; Clogged,29.63257374,-90.02111415
BA164-V09,,6/29/2021,13:00,CST,,,,0.984,,,,,,,,,,,,,,,,,,,,,,,,,,,,,COASTAL ESTUARY SERVICES LLC,Marsh Not Flooded; Clogged,29.63257374,-90.02111415
BA164-V09T,,8/27/2018,09:20,CST,,,,0.328,,,,,,,,,,,,,,,,,,,,,,,,,,,,,COASTAL ESTUARY SERVICES LLC,sipper clogged; no water on marsh,29.64559633,-90.00070082
BA164-V09T,,8/27/2018,09:20,CST,,,,0.984,,,,,,,,,,,,,,,,,,,,,,,,,,,,,COASTAL ESTUARY SERVICES LLC,sipper clogged; no water on marsh,29.64559633,-90.00070082
BA164-V09T,,6/23/2021,10:00,CST,,,,0.328,,,,,,,,,,,,,,,,,,,,,,,,,,,,,COASTAL ESTUARY SERVICES LLC,Clogged; Marsh not flooded;,29.64559633,-90.00070082
BA164-V09T,,6/23/2021,10:00,CST,,,,0.984,,,,,,,,,,,,,,,,,,,,,,,,,,,,,COASTAL ESTUARY SERVICES LLC,Clogged; Marsh not flooded;,29.64559633,-90.00070082
BA164-V10,,8/29/2018,11:20,CST,,,,0.328,,,,,,,31.10,9302.00,5.10,,,,,,,,,,,,,,,,,,,,COASTAL ESTUARY SERVICES LLC,depth of water on marsh 0.4ft,29.63282212,-90.02373929
BA164-V10,,8/29/2018,11:20,CST,,,,0.984,,,,,,,30.00,9554.00,5.30,,,,,,,,,,,,,,,,,,,,COASTAL ESTUARY SERVICES LLC,depth of water on marsh 0.4ft,29.63282212,-90.02373929
BA164-V10,,6/29/2021,13:25,CST,,,,0.328,,,,,,,,,,,,,,,,,,,,,,,,,,,,,COASTAL ESTUARY SERVICES LLC,Water Level: 0.9 ft Above Marsh; Clogged,29.63282212,-90.02373929
BA164-V10,,6/29/2021,13:25,CST,,,,0.984,,,,,,,,,,,,,,,,,,,,,,,,,,,,,COASTAL ESTUARY SERVICES LLC,Water Level: 0.9 ft Above Marsh; Clogged,29.63282212,-90.02373929
BA164-V10T,,8/27/2018,10:05,CST,,,,0.328,,,,,,,,,,,,,,,,,,,,,,,,,,,,,COASTAL ESTUARY SERVICES LLC,sipper clogged; no water on marsh,29.64610551,-89.99650427
BA164-V10T,,8/27/2018,10:05,CST,,,,0.984,,,,,,,,,,,,,,,,,,,,,,,,,,,,,COASTAL ESTUARY SERVICES LLC,sipper clogged; no water on marsh,29.64610551,-89.99650427
BA164-V10T,,6/23/2021,10:15,CST,,,,0.328,,,,,,,,,,,,,,,,,,,,,,,,,,,,,COASTAL ESTUARY SERVICES LLC,Clogged; Marsh not flooded;,29.64610551,-89.99650427
BA164-V10T,,6/23/2021,10:15,CST,,,,0.984,,,,,,,,,,,,,,,,,,,,,,,,,,,,,COASTAL ESTUARY SERVICES LLC,Clogged; Marsh not flooded;,29.64610551,-89.99650427
BA164-V11,,8/29/2018,11:35,CST,,,,0.328,,,,,,,30.10,11030.00,6.20,,,,,,,,,,,,,,,,,,,,COASTAL ESTUARY SERVICES LLC,no water on marsh,29.63049406,-90.02448911
BA164-V11,,8/29/2018,11:35,CST,,,,0.984,,,,,,,,,,,,,,,,,,,,,,,,,,,,,COASTAL ESTUARY SERVICES LLC,Sipper clogged; no water on marsh,29.63049406,-90.02448911
BA164-V11,,6/29/2021,13:35,CST,,,,0.328,,,,,,,,,,,,,,,,,,,,,,,,,,,,,COASTAL ESTUARY SERVICES LLC,Water Level: 0.2 ft Above Marsh; Clogged,29.63049406,-90.02448911
BA164-V11,,6/29/2021,13:35,CST,,,,0.984,,,,,,,,,,,,,,,,,,,,,,,,,,,,,COASTAL ESTUARY SERVICES LLC,Water Level: 0.2 ft Above Marsh; Clogged,29.63049406,-90.02448911
BA164-V12,,8/29/2018,11:50,CST,,,,0.328,,,,,,,,,,,,,,,,,,,,,,,,,,,,,COASTAL ESTUARY SERVICES LLC,Sipper clogged; no water on marsh,29.62992793,-90.02177016
BA164-V12,,8/29/2018,11:50,CST,,,,0.984,,,,,,,,,,,,,,,,,,,,,,,,,,,,,COASTAL ESTUARY SERVICES LLC,Sipper clogged; no water on marsh,29.62992793,-90.02177016
BA164-V12,,6/29/2021,13:50,CST,,,,0.328,,,,,,,,,,,,,,,,,,,,,,,,,,,,,COASTAL ESTUARY SERVICES LLC,Marsh Not Flooded; Clogged,29.62992793,-90.02177016
BA164-V12,,6/29/2021,13:50,CST,,,,0.984,,,,,,,,,,,,,,,,,,,,,,,,,,,,,COASTAL ESTUARY SERVICES LLC,Marsh Not Flooded; Clogged,29.62992793,-90.02177016

