CPRA Station ID,Original Collector Station ID,Date (mm/dd/yyyy),Time (hh:mm),Time Zone,Staff Gauge (ft),Geoid,Station Depth (ft),Measurement Depth (ft),Water Temperature (�C),Specific Conductance (uS/cm),Salinity (ppt),Dissolved Oxygen (mg/L),pH (pH units),Velocity (ft/sec),Soil Porewater Temperature (�C),Soil Porewater Specific Conductance (uS/cm),Soil Porewater Salinity (ppt),Turbidity (FNU),Chlorophyll a (ug/L),Total Nitrogen (mg/L),Total Kjeldahl Nitrogen (mg/L),Nitrate as N (mg/L),Nitrite as N (mg/L),Nitrate+Nitrite as N (unfiltered; mg/L),Nitrate+Nitrite as N (filtered; mg/L),Ammonium as N (unfiltered; mg/L),Ammonium as N (filtered; mg/L),Total Phosphorus (mg/L),Orthophosphate as P (unfiltered; mg/L),Orthophosphate as P (filtered; mg/L),Silica (unfiltered; mg/L),Silica (filtered; mg/L),Total Suspended Solids (mg/L),Volatile Suspended Solids (mg/L),Secchi (ft),Fecal Coliform (MPN/100ml),Organization Name,Comments,Latitude,Longitude
BA39-01P01,,9/20/2010,09:30,CST,,,,,,,,,,,,,,,,,,,,,,,,,,,,,,,,,COASTAL ESTUARY SERVICES LLC,,29.65121300,-90.02026100
BA39-01P01,,8/24/2011,08:55,CST,,,,,,,,,,,,,,,,,,,,,,,,,,,,,,,,,COASTAL ESTUARY SERVICES LLC,,29.65121300,-90.02026100
BA39-01P01,,7/22/2014,10:15,CST,,,,0.328,,,,,,,27.10,3712.00,1.90,,,,,,,,,,,,,,,,,,,,COASTAL ESTUARY SERVICES LLC,sand impass at 30 cm,29.65121300,-90.02026100
BA39-01P01,,7/24/2017,13:10,CST,,,,0.328,,,,,,,30.30,3800.00,2.00,,,,,,,,,,,,,,,,,,,,COASTAL ESTUARY SERVICES LLC,,29.65121300,-90.02026100
BA39-01P01,,7/24/2017,13:10,CST,,,,0.984,,,,,,,,,,,,,,,,,,,,,,,,,,,,,COASTAL ESTUARY SERVICES LLC,Clogged (sand),29.65121300,-90.02026100
BA39-01P01,,7/1/2021,10:00,CST,,,,0.328,,,,,,,27.10,8090.00,4.50,,,,,,,,,,,,,,,,,,,,COASTAL ESTUARY SERVICES LLC,Marsh Not Flooded; ,29.65121300,-90.02026100
BA39-01P01,,7/1/2021,10:00,CST,,,,0.984,,,,,,,28.20,9010.00,5.00,,,,,,,,,,,,,,,,,,,,COASTAL ESTUARY SERVICES LLC,Marsh Not Flooded; ,29.65121300,-90.02026100
BA39-01P02,,9/20/2010,09:30,CST,,,,,,,,,,,,,,,,,,,,,,,,,,,,,,,,,COASTAL ESTUARY SERVICES LLC,,29.65119500,-90.02026600
BA39-01P02,,8/24/2011,08:55,CST,,,,,,,,,,,,,,,,,,,,,,,,,,,,,,,,,COASTAL ESTUARY SERVICES LLC,,29.65119500,-90.02026600
BA39-01P03,,9/20/2010,09:30,CST,,,,,,,,,,,,,,,,,,,,,,,,,,,,,,,,,COASTAL ESTUARY SERVICES LLC,,29.65117100,-90.02026800
BA39-01P03,,8/24/2011,08:55,CST,,,,,,,,,,,,,,,,,,,,,,,,,,,,,,,,,COASTAL ESTUARY SERVICES LLC,,29.65117100,-90.02026800
BA39-01V16,,9/20/2010,09:48,CST,,,,,,,,,,,,,,,,,,,,,,,,,,,,,,,,,COASTAL ESTUARY SERVICES LLC,,29.65178826,-90.02090937
BA39-01V16,,8/24/2011,08:32,CST,,,,,,,,,,,,,,,,,,,,,,,,,,,,,,,,,COASTAL ESTUARY SERVICES LLC,,29.65178826,-90.02090937
BA39-01V16,,7/22/2014,10:22,CST,,,,,,,,,,,,,,,,,,,,,,,,,,,,,,,,,COASTAL ESTUARY SERVICES LLC,clogged at 10 cm; sand impass at 30cm,29.65178826,-90.02090937
BA39-01V16,,7/24/2017,12:57,CST,,,,0.328,,,,,,,,,,,,,,,,,,,,,,,,,,,,,COASTAL ESTUARY SERVICES LLC,Clogged   ,29.65178826,-90.02090937
BA39-01V16,,7/24/2017,12:57,CST,,,,0.984,,,,,,,,,,,,,,,,,,,,,,,,,,,,,COASTAL ESTUARY SERVICES LLC,Clogged   ,29.65178826,-90.02090937
BA39-01V16,,7/1/2021,11:33,CST,,,,0.328,,,,,,,27.30,8400.00,4.70,,,,,,,,,,,,,,,,,,,,COASTAL ESTUARY SERVICES LLC,Water Level: 0.5 ft Above Marsh; ,29.65178826,-90.02090937
BA39-01V16,,7/1/2021,11:33,CST,,,,0.984,,,,,,,26.80,8055.00,4.50,,,,,,,,,,,,,,,,,,,,COASTAL ESTUARY SERVICES LLC,Water Level: 0.5 ft Above Marsh; ,29.65178826,-90.02090937
BA39-01V25,,9/20/2010,09:51,CST,,,,,,,,,,,,,,,,,,,,,,,,,,,,,,,,,COASTAL ESTUARY SERVICES LLC,,29.65161261,-90.02071837
BA39-01V25,,8/24/2011,08:45,CST,,,,,,,,,,,,,,,,,,,,,,,,,,,,,,,,,COASTAL ESTUARY SERVICES LLC,,29.65161261,-90.02071837
BA39-01V25,,7/22/2014,10:32,CST,,,,0.328,,,,,,,29.90,7210.00,3.90,,,,,,,,,,,,,,,,,,,,COASTAL ESTUARY SERVICES LLC,sand impass at 30 cm,29.65161261,-90.02071837
BA39-01V25,,7/24/2017,12:52,CST,,,,0.328,,,,,,,,,,,,,,,,,,,,,,,,,,,,,COASTAL ESTUARY SERVICES LLC,Clogged   ,29.65161261,-90.02071837
BA39-01V25,,7/24/2017,12:52,CST,,,,0.984,,,,,,,,,,,,,,,,,,,,,,,,,,,,,COASTAL ESTUARY SERVICES LLC,Clogged   ,29.65161261,-90.02071837
BA39-01V25,,7/1/2021,11:25,CST,,,,0.328,,,,,,,26.70,9231.00,5.00,,,,,,,,,,,,,,,,,,,,COASTAL ESTUARY SERVICES LLC,Water Level: 0.5 ft Above Marsh; ,29.65161261,-90.02071837
BA39-01V25,,7/1/2021,11:25,CST,,,,0.984,,,,,,,26.80,8872.00,5.00,,,,,,,,,,,,,,,,,,,,COASTAL ESTUARY SERVICES LLC,Water Level: 0.5 ft Above Marsh; ,29.65161261,-90.02071837
BA39-01V31,,9/20/2010,09:58,CST,,,,,,,,,,,,,,,,,,,,,,,,,,,,,,,,,COASTAL ESTUARY SERVICES LLC,,29.65149242,-90.02058768
BA39-01V31,,8/24/2011,08:51,CST,,,,,,,,,,,,,,,,,,,,,,,,,,,,,,,,,COASTAL ESTUARY SERVICES LLC,,29.65149242,-90.02058768
BA39-01V31,,7/24/2014,09:17,CST,,,,0.328,,,,,,,30.00,9401.00,5.20,,,,,,,,,,,,,,,,,,,,COASTAL ESTUARY SERVICES LLC,sand impass at 30 cm,29.65149242,-90.02058768
BA39-01V31,,7/24/2017,12:47,CST,,,,0.328,,,,,,,,,,,,,,,,,,,,,,,,,,,,,COASTAL ESTUARY SERVICES LLC,Clogged,29.65149242,-90.02058768
BA39-01V31,,7/24/2017,12:47,CST,,,,0.984,,,,,,,27.40,3977.00,2.10,,,,,,,,,,,,,,,,,,,,COASTAL ESTUARY SERVICES LLC,,29.65149242,-90.02058768
BA39-01V31,,7/1/2021,11:20,CST,,,,0.328,,,,,,,26.50,8907.00,5.00,,,,,,,,,,,,,,,,,,,,COASTAL ESTUARY SERVICES LLC,Water Level: 0.5 ft Above Marsh; ,29.65149242,-90.02058768
BA39-01V31,,7/1/2021,11:20,CST,,,,0.984,,,,,,,27.20,8797.00,4.90,,,,,,,,,,,,,,,,,,,,COASTAL ESTUARY SERVICES LLC,Water Level: 0.5 ft Above Marsh; ,29.65149242,-90.02058768
BA39-01V57,,9/20/2010,11:15,CST,,,,,,,,,,,,,,,,,,,,,,,,,,,,,,,,,COASTAL ESTUARY SERVICES LLC,,29.65098395,-90.02003479
BA39-01V57,,8/24/2011,09:01,CST,,,,,,,,,,,,,,,,,,,,,,,,,,,,,,,,,COASTAL ESTUARY SERVICES LLC,,29.65098395,-90.02003479
BA39-01V57,,7/24/2014,09:38,CST,,,,0.328,,,,,,,29.70,6486.00,3.50,,,,,,,,,,,,,,,,,,,,COASTAL ESTUARY SERVICES LLC,sand impass at 30 cm,29.65098395,-90.02003479
BA39-01V57,,7/24/2017,12:30,CST,,,,0.328,,,,,,,31.10,3004.00,1.50,,,,,,,,,,,,,,,,,,,,COASTAL ESTUARY SERVICES LLC,,29.65098395,-90.02003479
BA39-01V57,,7/24/2017,12:30,CST,,,,0.984,,,,,,,28.40,3270.00,1.70,,,,,,,,,,,,,,,,,,,,COASTAL ESTUARY SERVICES LLC,,29.65098395,-90.02003479
BA39-01V57,,7/1/2021,11:15,CST,,,,0.328,,,,,,,27.50,6897.00,3.80,,,,,,,,,,,,,,,,,,,,COASTAL ESTUARY SERVICES LLC,Water Level: 0.25 ft Above Marsh; ,29.65098395,-90.02003479
BA39-01V57,,7/1/2021,11:15,CST,,,,0.984,,,,,,,28.30,7483.00,4.10,,,,,,,,,,,,,,,,,,,,COASTAL ESTUARY SERVICES LLC,Water Level: 0.25 ft Above Marsh; ,29.65098395,-90.02003479
BA39-01V69,,9/20/2010,11:09,CST,,,,0.328,,,,,,,29.20,5320.00,2.80,,,,,,,,,,,,,,,,,,,,COASTAL ESTUARY SERVICES LLC,,29.65074358,-90.01977342
BA39-01V69,,8/24/2011,09:13,CST,,,,,,,,,,,,,,,,,,,,,,,,,,,,,,,,,COASTAL ESTUARY SERVICES LLC,,29.65074358,-90.01977342
BA39-01V69,,7/24/2014,09:49,CST,,,,0.328,,,,,,,28.70,9165.00,5.10,,,,,,,,,,,,,,,,,,,,COASTAL ESTUARY SERVICES LLC,sand impass at 30 cm,29.65074358,-90.01977342
BA39-01V69,,7/24/2017,12:23,CST,,,,0.328,,,,,,,,,,,,,,,,,,,,,,,,,,,,,COASTAL ESTUARY SERVICES LLC,Clogged,29.65074358,-90.01977342
BA39-01V69,,7/24/2017,12:23,CST,,,,0.984,,,,,,,27.50,3450.00,1.80,,,,,,,,,,,,,,,,,,,,COASTAL ESTUARY SERVICES LLC,,29.65074358,-90.01977342
BA39-01V69,,7/1/2021,10:55,CST,,,,0.328,,,,,,,28.00,7993.00,4.40,,,,,,,,,,,,,,,,,,,,COASTAL ESTUARY SERVICES LLC,Water Level: 0.2 ft Above Marsh; ,29.65074358,-90.01977342
BA39-01V69,,7/1/2021,10:55,CST,,,,0.984,,,,,,,28.70,8558.00,4.70,,,,,,,,,,,,,,,,,,,,COASTAL ESTUARY SERVICES LLC,Water Level: 0.2 ft Above Marsh; ,29.65074358,-90.01977342
BA39-01V73,,9/20/2010,11:04,CST,,,,0.328,,,,,,,29.20,1405.00,0.70,,,,,,,,,,,,,,,,,,,,COASTAL ESTUARY SERVICES LLC,,29.65066962,-90.01969300
BA39-01V73,,8/24/2011,09:24,CST,,,,,,,,,,,,,,,,,,,,,,,,,,,,,,,,,COASTAL ESTUARY SERVICES LLC,,29.65066962,-90.01969300
BA39-01V73,,7/24/2014,10:01,CST,,,,0.328,,,,,,,29.60,2076.00,1.00,,,,,,,,,,,,,,,,,,,,COASTAL ESTUARY SERVICES LLC,sand impass at 30 cm,29.65066962,-90.01969300
BA39-01V73,,7/24/2017,12:17,CST,,,,0.328,,,,,,,,,,,,,,,,,,,,,,,,,,,,,COASTAL ESTUARY SERVICES LLC,Clogged,29.65066962,-90.01969300
BA39-01V73,,7/24/2017,12:17,CST,,,,0.984,,,,,,,27.70,3600.00,1.90,,,,,,,,,,,,,,,,,,,,COASTAL ESTUARY SERVICES LLC,,29.65066962,-90.01969300
BA39-01V73,,7/1/2021,10:50,CST,,,,0.328,,,,,,,28.10,6231.00,3.40,,,,,,,,,,,,,,,,,,,,COASTAL ESTUARY SERVICES LLC,Water Level: 0.2 ft Above Marsh; ,29.65066962,-90.01969300
BA39-01V73,,7/1/2021,10:50,CST,,,,0.984,,,,,,,28.30,6310.00,3.40,,,,,,,,,,,,,,,,,,,,COASTAL ESTUARY SERVICES LLC,Water Level: 0.2 ft Above Marsh; ,29.65066962,-90.01969300
BA39-01V80,,9/20/2010,10:56,CST,,,,0.328,,,,,,,29.20,1085.00,0.90,,,,,,,,,,,,,,,,,,,,COASTAL ESTUARY SERVICES LLC,,29.65053095,-90.01954221
BA39-01V80,,8/24/2011,09:34,CST,,,,,,,,,,,,,,,,,,,,,,,,,,,,,,,,,COASTAL ESTUARY SERVICES LLC,,29.65053095,-90.01954221
BA39-01V80,,7/24/2014,10:14,CST,,,,0.328,,,,,,,29.70,3960.00,2.00,,,,,,,,,,,,,,,,,,,,COASTAL ESTUARY SERVICES LLC,sand impass at 30 cm,29.65053095,-90.01954221
BA39-01V80,,7/24/2017,12:05,CST,,,,0.328,,,,,,,,,,,,,,,,,,,,,,,,,,,,,COASTAL ESTUARY SERVICES LLC,Clogged,29.65053095,-90.01954221
BA39-01V80,,7/24/2017,12:05,CST,,,,0.984,,,,,,,27.50,3345.00,1.70,,,,,,,,,,,,,,,,,,,,COASTAL ESTUARY SERVICES LLC,,29.65053095,-90.01954221
BA39-01V80,,7/1/2021,10:38,CST,,,,0.328,,,,,,,27.70,5479.00,2.90,,,,,,,,,,,,,,,,,,,,COASTAL ESTUARY SERVICES LLC,Water Level: 0.1 ft Above Marsh; ,29.65053095,-90.01954221
BA39-01V80,,7/1/2021,10:38,CST,,,,0.984,,,,,,,27.90,5582.00,3.00,,,,,,,,,,,,,,,,,,,,COASTAL ESTUARY SERVICES LLC,Water Level: 0.1 ft Above Marsh; ,29.65053095,-90.01954221
BA39-01V85,,9/20/2010,10:58,CST,,,,0.328,,,,,,,29.70,3006.00,1.50,,,,,,,,,,,,,,,,,,,,COASTAL ESTUARY SERVICES LLC,,29.65042925,-90.01943163
BA39-01V85,,9/20/2010,10:58,CST,,,,0.984,,,,,,,28.70,2915.00,1.50,,,,,,,,,,,,,,,,,,,,COASTAL ESTUARY SERVICES LLC,,29.65042925,-90.01943163
BA39-01V85,,8/24/2011,09:48,CST,,,,,,,,,,,,,,,,,,,,,,,,,,,,,,,,,COASTAL ESTUARY SERVICES LLC,,29.65042925,-90.01943163
BA39-01V85,,7/24/2014,10:29,CST,,,,0.328,,,,,,,27.60,3155.00,1.60,,,,,,,,,,,,,,,,,,,,COASTAL ESTUARY SERVICES LLC,sand impass at 30 cm,29.65042925,-90.01943163
BA39-01V85,,7/24/2017,11:56,CST,,,,0.328,,,,,,,,,,,,,,,,,,,,,,,,,,,,,COASTAL ESTUARY SERVICES LLC,Clogged   ,29.65042925,-90.01943163
BA39-01V85,,7/24/2017,11:56,CST,,,,0.984,,,,,,,,,,,,,,,,,,,,,,,,,,,,,COASTAL ESTUARY SERVICES LLC,Clogged   ,29.65042925,-90.01943163
BA39-01V85,,7/1/2021,10:24,CST,,,,0.328,,,,,,,26.60,4513.00,2.40,,,,,,,,,,,,,,,,,,,,COASTAL ESTUARY SERVICES LLC,Water Level: 0.1 ft Above Marsh; ,29.65042925,-90.01943163
BA39-01V85,,7/1/2021,10:24,CST,,,,0.984,,,,,,,26.80,4979.00,2.70,,,,,,,,,,,,,,,,,,,,COASTAL ESTUARY SERVICES LLC,Water Level: 0.1 ft Above Marsh; ,29.65042925,-90.01943163
BA39-01V88,,9/20/2010,10:32,CST,,,,0.328,,,,,,,28.30,1783.00,0.90,,,,,,,,,,,,,,,,,,,,COASTAL ESTUARY SERVICES LLC,,29.65037378,-90.01937132
BA39-01V88,,9/20/2010,10:32,CST,,,,0.984,,,,,,,28.40,1640.00,0.80,,,,,,,,,,,,,,,,,,,,COASTAL ESTUARY SERVICES LLC,,29.65037378,-90.01937132
BA39-01V88,,8/24/2011,10:04,CST,,,,,,,,,,,,,,,,,,,,,,,,,,,,,,,,,COASTAL ESTUARY SERVICES LLC,,29.65037378,-90.01937132
BA39-01V88,,7/24/2014,10:50,CST,,,,0.328,,,,,,,27.20,2784.00,1.40,,,,,,,,,,,,,,,,,,,,COASTAL ESTUARY SERVICES LLC,sand impass at 30 cm,29.65037378,-90.01937132
BA39-01V88,,7/24/2017,11:55,CST,,,,0.328,,,,,,,,,,,,,,,,,,,,,,,,,,,,,COASTAL ESTUARY SERVICES LLC,Clogged   ,29.65037378,-90.01937132
BA39-01V88,,7/24/2017,11:55,CST,,,,0.984,,,,,,,,,,,,,,,,,,,,,,,,,,,,,COASTAL ESTUARY SERVICES LLC,Clogged   ,29.65037378,-90.01937132
BA39-01V88,,7/1/2021,10:15,CST,,,,0.328,,,,,,,28.60,4781.00,2.50,,,,,,,,,,,,,,,,,,,,COASTAL ESTUARY SERVICES LLC,Water Level: 0.3 ft Above Marsh; ,29.65037378,-90.01937132
BA39-01V88,,7/1/2021,10:15,CST,,,,0.984,,,,,,,29.00,5309.00,2.90,,,,,,,,,,,,,,,,,,,,COASTAL ESTUARY SERVICES LLC,Water Level: 0.3 ft Above Marsh; ,29.65037378,-90.01937132
BA39-01V89,,9/20/2010,10:24,CST,,,,0.328,,,,,,,28.50,1781.00,0.90,,,,,,,,,,,,,,,,,,,,COASTAL ESTUARY SERVICES LLC,,29.65035529,-90.01935121
BA39-01V89,,9/20/2010,10:24,CST,,,,0.984,,,,,,,28.50,2035.00,1.00,,,,,,,,,,,,,,,,,,,,COASTAL ESTUARY SERVICES LLC,,29.65035529,-90.01935121
BA39-01V89,,8/24/2011,10:07,CST,,,,,,,,,,,,,,,,,,,,,,,,,,,,,,,,,COASTAL ESTUARY SERVICES LLC,,29.65035529,-90.01935121
BA39-01V89,,7/24/2014,10:55,CST,,,,0.328,,,,,,,26.90,3267.00,1.70,,,,,,,,,,,,,,,,,,,,COASTAL ESTUARY SERVICES LLC,sand impass at 30 cm,29.65035529,-90.01935121
BA39-01V89,,7/24/2017,11:45,CST,,,,0.328,,,,,,,,,,,,,,,,,,,,,,,,,,,,,COASTAL ESTUARY SERVICES LLC,Clogged   ,29.65035529,-90.01935121
BA39-01V89,,7/24/2017,11:45,CST,,,,0.984,,,,,,,,,,,,,,,,,,,,,,,,,,,,,COASTAL ESTUARY SERVICES LLC,Clogged   ,29.65035529,-90.01935121
BA39-01V89,,7/1/2021,10:05,CST,,,,0.328,,,,,,,27.00,5744.00,3.10,,,,,,,,,,,,,,,,,,,,COASTAL ESTUARY SERVICES LLC,Water Level: 0.5 ft Above Marsh; ,29.65035529,-90.01935121
BA39-01V89,,7/1/2021,10:05,CST,,,,0.984,,,,,,,27.00,5663.00,3.10,,,,,,,,,,,,,,,,,,,,COASTAL ESTUARY SERVICES LLC,Water Level: 0.5 ft Above Marsh; ,29.65035529,-90.01935121
BA39-02P01,,9/21/2010,14:00,CST,,,,0.328,,,,,,,29.40,7660.00,3.90,,,,,,,,,,,,,,,,,,,,COASTAL ESTUARY SERVICES LLC,,29.64877100,-90.01461700
BA39-02P01,,8/24/2011,10:40,CST,,,,,,,,,,,,,,,,,,,,,,,,,,,,,,,,,COASTAL ESTUARY SERVICES LLC,,29.64877100,-90.01461700
BA39-02P01,,7/24/2014,11:21,CST,,,,,,,,,,,,,,,,,,,,,,,,,,,,,,,,,COASTAL ESTUARY SERVICES LLC,sand impass at 30 cm; clogged at 10 cm,29.64877100,-90.01461700
BA39-02P01,,7/24/2017,10:50,CST,,,,0.328,,,,,,,28.80,7905.00,4.30,,,,,,,,,,,,,,,,,,,,COASTAL ESTUARY SERVICES LLC,,29.64877100,-90.01461700
BA39-02P01,,7/24/2017,10:50,CST,,,,0.984,,,,,,,29.00,8938.00,5.00,,,,,,,,,,,,,,,,,,,,COASTAL ESTUARY SERVICES LLC,,29.64877100,-90.01461700
BA39-02P01,,6/30/2021,11:20,CST,,,,0.328,,,,,,,30.70,5833.00,3.10,,,,,,,,,,,,,,,,,,,,COASTAL ESTUARY SERVICES LLC,Water Level: 0.2 ft Above Marsh; ,29.64877100,-90.01461700
BA39-02P01,,6/30/2021,11:20,CST,,,,0.984,,,,,,,30.70,6599.00,3.60,,,,,,,,,,,,,,,,,,,,COASTAL ESTUARY SERVICES LLC,Water Level: 0.2 ft Above Marsh; ,29.64877100,-90.01461700
BA39-02P02,,9/21/2010,14:00,CST,,,,0.328,,,,,,,29.10,6470.00,4.00,,,,,,,,,,,,,,,,,,,,COASTAL ESTUARY SERVICES LLC,,29.64876000,-90.01461700
BA39-02P02,,8/24/2011,10:40,CST,,,,,,,,,,,,,,,,,,,,,,,,,,,,,,,,,COASTAL ESTUARY SERVICES LLC,,29.64876000,-90.01461700
BA39-02P02,,6/30/2021,11:20,CST,,,,0.328,,,,,,,30.30,6225.00,3.40,,,,,,,,,,,,,,,,,,,,COASTAL ESTUARY SERVICES LLC,Water Level: 0.2 ft Above Marsh; ,29.64876000,-90.01461700
BA39-02P02,,6/30/2021,11:20,CST,,,,0.984,,,,,,,30.20,6410.00,3.50,,,,,,,,,,,,,,,,,,,,COASTAL ESTUARY SERVICES LLC,Water Level: 0.2 ft Above Marsh; ,29.64876000,-90.01461700
BA39-02P03,,9/21/2010,14:00,CST,,,,0.328,,,,,,,29.10,5340.00,2.90,,,,,,,,,,,,,,,,,,,,COASTAL ESTUARY SERVICES LLC,,29.64874300,-90.01462100
BA39-02P03,,8/24/2011,10:40,CST,,,,,,,,,,,,,,,,,,,,,,,,,,,,,,,,,COASTAL ESTUARY SERVICES LLC,,29.64874300,-90.01462100
BA39-02P03,,6/30/2021,11:20,CST,,,,0.328,,,,,,,,,,,,,,,,,,,,,,,,,,,,,COASTAL ESTUARY SERVICES LLC,Water Level: 0.2 ft Above Marsh; clogged,29.64874300,-90.01462100
BA39-02P03,,6/30/2021,11:20,CST,,,,0.984,,,,,,,30.10,6329.00,3.50,,,,,,,,,,,,,,,,,,,,COASTAL ESTUARY SERVICES LLC,Water Level: 0.2 ft Above Marsh; ,29.64874300,-90.01462100
BA39-02V05,,9/20/2010,12:02,CST,,,,,,,,,,,,,,,,,,,,,,,,,,,,,,,,,COASTAL ESTUARY SERVICES LLC,,29.64955663,-90.01552354
BA39-02V05,,8/24/2011,08:50,CST,,,,,,,,,,,,,,,,,,,,,,,,,,,,,,,,,COASTAL ESTUARY SERVICES LLC,,29.64955663,-90.01552354
BA39-02V05,,7/24/2014,12:26,CST,,,,,,,,,,,,,,,,,,,,,,,,,,,,,,,,,COASTAL ESTUARY SERVICES LLC,sand impass at 30 cm; clogged at 10 cm,29.64955663,-90.01552354
BA39-02V05,,7/24/2017,13:03,CST,,,,0.328,,,,,,,30.00,10258.00,5.80,,,,,,,,,,,,,,,,,,,,COASTAL ESTUARY SERVICES LLC,,29.64955663,-90.01552354
BA39-02V05,,7/24/2017,13:03,CST,,,,0.984,,,,,,,29.00,11819.00,6.70,,,,,,,,,,,,,,,,,,,,COASTAL ESTUARY SERVICES LLC,,29.64955663,-90.01552354
BA39-02V05,,6/30/2021,10:10,CST,,,,0.328,,,,,,,28.70,4710.00,2.50,,,,,,,,,,,,,,,,,,,,COASTAL ESTUARY SERVICES LLC,Water Level: 0.6 ft Above Marsh; ,29.64955663,-90.01552354
BA39-02V05,,6/30/2021,10:10,CST,,,,0.984,,,,,,,30.20,7867.00,4.30,,,,,,,,,,,,,,,,,,,,COASTAL ESTUARY SERVICES LLC,Water Level: 0.6 ft Above Marsh; ,29.64955663,-90.01552354
BA39-02V14,,9/20/2010,11:57,CST,,,,,,,,,,,,,,,,,,,,,,,,,,,,,,,,,COASTAL ESTUARY SERVICES LLC,,29.64938097,-90.01533255
BA39-02V14,,8/24/2011,09:09,CST,,,,,,,,,,,,,,,,,,,,,,,,,,,,,,,,,COASTAL ESTUARY SERVICES LLC,,29.64938097,-90.01533255
BA39-02V14,,7/24/2014,12:13,CST,,,,,,,,,,,,,,,,,,,,,,,,,,,,,,,,,COASTAL ESTUARY SERVICES LLC,sand impass at 30 cm; clogged at 10 cm,29.64938097,-90.01533255
BA39-02V14,,7/24/2017,12:50,CST,,,,0.328,,,,,,,30.00,9780.00,5.40,,,,,,,,,,,,,,,,,,,,COASTAL ESTUARY SERVICES LLC,,29.64938097,-90.01533255
BA39-02V14,,7/24/2017,12:50,CST,,,,0.984,,,,,,,31.90,10095.00,5.60,,,,,,,,,,,,,,,,,,,,COASTAL ESTUARY SERVICES LLC,,29.64938097,-90.01533255
BA39-02V14,,6/30/2021,10:23,CST,,,,0.328,,,,,,,29.10,7002.00,3.80,,,,,,,,,,,,,,,,,,,,COASTAL ESTUARY SERVICES LLC,Water Level: 0.3 ft Above Marsh; ,29.64938097,-90.01533255
BA39-02V14,,6/30/2021,10:23,CST,,,,0.984,,,,,,,29.80,7737.00,4.20,,,,,,,,,,,,,,,,,,,,COASTAL ESTUARY SERVICES LLC,Water Level: 0.3 ft Above Marsh; ,29.64938097,-90.01533255
BA39-02V20,,9/20/2010,11:50,CST,,,,,,,,,,,,,,,,,,,,,,,,,,,,,,,,,COASTAL ESTUARY SERVICES LLC,,29.64926078,-90.01520187
BA39-02V20,,8/24/2011,09:24,CST,,,,,,,,,,,,,,,,,,,,,,,,,,,,,,,,,COASTAL ESTUARY SERVICES LLC,,29.64926078,-90.01520187
BA39-02V20,,7/24/2014,12:07,CST,,,,,,,,,,,,,,,,,,,,,,,,,,,,,,,,,COASTAL ESTUARY SERVICES LLC,sand impass at 30 cm; clogged at 10 cm,29.64926078,-90.01520187
BA39-02V20,,7/24/2017,12:24,CST,,,,0.328,,,,,,,30.00,10483.00,5.90,,,,,,,,,,,,,,,,,,,,COASTAL ESTUARY SERVICES LLC,,29.64926078,-90.01520187
BA39-02V20,,7/24/2017,12:24,CST,,,,0.984,,,,,,,29.00,12256.00,6.90,,,,,,,,,,,,,,,,,,,,COASTAL ESTUARY SERVICES LLC,,29.64926078,-90.01520187
BA39-02V20,,6/30/2021,10:36,CST,,,,0.328,,,,,,,28.80,5794.00,3.80,,,,,,,,,,,,,,,,,,,,COASTAL ESTUARY SERVICES LLC,Water Level: 0.15 ft Above Marsh; ,29.64926078,-90.01520187
BA39-02V20,,6/30/2021,10:36,CST,,,,0.984,,,,,,,30.60,8061.00,4.40,,,,,,,,,,,,,,,,,,,,COASTAL ESTUARY SERVICES LLC,Water Level: 0.15 ft Above Marsh; ,29.64926078,-90.01520187
BA39-02V21,,9/20/2010,11:45,CST,,,,,,,,,,,,,,,,,,,,,,,,,,,,,,,,,COASTAL ESTUARY SERVICES LLC,,29.64924229,-90.01518177
BA39-02V21,,8/24/2011,09:44,CST,,,,,,,,,,,,,,,,,,,,,,,,,,,,,,,,,COASTAL ESTUARY SERVICES LLC,,29.64924229,-90.01518177
BA39-02V21,,7/24/2014,12:02,CST,,,,,,,,,,,,,,,,,,,,,,,,,,,,,,,,,COASTAL ESTUARY SERVICES LLC,sand impass at 30 cm; clogged at 10 cm,29.64924229,-90.01518177
BA39-02V21,,7/24/2017,12:15,CST,,,,0.328,,,,,,,30.40,11740.00,6.60,,,,,,,,,,,,,,,,,,,,COASTAL ESTUARY SERVICES LLC,,29.64924229,-90.01518177
BA39-02V21,,7/24/2017,12:15,CST,,,,0.984,,,,,,,31.40,12008.00,6.80,,,,,,,,,,,,,,,,,,,,COASTAL ESTUARY SERVICES LLC,,29.64924229,-90.01518177
BA39-02V21,,6/30/2021,10:45,CST,,,,0.328,,,,,,,28.90,5360.00,2.90,,,,,,,,,,,,,,,,,,,,COASTAL ESTUARY SERVICES LLC,Water Level: 0.4 ft Above Marsh; ,29.64924229,-90.01518177
BA39-02V21,,6/30/2021,10:45,CST,,,,0.984,,,,,,,29.00,6167.00,3.30,,,,,,,,,,,,,,,,,,,,COASTAL ESTUARY SERVICES LLC,Water Level: 0.4 ft Above Marsh; ,29.64924229,-90.01518177
BA39-02V24,,9/20/2010,11:33,CST,,,,,,,,,,,,,,,,,,,,,,,,,,,,,,,,,COASTAL ESTUARY SERVICES LLC,,29.64918682,-90.01512146
BA39-02V24,,8/24/2011,09:58,CST,,,,,,,,,,,,,,,,,,,,,,,,,,,,,,,,,COASTAL ESTUARY SERVICES LLC,,29.64918682,-90.01512146
BA39-02V24,,7/24/2014,11:50,CST,,,,,,,,,,,,,,,,,,,,,,,,,,,,,,,,,COASTAL ESTUARY SERVICES LLC,sand impass at 30 cm; clogged at 10 cm,29.64918682,-90.01512146
BA39-02V24,,7/24/2017,12:06,CST,,,,0.328,,,,,,,30.00,8094.00,4.40,,,,,,,,,,,,,,,,,,,,COASTAL ESTUARY SERVICES LLC,,29.64918682,-90.01512146
BA39-02V24,,7/24/2017,12:06,CST,,,,0.984,,,,,,,30.40,12318.00,7.00,,,,,,,,,,,,,,,,,,,,COASTAL ESTUARY SERVICES LLC,,29.64918682,-90.01512146
BA39-02V24,,6/30/2021,10:55,CST,,,,0.328,,,,,,,29.00,7982.00,4.10,,,,,,,,,,,,,,,,,,,,COASTAL ESTUARY SERVICES LLC,Water Level: 0.4 ft Above Marsh; ,29.64918682,-90.01512146
BA39-02V24,,6/30/2021,10:55,CST,,,,0.984,,,,,,,28.20,8690.00,4.80,,,,,,,,,,,,,,,,,,,,COASTAL ESTUARY SERVICES LLC,Water Level: 0.4 ft Above Marsh; ,29.64918682,-90.01512146
BA39-02V28,,9/21/2010,14:10,CST,,,,0.984,,,,,,,29.10,6570.00,3.60,,,,,,,,,,,,,,,,,,,,COASTAL ESTUARY SERVICES LLC,,29.64910361,-90.01503099
BA39-02V28,,8/24/2011,10:20,CST,,,,,,,,,,,,,,,,,,,,,,,,,,,,,,,,,COASTAL ESTUARY SERVICES LLC,,29.64910361,-90.01503099
BA39-02V28,,7/24/2014,11:42,CST,,,,,,,,,,,,,,,,,,,,,,,,,,,,,,,,,COASTAL ESTUARY SERVICES LLC,sand impass at 30 cm; clogged at 10 cm,29.64910361,-90.01503099
BA39-02V28,,7/24/2017,11:52,CST,,,,0.328,,,,,,,29.70,6468.00,3.50,,,,,,,,,,,,,,,,,,,,COASTAL ESTUARY SERVICES LLC,,29.64910361,-90.01503099
BA39-02V28,,7/24/2017,11:52,CST,,,,0.984,,,,,,,29.10,10807.00,6.10,,,,,,,,,,,,,,,,,,,,COASTAL ESTUARY SERVICES LLC,,29.64910361,-90.01503099
BA39-02V28,,6/30/2021,11:04,CST,,,,0.328,,,,,,,28.50,7451.00,4.10,,,,,,,,,,,,,,,,,,,,COASTAL ESTUARY SERVICES LLC,Water Level: 0.4 ft Above Marsh; ,29.64910361,-90.01503099
BA39-02V28,,6/30/2021,11:04,CST,,,,0.984,,,,,,,32.70,9659.00,5.40,,,,,,,,,,,,,,,,,,,,COASTAL ESTUARY SERVICES LLC,Water Level: 0.4 ft Above Marsh; ,29.64910361,-90.01503099
BA39-02V41,,9/20/2010,11:25,CST,,,,0.328,,,,,,,29.70,6460.00,3.50,,,,,,,,,,,,,,,,,,,,COASTAL ESTUARY SERVICES LLC,,29.64885399,-90.01475959
BA39-02V41,,8/24/2011,10:37,CST,,,,,,,,,,,,,,,,,,,,,,,,,,,,,,,,,COASTAL ESTUARY SERVICES LLC,,29.64885399,-90.01475959
BA39-02V41,,7/24/2014,11:30,CST,,,,,,,,,,,,,,,,,,,,,,,,,,,,,,,,,COASTAL ESTUARY SERVICES LLC,sand impass at 30 cm; clogged at 10 cm,29.64885399,-90.01475959
BA39-02V41,,7/24/2017,11:36,CST,,,,0.328,,,,,,,29.50,6703.00,3.60,,,,,,,,,,,,,,,,,,,,COASTAL ESTUARY SERVICES LLC,,29.64885399,-90.01475959
BA39-02V41,,7/24/2017,11:36,CST,,,,0.984,,,,,,,29.20,11804.00,6.70,,,,,,,,,,,,,,,,,,,,COASTAL ESTUARY SERVICES LLC,,29.64885399,-90.01475959
BA39-02V41,,6/30/2021,11:11,CST,,,,0.328,,,,,,,,,,,,,,,,,,,,,,,,,,,,,COASTAL ESTUARY SERVICES LLC,Water Level: 0.1 ft Above Marsh; clogged,29.64885399,-90.01475959
BA39-02V41,,6/30/2021,11:11,CST,,,,0.984,,,,,,,29.00,6538.00,3.50,,,,,,,,,,,,,,,,,,,,COASTAL ESTUARY SERVICES LLC,Water Level: 0.1 ft Above Marsh; ,29.64885399,-90.01475959
BA39-02V65,,9/21/2010,14:15,CST,,,,,,,,,,,,,,,,,,,,,,,,,,,,,,,,,COASTAL ESTUARY SERVICES LLC,,29.64838248,-90.01424695
BA39-02V65,,8/24/2011,12:11,CST,,,,,,,,,,,,,,,,,,,,,,,,,,,,,,,,,COASTAL ESTUARY SERVICES LLC,,29.64838248,-90.01424695
BA39-02V65,,7/24/2014,12:56,CST,,,,0.328,,,,,,,31.50,3180.00,1.60,,,,,,,,,,,,,,,,,,,,COASTAL ESTUARY SERVICES LLC,clogged at 30 cm,29.64838248,-90.01424695
BA39-02V65,,7/24/2017,11:11,CST,,,,0.328,,,,,,,28.50,7885.00,4.30,,,,,,,,,,,,,,,,,,,,COASTAL ESTUARY SERVICES LLC,,29.64838248,-90.01424695
BA39-02V65,,7/24/2017,11:11,CST,,,,0.984,,,,,,,27.60,9231.00,5.20,,,,,,,,,,,,,,,,,,,,COASTAL ESTUARY SERVICES LLC,,29.64838248,-90.01424695
BA39-02V65,,6/30/2021,11:30,CST,,,,0.328,,,,,,,,,,,,,,,,,,,,,,,,,,,,,COASTAL ESTUARY SERVICES LLC,Marsh Not Flooded; clogged,29.64838248,-90.01424695
BA39-02V65,,6/30/2021,11:30,CST,,,,0.984,,,,,,,,,,,,,,,,,,,,,,,,,,,,,COASTAL ESTUARY SERVICES LLC,Marsh Not Flooded; clogged,29.64838248,-90.01424695
BA39-02V66,,9/21/2010,14:27,CST,,,,,,,,,,,,,,,,,,,,,,,,,,,,,,,,,COASTAL ESTUARY SERVICES LLC,,29.64836399,-90.01422684
BA39-02V66,,8/24/2011,12:19,CST,,,,,,,,,,,,,,,,,,,,,,,,,,,,,,,,,COASTAL ESTUARY SERVICES LLC,,29.64836399,-90.01422684
BA39-02V66,,7/24/2014,13:00,CST,,,,0.328,,,,,,,31.00,2899.00,1.50,,,,,,,,,,,,,,,,,,,,COASTAL ESTUARY SERVICES LLC,clogged at 30 cm,29.64836399,-90.01422684
BA39-02V66,,7/24/2017,11:10,CST,,,,0.328,,,,,,,28.00,7482.00,4.10,,,,,,,,,,,,,,,,,,,,COASTAL ESTUARY SERVICES LLC,,29.64836399,-90.01422684
BA39-02V66,,7/24/2017,11:10,CST,,,,0.984,,,,,,,27.60,9630.00,5.40,,,,,,,,,,,,,,,,,,,,COASTAL ESTUARY SERVICES LLC,,29.64836399,-90.01422684
BA39-02V71,,9/21/2010,14:40,CST,,,,0.328,,,,,,,29.40,3550.00,1.90,,,,,,,,,,,,,,,,,,,,COASTAL ESTUARY SERVICES LLC,,29.64826229,-90.01411627
BA39-02V71,,8/24/2011,12:23,CST,,,,,,,,,,,,,,,,,,,,,,,,,,,,,,,,,COASTAL ESTUARY SERVICES LLC,,29.64826229,-90.01411627
BA39-02V71,,7/24/2014,13:05,CST,,,,0.328,,,,,,,29.50,4715.00,2.50,,,,,,,,,,,,,,,,,,,,COASTAL ESTUARY SERVICES LLC,clogged at 30 cm,29.64826229,-90.01411627
BA39-02V71,,7/24/2017,11:00,CST,,,,0.328,,,,,,,29.00,8144.00,4.50,,,,,,,,,,,,,,,,,,,,COASTAL ESTUARY SERVICES LLC,,29.64826229,-90.01411627
BA39-02V71,,7/24/2017,11:00,CST,,,,0.984,,,,,,,27.70,8752.00,4.90,,,,,,,,,,,,,,,,,,,,COASTAL ESTUARY SERVICES LLC,,29.64826229,-90.01411627
BA39-02V71,,6/30/2021,11:44,CST,,,,0.328,,,,,,,28.30,6116.00,3.30,,,,,,,,,,,,,,,,,,,,COASTAL ESTUARY SERVICES LLC,Water Level: 0.7 ft Above Marsh; ,29.64826229,-90.01411627
BA39-02V71,,6/30/2021,11:44,CST,,,,0.984,,,,,,,28.20,6864.00,3.80,,,,,,,,,,,,,,,,,,,,COASTAL ESTUARY SERVICES LLC,Water Level: 0.7 ft Above Marsh; ,29.64826229,-90.01411627
BA39-03P01,,9/21/2010,11:10,CST,,,,,,,,,,,,,,,,,,,,,,,,,,,,,,,,,COASTAL ESTUARY SERVICES LLC,,29.65207600,-90.00637300
BA39-03P01,,8/25/2011,08:45,CST,,,,,,,,,,,,,,,,,,,,,,,,,,,,,,,,,COASTAL ESTUARY SERVICES LLC,,29.65207600,-90.00637300
BA39-03P01,,7/21/2014,11:15,CST,,,,0.328,,,,,,,27.50,8676.00,5.00,,,,,,,,,,,,,,,,,,,,COASTAL ESTUARY SERVICES LLC,Sand impasse at 30 cm,29.65207600,-90.00637300
BA39-03P01,,7/26/2017,09:30,CST,,,,0.328,,,,,,,28.20,7325.00,4.00,,,,,,,,,,,,,,,,,,,,COASTAL ESTUARY SERVICES LLC,1 ft of water on marsh surface,29.65207600,-90.00637300
BA39-03P01,,7/26/2017,09:30,CST,,,,0.984,,,,,,,28.40,9652.00,5.40,,,,,,,,,,,,,,,,,,,,COASTAL ESTUARY SERVICES LLC,1 ft of water on marsh surface,29.65207600,-90.00637300
BA39-03P02,,9/21/2010,11:10,CST,,,,,,,,,,,,,,,,,,,,,,,,,,,,,,,,,COASTAL ESTUARY SERVICES LLC,,29.65204600,-90.00637300
BA39-03P02,,8/25/2011,08:45,CST,,,,,,,,,,,,,,,,,,,,,,,,,,,,,,,,,COASTAL ESTUARY SERVICES LLC,,29.65204600,-90.00637300
BA39-03P02,,7/21/2014,11:15,CST,,,,0.328,,,,,,,27.40,8637.00,4.90,,,,,,,,,,,,,,,,,,,,COASTAL ESTUARY SERVICES LLC,Sand impasse at 30 cm,29.65204600,-90.00637300
BA39-03P03,,9/21/2010,11:10,CST,,,,,,,,,,,,,,,,,,,,,,,,,,,,,,,,,COASTAL ESTUARY SERVICES LLC,,29.65202700,-90.00637900
BA39-03P03,,8/25/2011,08:45,CST,,,,,,,,,,,,,,,,,,,,,,,,,,,,,,,,,COASTAL ESTUARY SERVICES LLC,,29.65202700,-90.00637900
BA39-03P03,,7/21/2014,11:15,CST,,,,0.328,,,,,,,27.40,8665.00,4.90,,,,,,,,,,,,,,,,,,,,COASTAL ESTUARY SERVICES LLC,Sand impasse at 30 cm,29.65202700,-90.00637900
BA39-03V11,,9/21/2010,12:22,CST,,,,0.328,,,,,,,29.50,10030.00,5.60,,,,,,,,,,,,,,,,,,,,COASTAL ESTUARY SERVICES LLC,,29.65276681,-90.00710654
BA39-03V11,,9/21/2010,12:22,CST,,,,0.984,,,,,,,30.50,9700.00,5.40,,,,,,,,,,,,,,,,,,,,COASTAL ESTUARY SERVICES LLC,,29.65276681,-90.00710654
BA39-03V11,,8/25/2011,08:52,CST,,,,0.328,,,,,,,32.90,10740.00,6.00,,,,,,,,,,,,,,,,,,,,COASTAL ESTUARY SERVICES LLC,,29.65276681,-90.00710654
BA39-03V11,,8/25/2011,08:52,CST,,,,0.984,,,,,,,31.40,10750.00,6.00,,,,,,,,,,,,,,,,,,,,COASTAL ESTUARY SERVICES LLC,,29.65276681,-90.00710654
BA39-03V11,,7/21/2014,12:30,CST,,,,0.328,,,,,,,27.60,9035.00,5.10,,,,,,,,,,,,,,,,,,,,COASTAL ESTUARY SERVICES LLC,Sand impasse at 30 cm,29.65276681,-90.00710654
BA39-03V11,,7/26/2017,10:18,CST,,,,0.328,,,,,,,28.80,8913.00,5.00,,,,,,,,,,,,,,,,,,,,COASTAL ESTUARY SERVICES LLC,,29.65276681,-90.00710654
BA39-03V11,,7/26/2017,10:18,CST,,,,0.984,,,,,,,27.80,10736.00,6.00,,,,,,,,,,,,,,,,,,,,COASTAL ESTUARY SERVICES LLC,,29.65276681,-90.00710654
BA39-03V11,,6/29/2021,12:22,CST,,,,0.328,,,,,,,,,,,,,,,,,,,,,,,,,,,,,COASTAL ESTUARY SERVICES LLC,Water Level: 1.5 ft Above Marsh; Clogging after multiple attempts,29.65276681,-90.00710654
BA39-03V11,,6/29/2021,12:22,CST,,,,0.984,,,,,,,,,,,,,,,,,,,,,,,,,,,,,COASTAL ESTUARY SERVICES LLC,Water Level: 1.5 ft Above Marsh; Clogging after multiple attempts,29.65276681,-90.00710654
BA39-03V13,,9/21/2010,12:25,CST,,,,0.328,,,,,,,33.90,14690.00,8.40,,,,,,,,,,,,,,,,,,,,COASTAL ESTUARY SERVICES LLC,,29.65272058,-90.00705628
BA39-03V13,,9/21/2010,12:25,CST,,,,0.984,,,,,,,31.40,9920.00,5.50,,,,,,,,,,,,,,,,,,,,COASTAL ESTUARY SERVICES LLC,,29.65272058,-90.00705628
BA39-03V13,,8/25/2011,09:12,CST,,,,0.328,,,,,,,31.90,14600.00,8.70,,,,,,,,,,,,,,,,,,,,COASTAL ESTUARY SERVICES LLC,,29.65272058,-90.00705628
BA39-03V13,,8/25/2011,09:12,CST,,,,0.984,,,,,,,30.40,14130.00,8.10,,,,,,,,,,,,,,,,,,,,COASTAL ESTUARY SERVICES LLC,,29.65272058,-90.00705628
BA39-03V13,,7/21/2014,12:24,CST,,,,0.328,,,,,,,27.80,9250.00,5.20,,,,,,,,,,,,,,,,,,,,COASTAL ESTUARY SERVICES LLC,Sand impasse at 30 cm,29.65272058,-90.00705628
BA39-03V13,,7/26/2017,10:13,CST,,,,0.328,,,,,,,29.00,9504.00,5.30,,,,,,,,,,,,,,,,,,,,COASTAL ESTUARY SERVICES LLC,,29.65272058,-90.00705628
BA39-03V13,,7/26/2017,10:13,CST,,,,0.984,,,,,,,27.80,10780.00,6.10,,,,,,,,,,,,,,,,,,,,COASTAL ESTUARY SERVICES LLC,,29.65272058,-90.00705628
BA39-03V13,,6/29/2021,12:13,CST,,,,0.328,,,,,,,25.20,4326.00,2.30,,,,,,,,,,,,,,,,,,,,COASTAL ESTUARY SERVICES LLC,Water Level: 0.7 ft Above Marsh; ,29.65272058,-90.00705628
BA39-03V13,,6/29/2021,12:13,CST,,,,0.984,,,,,,,25.00,5405.00,2.90,,,,,,,,,,,,,,,,,,,,COASTAL ESTUARY SERVICES LLC,Water Level: 0.7 ft Above Marsh; ,29.65272058,-90.00705628
BA39-03V15,,9/21/2010,12:29,CST,,,,0.328,,,,,,,29.90,11310.00,6.40,,,,,,,,,,,,,,,,,,,,COASTAL ESTUARY SERVICES LLC,,29.65268360,-90.00701608
BA39-03V15,,9/21/2010,12:29,CST,,,,0.984,,,,,,,29.70,9540.00,5.30,,,,,,,,,,,,,,,,,,,,COASTAL ESTUARY SERVICES LLC,,29.65268360,-90.00701608
BA39-03V15,,8/25/2011,09:28,CST,,,,0.328,,,,,,,32.70,11830.00,6.90,,,,,,,,,,,,,,,,,,,,COASTAL ESTUARY SERVICES LLC,,29.65268360,-90.00701608
BA39-03V15,,8/25/2011,09:28,CST,,,,0.984,,,,,,,30.50,10070.00,5.60,,,,,,,,,,,,,,,,,,,,COASTAL ESTUARY SERVICES LLC,,29.65268360,-90.00701608
BA39-03V15,,7/21/2014,12:15,CST,,,,0.328,,,,,,,27.90,8900.00,5.00,,,,,,,,,,,,,,,,,,,,COASTAL ESTUARY SERVICES LLC,Sand impasse at 30 cm,29.65268360,-90.00701608
BA39-03V15,,7/26/2017,10:08,CST,,,,0.328,,,,,,,28.50,8217.00,4.50,,,,,,,,,,,,,,,,,,,,COASTAL ESTUARY SERVICES LLC,,29.65268360,-90.00701608
BA39-03V15,,7/26/2017,10:08,CST,,,,0.984,,,,,,,27.90,10772.00,6.10,,,,,,,,,,,,,,,,,,,,COASTAL ESTUARY SERVICES LLC,,29.65268360,-90.00701608
BA39-03V15,,6/29/2021,12:06,CST,,,,0.328,,,,,,,25.00,3202.00,1.70,,,,,,,,,,,,,,,,,,,,COASTAL ESTUARY SERVICES LLC,Marsh Not Flooded; ,29.65268360,-90.00701608
BA39-03V15,,6/29/2021,12:06,CST,,,,0.984,,,,,,,26.80,4725.00,2.50,,,,,,,,,,,,,,,,,,,,COASTAL ESTUARY SERVICES LLC,Marsh Not Flooded; ,29.65268360,-90.00701608
BA39-03V18,,9/21/2010,12:47,CST,,,,0.328,,,,,,,31.80,8160.00,4.50,,,,,,,,,,,,,,,,,,,,COASTAL ESTUARY SERVICES LLC,,29.65262812,-90.00695577
BA39-03V18,,9/21/2010,12:47,CST,,,,0.984,,,,,,,30.70,8150.00,4.50,,,,,,,,,,,,,,,,,,,,COASTAL ESTUARY SERVICES LLC,,29.65262812,-90.00695577
BA39-03V18,,8/25/2011,09:49,CST,,,,,,,,,,,,,,,,,,,,,,,,,,,,,,,,,COASTAL ESTUARY SERVICES LLC,,29.65262812,-90.00695577
BA39-03V18,,7/21/2014,12:05,CST,,,,0.328,,,,,,,27.90,9070.00,5.10,,,,,,,,,,,,,,,,,,,,COASTAL ESTUARY SERVICES LLC,Sand impasse at 30 cm,29.65262812,-90.00695577
BA39-03V18,,7/26/2017,10:00,CST,,,,0.328,,,,,,,28.60,8664.00,4.80,,,,,,,,,,,,,,,,,,,,COASTAL ESTUARY SERVICES LLC,,29.65262812,-90.00695577
BA39-03V18,,7/26/2017,10:00,CST,,,,0.984,,,,,,,28.70,10488.00,5.90,,,,,,,,,,,,,,,,,,,,COASTAL ESTUARY SERVICES LLC,,29.65262812,-90.00695577
BA39-03V18,,6/29/2021,11:57,CST,,,,0.328,,,,,,,26.50,2940.00,1.50,,,,,,,,,,,,,,,,,,,,COASTAL ESTUARY SERVICES LLC,Water Level: 0.5 ft Above Marsh; ,29.65262812,-90.00695577
BA39-03V18,,6/29/2021,11:57,CST,,,,0.984,,,,,,,27.00,5410.00,2.90,,,,,,,,,,,,,,,,,,,,COASTAL ESTUARY SERVICES LLC,Water Level: 0.5 ft Above Marsh; ,29.65262812,-90.00695577
BA39-03V20,,9/21/2010,12:59,CST,,,,,,,,,,,,,,,,,,,,,,,,,,,,,,,,,COASTAL ESTUARY SERVICES LLC,,29.65258189,-90.00690551
BA39-03V20,,8/25/2011,10:00,CST,,,,,,,,,,,,,,,,,,,,,,,,,,,,,,,,,COASTAL ESTUARY SERVICES LLC,,29.65258189,-90.00690551
BA39-03V20,,7/21/2014,11:55,CST,,,,0.328,,,,,,,28.70,9930.00,5.60,,,,,,,,,,,,,,,,,,,,COASTAL ESTUARY SERVICES LLC,Sand impasse at 30 cm,29.65258189,-90.00690551
BA39-03V20,,7/26/2017,10:04,CST,,,,0.328,,,,,,,28.10,8679.00,4.80,,,,,,,,,,,,,,,,,,,,COASTAL ESTUARY SERVICES LLC,,29.65258189,-90.00690551
BA39-03V20,,7/26/2017,10:04,CST,,,,0.984,,,,,,,28.70,10787.00,6.10,,,,,,,,,,,,,,,,,,,,COASTAL ESTUARY SERVICES LLC,,29.65258189,-90.00690551
BA39-03V20,,6/29/2021,11:49,CST,,,,0.328,,,,,,,28.50,7197.00,3.90,,,,,,,,,,,,,,,,,,,,COASTAL ESTUARY SERVICES LLC,Water Level: 0.5 ft Above Marsh; ,29.65258189,-90.00690551
BA39-03V20,,6/29/2021,11:49,CST,,,,0.984,,,,,,,28.40,8746.00,4.80,,,,,,,,,,,,,,,,,,,,COASTAL ESTUARY SERVICES LLC,Water Level: 0.5 ft Above Marsh; ,29.65258189,-90.00690551
BA39-03V36,,9/21/2010,12:00,CST,,,,0.328,,,,,,,29.90,5260.00,2.80,,,,,,,,,,,,,,,,,,,,COASTAL ESTUARY SERVICES LLC,,29.65226753,-90.00656377
BA39-03V36,,9/21/2010,12:00,CST,,,,0.984,,,,,,,29.50,6770.00,3.70,,,,,,,,,,,,,,,,,,,,COASTAL ESTUARY SERVICES LLC,,29.65226753,-90.00656377
BA39-03V36,,8/25/2011,10:17,CST,,,,0.328,,,,,,,31.10,12320.00,7.00,,,,,,,,,,,,,,,,,,,,COASTAL ESTUARY SERVICES LLC,,29.65226753,-90.00656377
BA39-03V36,,8/25/2011,10:17,CST,,,,0.984,,,,,,,30.20,13350.00,7.60,,,,,,,,,,,,,,,,,,,,COASTAL ESTUARY SERVICES LLC,,29.65226753,-90.00656377
BA39-03V36,,7/21/2014,11:48,CST,,,,0.328,,,,,,,28.30,9376.00,5.30,,,,,,,,,,,,,,,,,,,,COASTAL ESTUARY SERVICES LLC,Sand impasse at 30 cm,29.65226753,-90.00656377
BA39-03V36,,7/26/2017,09:11,CST,,,,0.328,,,,,,,29.50,10600.00,6.00,,,,,,,,,,,,,,,,,,,,COASTAL ESTUARY SERVICES LLC,,29.65226753,-90.00656377
BA39-03V36,,7/26/2017,09:11,CST,,,,0.984,,,,,,,28.90,11049.00,6.20,,,,,,,,,,,,,,,,,,,,COASTAL ESTUARY SERVICES LLC,,29.65226753,-90.00656377
BA39-03V36,,6/29/2021,11:41,CST,,,,0.328,,,,,,,27.00,1366.00,0.70,,,,,,,,,,,,,,,,,,,,COASTAL ESTUARY SERVICES LLC,Water Level: 0.7 ft Above Marsh; ,29.65226753,-90.00656377
BA39-03V36,,6/29/2021,11:41,CST,,,,0.984,,,,,,,27.20,1926.00,1.00,,,,,,,,,,,,,,,,,,,,COASTAL ESTUARY SERVICES LLC,Water Level: 0.7 ft Above Marsh; ,29.65226753,-90.00656377
BA39-03V37,,9/21/2010,11:40,CST,,,,0.328,,,,,,,30.60,9160.00,5.10,,,,,,,,,,,,,,,,,,,,COASTAL ESTUARY SERVICES LLC,,29.65224904,-90.00654366
BA39-03V37,,9/21/2010,11:40,CST,,,,0.984,,,,,,,30.10,10140.00,5.70,,,,,,,,,,,,,,,,,,,,COASTAL ESTUARY SERVICES LLC,,29.65224904,-90.00654366
BA39-03V37,,8/25/2011,10:39,CST,,,,0.328,,,,,,,30.60,13000.00,7.40,,,,,,,,,,,,,,,,,,,,COASTAL ESTUARY SERVICES LLC,,29.65224904,-90.00654366
BA39-03V37,,8/25/2011,10:39,CST,,,,0.984,,,,,,,30.10,13730.00,7.90,,,,,,,,,,,,,,,,,,,,COASTAL ESTUARY SERVICES LLC,,29.65224904,-90.00654366
BA39-03V37,,7/21/2014,11:35,CST,,,,0.328,,,,,,,28.00,9455.00,5.40,,,,,,,,,,,,,,,,,,,,COASTAL ESTUARY SERVICES LLC,Sand impasse at 30 cm,29.65224904,-90.00654366
BA39-03V37,,7/26/2017,09:06,CST,,,,0.328,,,,,,,29.00,10451.00,5.90,,,,,,,,,,,,,,,,,,,,COASTAL ESTUARY SERVICES LLC,,29.65224904,-90.00654366
BA39-03V37,,7/26/2017,09:06,CST,,,,0.984,,,,,,,28.20,11375.00,6.40,,,,,,,,,,,,,,,,,,,,COASTAL ESTUARY SERVICES LLC,,29.65224904,-90.00654366
BA39-03V37,,6/29/2021,11:42,CST,,,,0.328,,,,,,,27.60,2391.00,1.20,,,,,,,,,,,,,,,,,,,,COASTAL ESTUARY SERVICES LLC,Water Level: 1.3 ft Above Marsh; ,29.65224904,-90.00654366
BA39-03V37,,6/29/2021,11:42,CST,,,,0.984,,,,,,,27.50,3795.00,2.00,,,,,,,,,,,,,,,,,,,,COASTAL ESTUARY SERVICES LLC,Water Level: 1.3 ft Above Marsh; ,29.65224904,-90.00654366
BA39-03V38,,9/21/2010,11:32,CST,,,,0.328,,,,,,,29.40,12550.00,7.20,,,,,,,,,,,,,,,,,,,,COASTAL ESTUARY SERVICES LLC,,29.65223055,-90.00652356
BA39-03V38,,9/21/2010,11:32,CST,,,,0.984,,,,,,,29.30,18950.00,11.20,,,,,,,,,,,,,,,,,,,,COASTAL ESTUARY SERVICES LLC,,29.65223055,-90.00652356
BA39-03V38,,8/25/2011,10:40,CST,,,,0.328,,,,,,,31.00,13430.00,7.70,,,,,,,,,,,,,,,,,,,,COASTAL ESTUARY SERVICES LLC,,29.65223055,-90.00652356
BA39-03V38,,8/25/2011,10:40,CST,,,,0.984,,,,,,,30.30,12960.00,7.40,,,,,,,,,,,,,,,,,,,,COASTAL ESTUARY SERVICES LLC,,29.65223055,-90.00652356
BA39-03V38,,7/21/2014,11:28,CST,,,,0.328,,,,,,,27.70,9673.00,5.50,,,,,,,,,,,,,,,,,,,,COASTAL ESTUARY SERVICES LLC,Sand impasse at 30 cm,29.65223055,-90.00652356
BA39-03V38,,7/26/2017,08:59,CST,,,,0.328,,,,,,,29.20,9954.00,5.60,,,,,,,,,,,,,,,,,,,,COASTAL ESTUARY SERVICES LLC,,29.65223055,-90.00652356
BA39-03V38,,7/26/2017,08:59,CST,,,,0.984,,,,,,,28.70,11205.00,6.40,,,,,,,,,,,,,,,,,,,,COASTAL ESTUARY SERVICES LLC,,29.65223055,-90.00652356
BA39-03V38,,6/29/2021,11:19,CST,,,,0.328,,,,,,,28.30,1667.00,0.80,,,,,,,,,,,,,,,,,,,,COASTAL ESTUARY SERVICES LLC,Water Level: 0.5 ft Above Marsh; ,29.65223055,-90.00652356
BA39-03V38,,6/29/2021,11:19,CST,,,,0.984,,,,,,,28.50,2325.00,1.40,,,,,,,,,,,,,,,,,,,,COASTAL ESTUARY SERVICES LLC,Water Level: 0.5 ft Above Marsh; ,29.65223055,-90.00652356
BA39-03V39,,9/21/2010,11:23,CST,,,,0.328,,,,,,,30.50,10890.00,6.10,,,,,,,,,,,,,,,,,,,,COASTAL ESTUARY SERVICES LLC,,29.65221206,-90.00650346
BA39-03V39,,9/21/2010,11:23,CST,,,,0.984,,,,,,,29.10,10510.00,5.90,,,,,,,,,,,,,,,,,,,,COASTAL ESTUARY SERVICES LLC,,29.65221206,-90.00650346
BA39-03V39,,8/25/2011,10:52,CST,,,,0.328,,,,,,,31.00,13030.00,7.40,,,,,,,,,,,,,,,,,,,,COASTAL ESTUARY SERVICES LLC,,29.65221206,-90.00650346
BA39-03V39,,8/25/2011,10:52,CST,,,,0.984,,,,,,,30.20,14900.00,8.60,,,,,,,,,,,,,,,,,,,,COASTAL ESTUARY SERVICES LLC,,29.65221206,-90.00650346
BA39-03V39,,7/21/2014,11:24,CST,,,,0.328,,,,,,,27.70,8621.00,4.80,,,,,,,,,,,,,,,,,,,,COASTAL ESTUARY SERVICES LLC,Sand impasse at 30 cm,29.65221206,-90.00650346
BA39-03V39,,7/26/2017,08:51,CST,,,,0.328,,,,,,,29.10,11136.00,6.30,,,,,,,,,,,,,,,,,,,,COASTAL ESTUARY SERVICES LLC,,29.65221206,-90.00650346
BA39-03V39,,7/26/2017,08:51,CST,,,,0.984,,,,,,,29.40,10962.00,6.20,,,,,,,,,,,,,,,,,,,,COASTAL ESTUARY SERVICES LLC,,29.65221206,-90.00650346
BA39-03V39,,6/29/2021,10:58,CST,,,,0.328,,,,,,,27.30,1357.00,0.70,,,,,,,,,,,,,,,,,,,,COASTAL ESTUARY SERVICES LLC,Water Level: 0.2 ft Above Marsh; ,29.65221206,-90.00650346
BA39-03V39,,6/29/2021,10:58,CST,,,,0.984,,,,,,,27.20,2013.00,1.00,,,,,,,,,,,,,,,,,,,,COASTAL ESTUARY SERVICES LLC,Water Level: 0.2 ft Above Marsh; ,29.65221206,-90.00650346
BA39-03V41,,9/21/2010,11:15,CST,,,,0.328,,,,,,,31.20,8800.00,4.90,,,,,,,,,,,,,,,,,,,,COASTAL ESTUARY SERVICES LLC,,29.65217507,-90.00646325
BA39-03V41,,9/21/2010,11:15,CST,,,,0.984,,,,,,,31.60,6300.00,3.40,,,,,,,,,,,,,,,,,,,,COASTAL ESTUARY SERVICES LLC,,29.65217507,-90.00646325
BA39-03V41,,8/25/2011,11:04,CST,,,,,,,,,,,,,,,,,,,,,,,,,,,,,,,,,COASTAL ESTUARY SERVICES LLC,,29.65217507,-90.00646325
BA39-03V41,,7/21/2014,11:20,CST,,,,0.328,,,,,,,27.60,8494.00,4.80,,,,,,,,,,,,,,,,,,,,COASTAL ESTUARY SERVICES LLC,Sand impasse at 30 cm,29.65217507,-90.00646325
BA39-03V41,,7/26/2017,08:43,CST,,,,0.328,,,,,,,29.90,9890.00,5.50,,,,,,,,,,,,,,,,,,,,COASTAL ESTUARY SERVICES LLC,,29.65217507,-90.00646325
BA39-03V41,,7/26/2017,08:43,CST,,,,0.984,,,,,,,29.40,11841.00,6.70,,,,,,,,,,,,,,,,,,,,COASTAL ESTUARY SERVICES LLC,,29.65217507,-90.00646325
BA39-03V41,,6/29/2021,09:40,CST,,,,0.328,,,,,,,27.20,5314.00,2.90,,,,,,,,,,,,,,,,,,,,COASTAL ESTUARY SERVICES LLC,Water Level: 0.7 ft Above Marsh; ,29.65217507,-90.00646325
BA39-03V41,,6/29/2021,09:40,CST,,,,0.984,,,,,,,27.30,2458.00,1.30,,,,,,,,,,,,,,,,,,,,COASTAL ESTUARY SERVICES LLC,Water Level: 0.7 ft Above Marsh; ,29.65217507,-90.00646325

