CPRA Station ID,Original Collector Station ID,Date (mm/dd/yyyy),Time (hh:mm),Time Zone,Staff Gauge (ft),Geoid,Station Depth (ft),Measurement Depth (ft),Water Temperature (�C),Specific Conductance (uS/cm),Salinity (ppt),Dissolved Oxygen (mg/L),pH (pH units),Velocity (ft/sec),Soil Porewater Temperature (�C),Soil Porewater Specific Conductance (uS/cm),Soil Porewater Salinity (ppt),Turbidity (FNU),Chlorophyll a (ug/L),Total Nitrogen (mg/L),Total Kjeldahl Nitrogen (mg/L),Nitrate as N (mg/L),Nitrite as N (mg/L),Nitrate+Nitrite as N (unfiltered; mg/L),Nitrate+Nitrite as N (filtered; mg/L),Ammonium as N (unfiltered; mg/L),Ammonium as N (filtered; mg/L),Total Phosphorus (mg/L),Orthophosphate as P (unfiltered; mg/L),Orthophosphate as P (filtered; mg/L),Silica (unfiltered; mg/L),Silica (filtered; mg/L),Total Suspended Solids (mg/L),Volatile Suspended Solids (mg/L),Secchi (ft),Fecal Coliform (MPN/100ml),Organization Name,Comments,Latitude,Longitude
SWMP0105,,8/22/2017,09:03,CST,,,4.40,1.000,31.30,882.00,0.43,4.36,,,,,,8.90000,,,,,,,,,,,,,,,,,,,COASTAL ESTUARY SERVICES LLC,Skies: partly cloudy. Wind: East at <5 kts. Seas: <1 ft. Water clarity: murky. ,29.73554000,-89.95138000
SWMP0105,,8/22/2017,09:03,CST,,,4.40,2.000,31.10,891.00,0.43,3.70,,,,,,10.40000,40,1.8,1.8,,,b.d.,,b.d.,,0.16,0.09,,5.8,,17,b.d.,,,COASTAL ESTUARY SERVICES LLC,Skies: partly cloudy. Wind: East at <5 kts. Seas: <1 ft. Water clarity: murky.  b.d. = below detection,29.73554000,-89.95138000
SWMP0105,,8/22/2017,09:03,CST,,,4.40,3.000,30.80,894.00,0.43,2.96,,,,,,12.10000,,,,,,,,,,,,,,,,,,,COASTAL ESTUARY SERVICES LLC,Skies: partly cloudy. Wind: East at <5 kts. Seas: <1 ft. Water clarity: murky. ,29.73554000,-89.95138000
SWMP0105,,8/22/2017,09:03,CST,,,4.40,4.000,30.70,892.00,0.43,2.86,,,,,,15.30000,,,,,,,,,,,,,,,,,,,COASTAL ESTUARY SERVICES LLC,Skies: partly cloudy. Wind: East at <5 kts. Seas: <1 ft. Water clarity: murky. ,29.73554000,-89.95138000
SWMP0105,,9/19/2017,11:32,CST,,,7.40,1.000,31.10,1304.00,0.64,6.34,,,,,,12.50000,,,,,,,,,,,,,,,,,,,COASTAL ESTUARY SERVICES LLC,Skies: partly cloudy. Wind: West at <5 kts. Seas: <1 ft. Water clarity: murky.  ,29.73554000,-89.95138000
SWMP0105,,9/19/2017,11:32,CST,,,7.40,2.000,30.80,1305.00,0.64,5.44,,,,,,14.00000,,,,,,,,,,,,,,,,,,,COASTAL ESTUARY SERVICES LLC,Skies: partly cloudy. Wind: West at <5 kts. Seas: <1 ft. Water clarity: murky.  ,29.73554000,-89.95138000
SWMP0105,,9/19/2017,11:32,CST,,,7.40,3.000,30.30,1301.00,0.64,4.70,,,,,,15.00000,83.9,1.6,1.6,,,b.d.,,b.d.,,0.17,0.16,,5,,30,,,,COASTAL ESTUARY SERVICES LLC,Skies: partly cloudy. Wind: West at <5 kts. Seas: <1 ft. Water clarity: murky. ; VSS concentration (75 mg/L) transferred to notes since VSS>TSS ; b.d. = below detection,29.73554000,-89.95138000
SWMP0105,,9/19/2017,11:32,CST,,,7.40,4.000,30.30,1300.00,0.64,4.62,,,,,,15.40000,,,,,,,,,,,,,,,,,,,COASTAL ESTUARY SERVICES LLC,Skies: partly cloudy. Wind: West at <5 kts. Seas: <1 ft. Water clarity: murky.  ,29.73554000,-89.95138000
SWMP0105,,9/19/2017,11:32,CST,,,7.40,5.000,30.40,1300.00,0.64,4.74,,,,,,14.50000,,,,,,,,,,,,,,,,,,,COASTAL ESTUARY SERVICES LLC,Skies: partly cloudy. Wind: West at <5 kts. Seas: <1 ft. Water clarity: murky.  ,29.73554000,-89.95138000
SWMP0105,,9/19/2017,11:32,CST,,,7.40,6.000,30.30,1300.00,0.64,4.55,,,,,,15.70000,,,,,,,,,,,,,,,,,,,COASTAL ESTUARY SERVICES LLC,Skies: partly cloudy. Wind: West at <5 kts. Seas: <1 ft. Water clarity: murky.  ,29.73554000,-89.95138000
SWMP0105,,9/19/2017,11:32,CST,,,7.40,7.000,30.20,1300.00,0.64,4.45,,,,,,16.80000,,,,,,,,,,,,,,,,,,,COASTAL ESTUARY SERVICES LLC,Skies: partly cloudy. Wind: West at <5 kts. Seas: <1 ft. Water clarity: murky.  ,29.73554000,-89.95138000
SWMP0105,,10/17/2017,12:30,CST,,,8.00,1.000,23.50,1777.00,0.90,5.60,,,,,,12.10000,,,,,,,,,,,,,,,,,,,COASTAL ESTUARY SERVICES LLC,Skies: partly cloudy. Wind: Northeast at 5-10 kts. Seas: <1 ft. Water clarity: murky. ,29.73554000,-89.95138000
SWMP0105,,10/17/2017,12:30,CST,,,8.00,2.000,23.50,1778.00,0.90,5.28,,,,,,13.30000,,,,,,,,,,,,,,,,,,,COASTAL ESTUARY SERVICES LLC,Skies: partly cloudy. Wind: Northeast at 5-10 kts. Seas: <1 ft. Water clarity: murky. ,29.73554000,-89.95138000
SWMP0105,,10/17/2017,12:30,CST,,,8.00,3.000,23.50,1778.00,0.90,5.23,,,,,,12.50000,,,,,,,,,,,,,,,,,,,COASTAL ESTUARY SERVICES LLC,Skies: partly cloudy. Wind: Northeast at 5-10 kts. Seas: <1 ft. Water clarity: murky. ,29.73554000,-89.95138000
SWMP0105,,10/17/2017,12:30,CST,,,8.00,4.000,23.40,1778.00,0.90,5.18,,,,,,13.60000,51,1.8,1.8,,,b.d.,,0.11,,0.22,b.d.,,7.3,,32,13,,,COASTAL ESTUARY SERVICES LLC,Skies: partly cloudy. Wind: Northeast at 5-10 kts. Seas: <1 ft. Water clarity: murky.  b.d. = below detection,29.73554000,-89.95138000
SWMP0105,,10/17/2017,12:30,CST,,,8.00,5.000,23.40,1777.00,0.90,5.16,,,,,,14.60000,,,,,,,,,,,,,,,,,,,COASTAL ESTUARY SERVICES LLC,Skies: partly cloudy. Wind: Northeast at 5-10 kts. Seas: <1 ft. Water clarity: murky. ,29.73554000,-89.95138000
SWMP0105,,10/17/2017,12:30,CST,,,8.00,6.000,23.40,1778.00,0.90,5.14,,,,,,14.50000,,,,,,,,,,,,,,,,,,,COASTAL ESTUARY SERVICES LLC,Skies: partly cloudy. Wind: Northeast at 5-10 kts. Seas: <1 ft. Water clarity: murky. ,29.73554000,-89.95138000
SWMP0105,,10/17/2017,12:30,CST,,,8.00,7.000,23.40,1777.00,0.90,5.13,,,,,,17.30000,,,,,,,,,,,,,,,,,,,COASTAL ESTUARY SERVICES LLC,Skies: partly cloudy. Wind: Northeast at 5-10 kts. Seas: <1 ft. Water clarity: murky. ,29.73554000,-89.95138000
SWMP0105,,10/17/2017,12:30,CST,,,8.00,8.000,23.40,1776.00,0.90,5.10,,,,,,16.90000,,,,,,,,,,,,,,,,,,,COASTAL ESTUARY SERVICES LLC,Skies: partly cloudy. Wind: Northeast at 5-10 kts. Seas: <1 ft. Water clarity: murky. ,29.73554000,-89.95138000
SWMP0105,,11/21/2017,10:50,CST,,,7.30,1.000,15.40,2601.00,1.35,9.58,,,,,,16.50000,,,,,,,,,,,,,,,,,,,COASTAL ESTUARY SERVICES LLC,Skies: sunny. Wind: Southwest at 5-10 kts. Seas: <1 ft. Water clarity: murky.  ,29.73554000,-89.95138000
SWMP0105,,11/21/2017,10:50,CST,,,7.30,2.000,15.40,2604.00,1.35,9.57,,,,,,16.50000,,,,,,,,,,,,,,,,,,,COASTAL ESTUARY SERVICES LLC,Skies: sunny. Wind: Southwest at 5-10 kts. Seas: <1 ft. Water clarity: murky.  ,29.73554000,-89.95138000
SWMP0105,,11/21/2017,10:50,CST,,,7.30,3.000,15.40,2605.00,1.35,9.60,,,,,,17.50000,,,,,,,,,,,,,,,,,,,COASTAL ESTUARY SERVICES LLC,Skies: sunny. Wind: Southwest at 5-10 kts. Seas: <1 ft. Water clarity: murky.  ,29.73554000,-89.95138000
SWMP0105,,11/21/2017,10:50,CST,,,7.30,4.000,15.40,2604.00,1.35,9.56,,,,,,17.20000,19.4,1.6,1.6,,,b.d.,,b.d.,,0.13,0.056,,2.5,,36,11,,,COASTAL ESTUARY SERVICES LLC,Skies: sunny. Wind: Southwest at 5-10 kts. Seas: <1 ft. Water clarity: murky.   b.d. = below detection,29.73554000,-89.95138000
SWMP0105,,11/21/2017,10:50,CST,,,7.30,5.000,15.40,2608.00,1.36,9.56,,,,,,17.40000,,,,,,,,,,,,,,,,,,,COASTAL ESTUARY SERVICES LLC,Skies: sunny. Wind: Southwest at 5-10 kts. Seas: <1 ft. Water clarity: murky.  ,29.73554000,-89.95138000
SWMP0105,,11/21/2017,10:50,CST,,,7.30,6.000,15.40,2605.00,1.35,9.56,,,,,,19.30000,,,,,,,,,,,,,,,,,,,COASTAL ESTUARY SERVICES LLC,Skies: sunny. Wind: Southwest at 5-10 kts. Seas: <1 ft. Water clarity: murky.  ,29.73554000,-89.95138000
SWMP0105,,11/21/2017,10:50,CST,,,7.30,7.000,15.40,2604.00,1.36,9.55,,,,,,17.90000,,,,,,,,,,,,,,,,,,,COASTAL ESTUARY SERVICES LLC,Skies: sunny. Wind: Southwest at 5-10 kts. Seas: <1 ft. Water clarity: murky.  ,29.73554000,-89.95138000
SWMP0105,,12/19/2017,13:00,CST,,,6.80,1.000,18.10,2778.00,1.45,8.22,,,,,,11.40000,,,,,,,,,,,,,,,,,,,COASTAL ESTUARY SERVICES LLC,Skies: partly cloudy. Wind: Southeast at 5-10 kts. Seas: <1 ft. Water clarity: tannic (black water). ,29.73554000,-89.95138000
SWMP0105,,12/19/2017,13:00,CST,,,6.80,2.000,18.10,2774.00,1.44,8.12,,,,,,11.80000,,,,,,,,,,,,,,,,,,,COASTAL ESTUARY SERVICES LLC,Skies: partly cloudy. Wind: Southeast at 5-10 kts. Seas: <1 ft. Water clarity: tannic (black water). ,29.73554000,-89.95138000
SWMP0105,,12/19/2017,13:00,CST,,,6.80,3.000,17.90,2798.00,1.46,8.00,,,,,,12.30000,52.4,1.5,1.4,,,0.17,,b.d.,,0.11,0.052,,1.8,,5,b.d.,,,COASTAL ESTUARY SERVICES LLC,Skies: partly cloudy. Wind: Southeast at 5-10 kts. Seas: <1 ft. Water clarity: tannic (black water).  b.d. = below detection,29.73554000,-89.95138000
SWMP0105,,12/19/2017,13:00,CST,,,6.80,4.000,17.80,2808.00,1.46,7.95,,,,,,11.90000,,,,,,,,,,,,,,,,,,,COASTAL ESTUARY SERVICES LLC,Skies: partly cloudy. Wind: Southeast at 5-10 kts. Seas: <1 ft. Water clarity: tannic (black water). ,29.73554000,-89.95138000
SWMP0105,,12/19/2017,13:00,CST,,,6.80,5.000,17.70,2815.00,1.47,7.85,,,,,,12.40000,,,,,,,,,,,,,,,,,,,COASTAL ESTUARY SERVICES LLC,Skies: partly cloudy. Wind: Southeast at 5-10 kts. Seas: <1 ft. Water clarity: tannic (black water). ,29.73554000,-89.95138000
SWMP0105,,12/19/2017,13:00,CST,,,6.80,6.000,17.70,2819.00,1.47,7.80,,,,,,12.80000,,,,,,,,,,,,,,,,,,,COASTAL ESTUARY SERVICES LLC,Skies: partly cloudy. Wind: Southeast at 5-10 kts. Seas: <1 ft. Water clarity: tannic (black water). ,29.73554000,-89.95138000
SWMP0105,,1/4/2018,13:50,CST,,,5.60,1.000,6.60,3139.00,1.64,11.39,,,,,,14.30000,,,,,,,,,,,,,,,,,,,COASTAL ESTUARY SERVICES LLC,Skies: sunny. Wind: North at <5 kts. Seas: <1 ft. Water clarity: murky. ,29.73554000,-89.95138000
SWMP0105,,1/4/2018,13:50,CST,,,5.60,2.000,6.60,3138.00,1.64,11.37,,,,,,15.10000,,,,,,,,,,,,,,,,,,,COASTAL ESTUARY SERVICES LLC,Skies: sunny. Wind: North at <5 kts. Seas: <1 ft. Water clarity: murky. ,29.73554000,-89.95138000
SWMP0105,,1/4/2018,13:50,CST,,,5.60,3.000,6.60,3137.00,1.64,11.35,,,,,,14.00000,24.1,2.1,2,,,0.06,,0.24,,b.d.,0.071,,1.1,,29,10,,,COASTAL ESTUARY SERVICES LLC,Skies: sunny. Wind: North at <5 kts. Seas: <1 ft. Water clarity: murky.  b.d. = below detection,29.73554000,-89.95138000
SWMP0105,,1/4/2018,13:50,CST,,,5.60,4.000,6.50,3137.00,1.64,11.33,,,,,,13.70000,,,,,,,,,,,,,,,,,,,COASTAL ESTUARY SERVICES LLC,Skies: sunny. Wind: North at <5 kts. Seas: <1 ft. Water clarity: murky. ,29.73554000,-89.95138000
SWMP0105,,1/4/2018,13:50,CST,,,5.60,5.000,6.50,3136.00,1.64,11.32,,,,,,13.70000,,,,,,,,,,,,,,,,,,,COASTAL ESTUARY SERVICES LLC,Skies: sunny. Wind: North at <5 kts. Seas: <1 ft. Water clarity: murky. ,29.73554000,-89.95138000
SWMP0105,,2/5/2018,12:23,CST,,,6.50,1.000,16.70,3301.00,1.74,8.80,,,,,,17.10000,,,,,,,,,,,,,,,,,,,COASTAL ESTUARY SERVICES LLC,Skies: sunny. Wind: East at 5-10 kts. Seas: <1 ft. Water clarity: turbid.  ,29.73554000,-89.95138000
SWMP0105,,2/5/2018,12:23,CST,,,6.50,2.000,16.70,3302.00,1.74,8.78,,,,,,16.90000,,,,,,,,,,,,,,,,,,,COASTAL ESTUARY SERVICES LLC,Skies: sunny. Wind: East at 5-10 kts. Seas: <1 ft. Water clarity: turbid.  ,29.73554000,-89.95138000
SWMP0105,,2/5/2018,12:23,CST,,,6.50,3.000,16.70,3301.00,1.74,8.75,,,,,,18.00000,54.3,1.2,1.2,,,b.d.,,b.d.,,0.26,0.053,,b.d.,,42,13,,,COASTAL ESTUARY SERVICES LLC,Skies: sunny. Wind: East at 5-10 kts. Seas: <1 ft. Water clarity: turbid.  b.d. = below detection,29.73554000,-89.95138000
SWMP0105,,2/5/2018,12:23,CST,,,6.50,4.000,16.70,3302.00,1.74,8.73,,,,,,17.90000,,,,,,,,,,,,,,,,,,,COASTAL ESTUARY SERVICES LLC,Skies: sunny. Wind: East at 5-10 kts. Seas: <1 ft. Water clarity: turbid.  ,29.73554000,-89.95138000
SWMP0105,,2/5/2018,12:23,CST,,,6.50,5.000,16.70,3305.00,1.74,8.71,,,,,,18.60000,,,,,,,,,,,,,,,,,,,COASTAL ESTUARY SERVICES LLC,Skies: sunny. Wind: East at 5-10 kts. Seas: <1 ft. Water clarity: turbid.  ,29.73554000,-89.95138000
SWMP0105,,2/5/2018,12:23,CST,,,6.50,6.000,16.70,3302.00,1.74,8.73,,,,,,19.80000,,,,,,,,,,,,,,,,,,,COASTAL ESTUARY SERVICES LLC,Skies: sunny. Wind: East at 5-10 kts. Seas: <1 ft. Water clarity: turbid.  ,29.73554000,-89.95138000
SWMP0105,,3/5/2018,12:35,CST,,,6.20,1.000,21.60,1612.00,0.81,7.94,,,,,,10.10000,,,,,,,,,,,,,,,,,,,COASTAL ESTUARY SERVICES LLC,Skies: partly cloudy. Wind: South at 5-10 kts. Seas: <1 ft. Water clarity: murky. ,29.73554000,-89.95138000
SWMP0105,,3/5/2018,12:35,CST,,,6.20,2.000,21.40,1614.00,0.82,7.66,,,,,,10.30000,,,,,,,,,,,,,,,,,,,COASTAL ESTUARY SERVICES LLC,Skies: partly cloudy. Wind: South at 5-10 kts. Seas: <1 ft. Water clarity: murky. ,29.73554000,-89.95138000
SWMP0105,,3/5/2018,12:35,CST,,,6.20,3.000,21.20,1613.00,0.82,7.17,,,,,,11.50000,27.4,2.3,2.3,,,b.d.,,b.d.,,0.7,0.27,,b.d.,,19,b.d.,,,COASTAL ESTUARY SERVICES LLC,Skies: partly cloudy. Wind: South at 5-10 kts. Seas: <1 ft. Water clarity: murky.  b.d. = below detection,29.73554000,-89.95138000
SWMP0105,,3/5/2018,12:35,CST,,,6.20,4.000,20.90,1613.00,0.82,6.52,,,,,,14.10000,,,,,,,,,,,,,,,,,,,COASTAL ESTUARY SERVICES LLC,Skies: partly cloudy. Wind: South at 5-10 kts. Seas: <1 ft. Water clarity: murky. ,29.73554000,-89.95138000
SWMP0105,,3/5/2018,12:35,CST,,,6.20,5.000,20.60,1612.00,0.81,6.01,,,,,,16.20000,,,,,,,,,,,,,,,,,,,COASTAL ESTUARY SERVICES LLC,Skies: partly cloudy. Wind: South at 5-10 kts. Seas: <1 ft. Water clarity: murky. ,29.73554000,-89.95138000
SWMP0105,,3/5/2018,12:35,CST,,,6.20,6.000,20.40,1611.00,0.81,5.43,,,,,,17.80000,,,,,,,,,,,,,,,,,,,COASTAL ESTUARY SERVICES LLC,Skies: partly cloudy. Wind: South at 5-10 kts. Seas: <1 ft. Water clarity: murky. ,29.73554000,-89.95138000
SWMP0105,,4/4/2018,12:00,CST,,,7.60,1.000,24.10,1606.00,0.81,4.96,,,,,,10.20000,,,,,,,,,,,,,,,,,,,COASTAL ESTUARY SERVICES LLC,Skies: partly cloudy. Wind: Northeast at 10-15 kts. Seas: <1 ft. Water clarity: murky. ,29.73554000,-89.95138000
SWMP0105,,4/4/2018,12:00,CST,,,7.60,2.000,24.10,1607.00,0.81,4.62,,,,,,11.00000,,,,,,,,,,,,,,,,,,,COASTAL ESTUARY SERVICES LLC,Skies: partly cloudy. Wind: Northeast at 10-15 kts. Seas: <1 ft. Water clarity: murky. ,29.73554000,-89.95138000
SWMP0105,,4/4/2018,12:00,CST,,,7.60,3.000,24.10,1607.00,0.81,4.41,,,,,,10.60000,,,,,,,,,,,,,,,,,,,COASTAL ESTUARY SERVICES LLC,Skies: partly cloudy. Wind: Northeast at 10-15 kts. Seas: <1 ft. Water clarity: murky. ,29.73554000,-89.95138000
SWMP0105,,4/4/2018,12:00,CST,,,7.60,4.000,24.10,1607.00,0.81,4.32,,,,,,11.30000,24.5,1.5,1.5,,,b.d.,,b.d.,,0.43,0.31,,2.1,,20,b.d.,,,COASTAL ESTUARY SERVICES LLC,Skies: partly cloudy. Wind: Northeast at 10-15 kts. Seas: <1 ft. Water clarity: murky.  b.d. = below detection,29.73554000,-89.95138000
SWMP0105,,4/4/2018,12:00,CST,,,7.60,5.000,24.10,1608.00,0.81,4.21,,,,,,12.50000,,,,,,,,,,,,,,,,,,,COASTAL ESTUARY SERVICES LLC,Skies: partly cloudy. Wind: Northeast at 10-15 kts. Seas: <1 ft. Water clarity: murky. ,29.73554000,-89.95138000
SWMP0105,,4/4/2018,12:00,CST,,,7.60,6.000,24.10,1606.00,0.81,4.19,,,,,,13.40000,,,,,,,,,,,,,,,,,,,COASTAL ESTUARY SERVICES LLC,Skies: partly cloudy. Wind: Northeast at 10-15 kts. Seas: <1 ft. Water clarity: murky. ,29.73554000,-89.95138000
SWMP0105,,4/4/2018,12:00,CST,,,7.60,7.000,24.10,1607.00,0.81,4.18,,,,,,13.30000,,,,,,,,,,,,,,,,,,,COASTAL ESTUARY SERVICES LLC,Skies: partly cloudy. Wind: Northeast at 10-15 kts. Seas: <1 ft. Water clarity: murky. ,29.73554000,-89.95138000
SWMP0105,,5/1/2018,11:45,CST,,,7.90,1.000,23.90,1187.00,0.59,5.22,,,,,,18.80000,,,,,,,,,,,,,,,,,,,COASTAL ESTUARY SERVICES LLC,Skies: cloudy. Wind: Southeast at 10-15 kts. Seas: <1 ft. Water clarity: murky.  ,29.73554000,-89.95138000
SWMP0105,,5/1/2018,11:45,CST,,,7.90,2.000,23.80,1212.00,0.60,5.08,,,,,,20.10000,,,,,,,,,,,,,,,,,,,COASTAL ESTUARY SERVICES LLC,Skies: cloudy. Wind: Southeast at 10-15 kts. Seas: <1 ft. Water clarity: murky.  ,29.73554000,-89.95138000
SWMP0105,,5/1/2018,11:45,CST,,,7.90,3.000,23.80,1211.00,0.60,5.03,,,,,,22.00000,,,,,,,,,,,,,,,,,,,COASTAL ESTUARY SERVICES LLC,Skies: cloudy. Wind: Southeast at 10-15 kts. Seas: <1 ft. Water clarity: murky.  ,29.73554000,-89.95138000
SWMP0105,,5/1/2018,11:45,CST,,,7.90,4.000,23.80,1214.00,0.60,4.99,,,,,,21.80000,28.9,1.9,1.8,,,b.d.,,b.d.,,0.15,0.10,,b.d.,,36.0,10.0,,,COASTAL ESTUARY SERVICES LLC,Skies: cloudy. Wind: Southeast at 10-15 kts. Seas: <1 ft. Water clarity: murky.   b.d. = below detection,29.73554000,-89.95138000
SWMP0105,,5/1/2018,11:45,CST,,,7.90,5.000,23.80,1213.00,0.60,4.97,,,,,,22.30000,,,,,,,,,,,,,,,,,,,COASTAL ESTUARY SERVICES LLC,Skies: cloudy. Wind: Southeast at 10-15 kts. Seas: <1 ft. Water clarity: murky.  ,29.73554000,-89.95138000
SWMP0105,,5/1/2018,11:45,CST,,,7.90,6.000,23.80,1209.00,0.60,4.98,,,,,,22.40000,,,,,,,,,,,,,,,,,,,COASTAL ESTUARY SERVICES LLC,Skies: cloudy. Wind: Southeast at 10-15 kts. Seas: <1 ft. Water clarity: murky.  ,29.73554000,-89.95138000
SWMP0105,,5/1/2018,11:45,CST,,,7.90,7.000,23.80,1209.00,0.60,4.96,,,,,,23.40000,,,,,,,,,,,,,,,,,,,COASTAL ESTUARY SERVICES LLC,Skies: cloudy. Wind: Southeast at 10-15 kts. Seas: <1 ft. Water clarity: murky.  ,29.73554000,-89.95138000
SWMP0105,,6/5/2018,10:30,CST,,,6.20,1.000,30.60,1482.00,0.74,2.97,,,,,,10.40000,,,,,,,,,,,,,,,,,,,COASTAL ESTUARY SERVICES LLC,Skies: partly cloudy. Wind: West at 5-10 kts. Seas: <1 ft. Water clarity: murky. ,29.73554000,-89.95138000
SWMP0105,,6/5/2018,10:30,CST,,,6.20,2.000,30.70,1482.00,0.74,3.06,,,,,,10.50000,,,,,,,,,,,,,,,,,,,COASTAL ESTUARY SERVICES LLC,Skies: partly cloudy. Wind: West at 5-10 kts. Seas: <1 ft. Water clarity: murky. ,29.73554000,-89.95138000
SWMP0105,,6/5/2018,10:30,CST,,,6.20,3.000,30.60,1481.00,0.74,2.91,,,,,,11.30000,32.8,1.7,1.7,,,b.d.,,0.17,,0.37,0.26,,4.1,,18.0,b.d.,,,COASTAL ESTUARY SERVICES LLC,Skies: partly cloudy. Wind: West at 5-10 kts. Seas: <1 ft. Water clarity: murky.  b.d. = below detection,29.73554000,-89.95138000
SWMP0105,,6/5/2018,10:30,CST,,,6.20,4.000,30.60,1481.00,0.74,2.84,,,,,,11.50000,,,,,,,,,,,,,,,,,,,COASTAL ESTUARY SERVICES LLC,Skies: partly cloudy. Wind: West at 5-10 kts. Seas: <1 ft. Water clarity: murky. ,29.73554000,-89.95138000
SWMP0105,,6/5/2018,10:30,CST,,,6.20,5.000,30.50,1483.00,0.74,2.70,,,,,,11.80000,,,,,,,,,,,,,,,,,,,COASTAL ESTUARY SERVICES LLC,Skies: partly cloudy. Wind: West at 5-10 kts. Seas: <1 ft. Water clarity: murky. ,29.73554000,-89.95138000
SWMP0105,,6/5/2018,10:30,CST,,,6.20,6.000,30.40,1484.00,0.74,2.56,,,,,,13.20000,,,,,,,,,,,,,,,,,,,COASTAL ESTUARY SERVICES LLC,Skies: partly cloudy. Wind: West at 5-10 kts. Seas: <1 ft. Water clarity: murky. ,29.73554000,-89.95138000
SWMP0105,,7/9/2018,11:50,CST,,,6.26,1.000,29.60,1067.00,0.52,4.36,,,,,,6.80000,,,,,,,,,,,,,,,,,,,COASTAL ESTUARY SERVICES LLC,Skies: partly cloudy. Wind: Southeast at <5 kts. Seas: <1 ft. Water clarity: tannic (black water). ,29.73554000,-89.95138000
SWMP0105,,7/9/2018,11:50,CST,,,6.26,2.000,29.60,1066.00,0.52,4.27,,,,,,6.30000,,,,,,,,,,,,,,,,,,,COASTAL ESTUARY SERVICES LLC,Skies: partly cloudy. Wind: Southeast at <5 kts. Seas: <1 ft. Water clarity: tannic (black water). ,29.73554000,-89.95138000
SWMP0105,,7/9/2018,11:50,CST,,,6.26,3.000,29.50,1066.00,0.52,4.18,,,,,,7.10000,b.d.,1.2,1.2,,,b.d.,,b.d.,,0.19,0.12,,2.4,,15.0,b.d.,,,COASTAL ESTUARY SERVICES LLC,Skies: partly cloudy. Wind: Southeast at <5 kts. Seas: <1 ft. Water clarity: tannic (black water).  b.d. = below detection,29.73554000,-89.95138000
SWMP0105,,7/9/2018,11:50,CST,,,6.26,4.000,29.50,1066.00,0.52,4.09,,,,,,7.40000,,,,,,,,,,,,,,,,,,,COASTAL ESTUARY SERVICES LLC,Skies: partly cloudy. Wind: Southeast at <5 kts. Seas: <1 ft. Water clarity: tannic (black water). ,29.73554000,-89.95138000
SWMP0105,,7/9/2018,11:50,CST,,,6.26,5.000,29.50,1066.00,0.52,4.07,,,,,,8.40000,,,,,,,,,,,,,,,,,,,COASTAL ESTUARY SERVICES LLC,Skies: partly cloudy. Wind: Southeast at <5 kts. Seas: <1 ft. Water clarity: tannic (black water). ,29.73554000,-89.95138000
SWMP0105,,7/9/2018,11:50,CST,,,6.26,6.000,29.50,1066.00,0.52,4.05,,,,,,7.40000,,,,,,,,,,,,,,,,,,,COASTAL ESTUARY SERVICES LLC,Skies: partly cloudy. Wind: Southeast at <5 kts. Seas: <1 ft. Water clarity: tannic (black water). ,29.73554000,-89.95138000
SWMP0105,,8/8/2018,09:35,CST,,,6.40,1.000,30.90,1206.00,0.59,4.21,,,,,,7.90000,,,,,,,,,,,,,,,,,,,COASTAL ESTUARY SERVICES LLC,Skies: sunny. Wind: Variable at <5 kts. Seas: <1 ft. Water clarity: murky. ,29.73554000,-89.95138000
SWMP0105,,8/8/2018,09:35,CST,,,6.40,2.000,30.80,1206.00,0.59,3.25,,,,,,8.20000,,,,,,,,,,,,,,,,,,,COASTAL ESTUARY SERVICES LLC,Skies: sunny. Wind: Variable at <5 kts. Seas: <1 ft. Water clarity: murky. ,29.73554000,-89.95138000
SWMP0105,,8/8/2018,09:35,CST,,,6.40,3.000,30.50,1206.00,0.59,2.87,,,,,,9.10000,b.d.,1.8,1.8,,,b.d.,,b.d.,,b.d.,0.084,,3.1,,12.0,b.d.,,,COASTAL ESTUARY SERVICES LLC,Skies: sunny. Wind: Variable at <5 kts. Seas: <1 ft. Water clarity: murky.  b.d. = below detection,29.73554000,-89.95138000
SWMP0105,,8/8/2018,09:35,CST,,,6.40,4.000,30.50,1206.00,0.59,2.65,,,,,,9.10000,,,,,,,,,,,,,,,,,,,COASTAL ESTUARY SERVICES LLC,Skies: sunny. Wind: Variable at <5 kts. Seas: <1 ft. Water clarity: murky. ,29.73554000,-89.95138000
SWMP0105,,8/8/2018,09:35,CST,,,6.40,5.000,30.40,1206.00,0.59,2.56,,,,,,9.10000,,,,,,,,,,,,,,,,,,,COASTAL ESTUARY SERVICES LLC,Skies: sunny. Wind: Variable at <5 kts. Seas: <1 ft. Water clarity: murky. ,29.73554000,-89.95138000
SWMP0105,,8/8/2018,09:35,CST,,,6.40,6.000,30.40,1207.00,0.59,2.49,,,,,,10.20000,,,,,,,,,,,,,,,,,,,COASTAL ESTUARY SERVICES LLC,Skies: sunny. Wind: Variable at <5 kts. Seas: <1 ft. Water clarity: murky. ,29.73554000,-89.95138000
SWMP0105,,9/18/2018,10:05,CST,,,5.26,1.000,31.60,1377.00,0.68,1.74,,,,,,11.20000,,,,,,,,,,,,,,,,,,,COASTAL ESTUARY SERVICES LLC,Skies: sunny. Wind: West at <5 kts. Seas: <1 ft. Water clarity: tannic (black water). ,29.73554000,-89.95138000
SWMP0105,,9/18/2018,10:05,CST,,,5.26,2.000,31.60,1377.00,0.68,1.54,,,,,,11.80000,,,,,,,,,,,,,,,,,,,COASTAL ESTUARY SERVICES LLC,Skies: sunny. Wind: West at <5 kts. Seas: <1 ft. Water clarity: tannic (black water). ,29.73554000,-89.95138000
SWMP0105,,9/18/2018,10:05,CST,,,5.26,3.000,31.60,1377.00,0.68,1.46,,,,,,11.70000,37.0,2.2,2.2,,,b.d.,,b.d.,,0.30,0.50,,10.6,,21.0,12.0,,,COASTAL ESTUARY SERVICES LLC,Skies: sunny. Wind: West at <5 kts. Seas: <1 ft. Water clarity: tannic (black water).  b.d. = below detection,29.73554000,-89.95138000
SWMP0105,,9/18/2018,10:05,CST,,,5.26,4.000,31.60,1376.00,0.68,1.49,,,,,,11.10000,,,,,,,,,,,,,,,,,,,COASTAL ESTUARY SERVICES LLC,Skies: sunny. Wind: West at <5 kts. Seas: <1 ft. Water clarity: tannic (black water). ,29.73554000,-89.95138000
SWMP0105,,9/18/2018,10:05,CST,,,5.26,5.000,31.60,1376.00,0.68,1.47,,,,,,11.90000,,,,,,,,,,,,,,,,,,,COASTAL ESTUARY SERVICES LLC,Skies: sunny. Wind: West at <5 kts. Seas: <1 ft. Water clarity: tannic (black water). ,29.73554000,-89.95138000
SWMP0105,,10/10/2018,10:50,CST,,,8.95,1.000,27.30,1478.00,0.74,2.75,,,,,,7.20000,,,,,,,,,,,,,,,,,,,COASTAL ESTUARY SERVICES LLC,Skies: partly cloudy. Wind: North at 5-10 kts. Seas: <1 ft. Water clarity: murky. ,29.73554000,-89.95138000
SWMP0105,,10/10/2018,10:50,CST,,,8.95,2.000,27.40,1477.00,0.74,2.79,,,,,,7.10000,,,,,,,,,,,,,,,,,,,COASTAL ESTUARY SERVICES LLC,Skies: partly cloudy. Wind: North at 5-10 kts. Seas: <1 ft. Water clarity: murky. ,29.73554000,-89.95138000
SWMP0105,,10/10/2018,10:50,CST,,,8.95,3.000,27.30,1488.00,0.74,2.62,,,,,,7.10000,,,,,,,,,,,,,,,,,,,COASTAL ESTUARY SERVICES LLC,Skies: partly cloudy. Wind: North at 5-10 kts. Seas: <1 ft. Water clarity: murky. ,29.73554000,-89.95138000
SWMP0105,,10/10/2018,10:50,CST,,,8.95,4.000,27.30,1498.00,0.75,2.51,,,,,,8.10000,,,,,,,,,,,,,,,,,,,COASTAL ESTUARY SERVICES LLC,Skies: partly cloudy. Wind: North at 5-10 kts. Seas: <1 ft. Water clarity: murky. ,29.73554000,-89.95138000
SWMP0105,,10/10/2018,10:50,CST,,,8.95,5.000,27.20,1502.00,0.75,2.39,,,,,,7.70000,104,2.3,2.3,,,b.d.,,b.d.,,0.42,0.09,,11.9,,23.0,14.0,,,COASTAL ESTUARY SERVICES LLC,Skies: partly cloudy. Wind: North at 5-10 kts. Seas: <1 ft. Water clarity: murky.  b.d. = below detection,29.73554000,-89.95138000
SWMP0105,,10/10/2018,10:50,CST,,,8.95,6.000,27.20,1512.00,0.76,2.30,,,,,,6.60000,,,,,,,,,,,,,,,,,,,COASTAL ESTUARY SERVICES LLC,Skies: partly cloudy. Wind: North at 5-10 kts. Seas: <1 ft. Water clarity: murky. ,29.73554000,-89.95138000
SWMP0105,,10/10/2018,10:50,CST,,,8.95,7.000,27.20,1515.00,0.76,2.23,,,,,,8.40000,,,,,,,,,,,,,,,,,,,COASTAL ESTUARY SERVICES LLC,Skies: partly cloudy. Wind: North at 5-10 kts. Seas: <1 ft. Water clarity: murky. ,29.73554000,-89.95138000
SWMP0105,,10/10/2018,10:50,CST,,,8.95,8.000,27.20,1518.00,0.76,2.18,,,,,,8.60000,,,,,,,,,,,,,,,,,,,COASTAL ESTUARY SERVICES LLC,Skies: partly cloudy. Wind: North at 5-10 kts. Seas: <1 ft. Water clarity: murky. ,29.73554000,-89.95138000
SWMP0105,,11/14/2018,11:50,CST,,,6.20,1.000,10.00,731.00,0.36,10.04,,,,,,5.60000,,,,,,,,,,,,,,,,,,,COASTAL ESTUARY SERVICES LLC,Skies: cloudy. Wind: Northwest at <5 kts. Seas: <1 ft. Water clarity: murky. ,29.73554000,-89.95138000
SWMP0105,,11/14/2018,11:50,CST,,,6.20,2.000,10.00,732.00,0.36,10.00,,,,,,5.70000,,,,,,,,,,,,,,,,,,,COASTAL ESTUARY SERVICES LLC,Skies: cloudy. Wind: Northwest at <5 kts. Seas: <1 ft. Water clarity: murky. ,29.73554000,-89.95138000
SWMP0105,,11/14/2018,11:50,CST,,,6.20,3.000,10.10,732.00,0.36,9.95,,,,,,6.40000,30.2,1.4,1.4,,,b.d.,,b.d.,,b.d.,0.08,,13.1,,10.0,b.d.,,,COASTAL ESTUARY SERVICES LLC,Skies: cloudy. Wind: Northwest at <5 kts. Seas: <1 ft. Water clarity: murky.  b.d. = below detection,29.73554000,-89.95138000
SWMP0105,,11/14/2018,11:50,CST,,,6.20,4.000,10.10,732.00,0.36,9.93,,,,,,6.00000,,,,,,,,,,,,,,,,,,,COASTAL ESTUARY SERVICES LLC,Skies: cloudy. Wind: Northwest at <5 kts. Seas: <1 ft. Water clarity: murky. ,29.73554000,-89.95138000
SWMP0105,,11/14/2018,11:50,CST,,,6.20,5.000,10.10,732.00,0.36,9.93,,,,,,5.90000,,,,,,,,,,,,,,,,,,,COASTAL ESTUARY SERVICES LLC,Skies: cloudy. Wind: Northwest at <5 kts. Seas: <1 ft. Water clarity: murky. ,29.73554000,-89.95138000
SWMP0105,,11/14/2018,11:50,CST,,,6.20,6.000,10.10,732.00,0.36,9.91,,,,,,5.90000,,,,,,,,,,,,,,,,,,,COASTAL ESTUARY SERVICES LLC,Skies: cloudy. Wind: Northwest at <5 kts. Seas: <1 ft. Water clarity: murky. ,29.73554000,-89.95138000
SWMP0105,,12/10/2018,13:04,CST,,,7.50,1.000,11.00,880.00,0.44,11.00,,,,,,7.90000,,,,,,,,,,,,,,,,,,,COASTAL ESTUARY SERVICES LLC,Skies: sunny. Wind: Northwest at 5-10 kts. Seas: <1 ft. Water clarity: murky. ,29.73554000,-89.95138000
SWMP0105,,12/10/2018,13:04,CST,,,7.50,2.000,11.00,880.00,0.44,10.99,,,,,,7.70000,,,,,,,,,,,,,,,,,,,COASTAL ESTUARY SERVICES LLC,Skies: sunny. Wind: Northwest at 5-10 kts. Seas: <1 ft. Water clarity: murky. ,29.73554000,-89.95138000
SWMP0105,,12/10/2018,13:04,CST,,,7.50,3.000,11.00,879.00,0.44,11.02,,,,,,8.20000,,,,,,,,,,,,,,,,,,,COASTAL ESTUARY SERVICES LLC,Skies: sunny. Wind: Northwest at 5-10 kts. Seas: <1 ft. Water clarity: murky. ,29.73554000,-89.95138000
SWMP0105,,12/10/2018,13:04,CST,,,7.50,4.000,11.00,879.00,0.44,11.02,,,,,,7.70000,b.d.,1.5,1.5,,,b.d.,,b.d.,,0.26,b.d.,,6.4,,19.0,11.0,,,COASTAL ESTUARY SERVICES LLC,Skies: sunny. Wind: Northwest at 5-10 kts. Seas: <1 ft. Water clarity: murky.  b.d. = below detection,29.73554000,-89.95138000
SWMP0105,,12/10/2018,13:04,CST,,,7.50,5.000,11.00,880.00,0.44,10.95,,,,,,8.50000,,,,,,,,,,,,,,,,,,,COASTAL ESTUARY SERVICES LLC,Skies: sunny. Wind: Northwest at 5-10 kts. Seas: <1 ft. Water clarity: murky. ,29.73554000,-89.95138000
SWMP0105,,12/10/2018,13:04,CST,,,7.50,6.000,11.00,879.00,0.44,10.99,,,,,,8.20000,,,,,,,,,,,,,,,,,,,COASTAL ESTUARY SERVICES LLC,Skies: sunny. Wind: Northwest at 5-10 kts. Seas: <1 ft. Water clarity: murky. ,29.73554000,-89.95138000
SWMP0105,,12/10/2018,13:04,CST,,,7.50,7.000,11.00,879.00,0.44,10.99,,,,,,8.50000,,,,,,,,,,,,,,,,,,,COASTAL ESTUARY SERVICES LLC,Skies: sunny. Wind: Northwest at 5-10 kts. Seas: <1 ft. Water clarity: murky. ,29.73554000,-89.95138000
SWMP0105,,1/9/2019,11:54,CST,,,6.20,1.000,17.20,707.00,0.35,11.06,,,,,,26.60000,,,,,,,,,,,,,,,,,,,COASTAL ESTUARY SERVICES LLC,Skies: partly cloudy. Wind: North at <5 kts. Seas: <1 ft. Water clarity: turbid. ,29.73554000,-89.95138000
SWMP0105,,1/9/2019,11:54,CST,,,6.20,2.000,17.20,708.00,0.35,11.13,,,,,,26.30000,,,,,,,,,,,,,,,,,,,COASTAL ESTUARY SERVICES LLC,Skies: partly cloudy. Wind: North at <5 kts. Seas: <1 ft. Water clarity: turbid. ,29.73554000,-89.95138000
SWMP0105,,1/9/2019,11:54,CST,,,6.20,3.000,17.20,707.00,0.35,11.16,,,,,,27.00000,b.d.,1.0,1.0,,,b.d.,,b.d.,,1.6,b.d.,,b.d.,,44.0,13.0,,,COASTAL ESTUARY SERVICES LLC,Skies: partly cloudy. Wind: North at <5 kts. Seas: <1 ft. Water clarity: turbid.  b.d. = below detection,29.73554000,-89.95138000
SWMP0105,,1/9/2019,11:54,CST,,,6.20,4.000,17.20,707.00,0.35,11.12,,,,,,28.00000,,,,,,,,,,,,,,,,,,,COASTAL ESTUARY SERVICES LLC,Skies: partly cloudy. Wind: North at <5 kts. Seas: <1 ft. Water clarity: turbid. ,29.73554000,-89.95138000
SWMP0105,,1/9/2019,11:54,CST,,,6.20,5.000,17.10,707.00,0.35,11.08,,,,,,27.50000,,,,,,,,,,,,,,,,,,,COASTAL ESTUARY SERVICES LLC,Skies: partly cloudy. Wind: North at <5 kts. Seas: <1 ft. Water clarity: turbid. ,29.73554000,-89.95138000
SWMP0105,,1/9/2019,11:54,CST,,,6.20,6.000,17.10,707.00,0.35,11.02,,,,,,30.60000,,,,,,,,,,,,,,,,,,,COASTAL ESTUARY SERVICES LLC,Skies: partly cloudy. Wind: North at <5 kts. Seas: <1 ft. Water clarity: turbid. ,29.73554000,-89.95138000
SWMP0105,,2/13/2019,11:35,CST,,,6.50,1.000,14.80,987.00,0.49,7.24,,,,,,7.60000,,,,,,,,,,,,,,,,,,,COASTAL ESTUARY SERVICES LLC,Skies: sunny. Wind: Northeast at 5-10 kts. Seas: <1 ft. Water clarity: tannic (black water). ,29.73554000,-89.95138000
SWMP0105,,2/13/2019,11:35,CST,,,6.50,2.000,14.80,988.00,0.49,7.15,,,,,,7.30000,,,,,,,,,,,,,,,,,,,COASTAL ESTUARY SERVICES LLC,Skies: sunny. Wind: Northeast at 5-10 kts. Seas: <1 ft. Water clarity: tannic (black water). ,29.73554000,-89.95138000
SWMP0105,,2/13/2019,11:35,CST,,,6.50,3.000,14.70,988.00,0.49,7.05,,,,,,7.60000,b.d.,1.3,1.3,,,b.d.,,b.d.,,0.17,0.11,,b.d.,,10.0,b.d.,,,COASTAL ESTUARY SERVICES LLC,Skies: sunny. Wind: Northeast at 5-10 kts. Seas: <1 ft. Water clarity: tannic (black water). b.d. = below detection,29.73554000,-89.95138000
SWMP0105,,2/13/2019,11:35,CST,,,6.50,4.000,14.50,988.00,0.49,6.93,,,,,,8.00000,,,,,,,,,,,,,,,,,,,COASTAL ESTUARY SERVICES LLC,Skies: sunny. Wind: Northeast at 5-10 kts. Seas: <1 ft. Water clarity: tannic (black water). ,29.73554000,-89.95138000
SWMP0105,,2/13/2019,11:35,CST,,,6.50,5.000,14.50,989.00,0.49,6.85,,,,,,8.40000,,,,,,,,,,,,,,,,,,,COASTAL ESTUARY SERVICES LLC,Skies: sunny. Wind: Northeast at 5-10 kts. Seas: <1 ft. Water clarity: tannic (black water). ,29.73554000,-89.95138000
SWMP0105,,2/13/2019,11:35,CST,,,6.50,6.000,14.50,989.00,0.49,6.82,,,,,,8.30000,,,,,,,,,,,,,,,,,,,COASTAL ESTUARY SERVICES LLC,Skies: sunny. Wind: Northeast at 5-10 kts. Seas: <1 ft. Water clarity: tannic (black water). ,29.73554000,-89.95138000
SWMP0105,,3/20/2019,12:38,CST,,,7.30,1.000,16.90,855.00,0.42,9.55,,,,,,7.10000,,,,,,,,,,,,,,,,,,,COASTAL ESTUARY SERVICES LLC,Skies: sunny. Wind: North at <5 kts. Seas: <1 ft. Water clarity: murky. ,29.73554000,-89.95138000
SWMP0105,,3/20/2019,12:38,CST,,,7.30,2.000,16.80,858.00,0.42,9.51,,,,,,8.10000,,,,,,,,,,,,,,,,,,,COASTAL ESTUARY SERVICES LLC,Skies: sunny. Wind: North at <5 kts. Seas: <1 ft. Water clarity: murky. ,29.73554000,-89.95138000
SWMP0105,,3/20/2019,12:38,CST,,,7.30,3.000,16.90,858.00,0.42,9.51,,,,,,7.80000,,,,,,,,,,,,,,,,,,,COASTAL ESTUARY SERVICES LLC,Skies: sunny. Wind: North at <5 kts. Seas: <1 ft. Water clarity: murky. ,29.73554000,-89.95138000
SWMP0105,,3/20/2019,12:38,CST,,,7.30,4.000,16.80,859.00,0.42,9.49,,,,,,9.20000,17.9,1.5,1.5,,,b.d.,,b.d.,,0.12,0.12,,b.d.,,20.0,7.0,,,COASTAL ESTUARY SERVICES LLC,Skies: sunny. Wind: North at <5 kts. Seas: <1 ft. Water clarity: murky.   b.d. = below detection,29.73554000,-89.95138000
SWMP0105,,3/20/2019,12:38,CST,,,7.30,5.000,16.70,860.00,0.42,9.49,,,,,,8.90000,,,,,,,,,,,,,,,,,,,COASTAL ESTUARY SERVICES LLC,Skies: sunny. Wind: North at <5 kts. Seas: <1 ft. Water clarity: murky. ,29.73554000,-89.95138000
SWMP0105,,3/20/2019,12:38,CST,,,7.30,6.000,16.70,861.00,0.43,9.48,,,,,,9.70000,,,,,,,,,,,,,,,,,,,COASTAL ESTUARY SERVICES LLC,Skies: sunny. Wind: North at <5 kts. Seas: <1 ft. Water clarity: murky. ,29.73554000,-89.95138000
SWMP0105,,3/20/2019,12:38,CST,,,7.30,7.000,16.70,860.00,0.43,9.48,,,,,,10.50000,,,,,,,,,,,,,,,,,,,COASTAL ESTUARY SERVICES LLC,Skies: sunny. Wind: North at <5 kts. Seas: <1 ft. Water clarity: murky. ,29.73554000,-89.95138000
SWMP0105,,4/17/2019,09:25,CST,,,5.30,1.000,23.20,861.00,0.42,6.72,,,,,,6.60000,,,,,,,,,,,,,,,,,,,COASTAL ESTUARY SERVICES LLC,Skies: partly cloudy. Wind: Southeast at <5 kts. Seas: <1 ft. Water clarity: tannic (black water). ,29.73554000,-89.95138000
SWMP0105,,4/17/2019,09:25,CST,,,5.30,2.000,23.10,862.00,0.42,6.68,,,,,,7.20000,,,,,,,,,,,,,,,,,,,COASTAL ESTUARY SERVICES LLC,Skies: partly cloudy. Wind: Southeast at <5 kts. Seas: <1 ft. Water clarity: tannic (black water). ,29.73554000,-89.95138000
SWMP0105,,4/17/2019,09:25,CST,,,5.30,3.000,23.00,861.00,0.42,6.52,,,,,,7.30000,5.3,1.1,1.1,,,b.d.,,b.d.,,0.12,0.093,,1.7,,15.0,7.0,,,COASTAL ESTUARY SERVICES LLC,Skies: partly cloudy. Wind: Southeast at <5 kts. Seas: <1 ft. Water clarity: tannic (black water).  b.d. = below detection,29.73554000,-89.95138000
SWMP0105,,4/17/2019,09:25,CST,,,5.30,4.000,22.90,862.00,0.42,6.30,,,,,,9.10000,,,,,,,,,,,,,,,,,,,COASTAL ESTUARY SERVICES LLC,Skies: partly cloudy. Wind: Southeast at <5 kts. Seas: <1 ft. Water clarity: tannic (black water). ,29.73554000,-89.95138000
SWMP0105,,4/17/2019,09:25,CST,,,5.30,5.000,22.80,861.00,0.42,6.21,,,,,,8.40000,,,,,,,,,,,,,,,,,,,COASTAL ESTUARY SERVICES LLC,Skies: partly cloudy. Wind: Southeast at <5 kts. Seas: <1 ft. Water clarity: tannic (black water). ,29.73554000,-89.95138000
SWMP0105,,5/21/2019,10:20,CST,,,8.40,1.000,27.60,641.00,0.31,3.33,,,,,,2.80000,,,,,,,,,,,,,,,,,,,COASTAL ESTUARY SERVICES LLC,Skies: sunny. Wind: Southeast at 10-15 kts. Seas: <1 ft. Water clarity: clear. ,29.73554000,-89.95138000
SWMP0105,,5/21/2019,10:20,CST,,,8.40,2.000,27.70,640.00,0.31,3.37,,,,,,3.00000,,,,,,,,,,,,,,,,,,,COASTAL ESTUARY SERVICES LLC,Skies: sunny. Wind: Southeast at 10-15 kts. Seas: <1 ft. Water clarity: clear. ,29.73554000,-89.95138000
SWMP0105,,5/21/2019,10:20,CST,,,8.40,3.000,27.40,642.00,0.31,3.18,,,,,,3.10000,,,,,,,,,,,,,,,,,,,COASTAL ESTUARY SERVICES LLC,Skies: sunny. Wind: Southeast at 10-15 kts. Seas: <1 ft. Water clarity: clear. ,29.73554000,-89.95138000
SWMP0105,,5/21/2019,10:20,CST,,,8.40,4.000,27.20,637.00,0.31,2.90,,,,,,3.20000,8.5,1.4,1.4,,,b.d.,,0.24,,b.d.,0.18,,3.9,,b.d.,b.d.,,,COASTAL ESTUARY SERVICES LLC,Skies: sunny. Wind: Southeast at 10-15 kts. Seas: <1 ft. Water clarity: clear.  b.d. = below detection,29.73554000,-89.95138000
SWMP0105,,5/21/2019,10:20,CST,,,8.40,5.000,27.10,634.00,0.31,2.60,,,,,,3.30000,,,,,,,,,,,,,,,,,,,COASTAL ESTUARY SERVICES LLC,Skies: sunny. Wind: Southeast at 10-15 kts. Seas: <1 ft. Water clarity: clear. ,29.73554000,-89.95138000
SWMP0105,,5/21/2019,10:20,CST,,,8.40,6.000,27.10,635.00,0.31,2.63,,,,,,3.20000,,,,,,,,,,,,,,,,,,,COASTAL ESTUARY SERVICES LLC,Skies: sunny. Wind: Southeast at 10-15 kts. Seas: <1 ft. Water clarity: clear. ,29.73554000,-89.95138000
SWMP0105,,5/21/2019,10:20,CST,,,8.40,7.000,27.10,635.00,0.31,2.60,,,,,,3.40000,,,,,,,,,,,,,,,,,,,COASTAL ESTUARY SERVICES LLC,Skies: sunny. Wind: Southeast at 10-15 kts. Seas: <1 ft. Water clarity: clear. ,29.73554000,-89.95138000
SWMP0105,,5/21/2019,10:20,CST,,,8.40,8.000,27.00,635.00,0.31,2.56,,,,,,3.40000,,,,,,,,,,,,,,,,,,,COASTAL ESTUARY SERVICES LLC,Skies: sunny. Wind: Southeast at 10-15 kts. Seas: <1 ft. Water clarity: clear. ,29.73554000,-89.95138000
SWMP0105,,6/25/2019,11:50,CST,,,6.50,1.000,31.70,960.00,0.47,8.14,,,,,,2.70000,,,,,,,,,,,,,,,,,,,COASTAL ESTUARY SERVICES LLC,Skies: partly cloudy. Wind: South at <5 kts. Seas: <1 ft. Water clarity: murky. ,29.73554000,-89.95138000
SWMP0105,,6/25/2019,11:50,CST,,,6.50,2.000,31.90,961.00,0.47,7.32,,,,,,2.60000,,,,,,,,,,,,,,,,,,,COASTAL ESTUARY SERVICES LLC,Skies: partly cloudy. Wind: South at <5 kts. Seas: <1 ft. Water clarity: murky. ,29.73554000,-89.95138000
SWMP0105,,6/25/2019,11:50,CST,,,6.50,3.000,31.10,963.00,0.47,5.71,,,,,,2.30000,20.3,1.6,1.6,,,b.d.,,b.d.,,b.d.,0.069,,5.6,,b.d.,b.d.,,,COASTAL ESTUARY SERVICES LLC,Skies: partly cloudy. Wind: South at <5 kts. Seas: <1 ft. Water clarity: murky.  b.d. = below detection,29.73554000,-89.95138000
SWMP0105,,6/25/2019,11:50,CST,,,6.50,4.000,29.90,961.00,0.47,3.18,,,,,,2.10000,,,,,,,,,,,,,,,,,,,COASTAL ESTUARY SERVICES LLC,Skies: partly cloudy. Wind: South at <5 kts. Seas: <1 ft. Water clarity: murky. ,29.73554000,-89.95138000
SWMP0105,,6/25/2019,11:50,CST,,,6.50,5.000,29.70,960.00,0.47,2.39,,,,,,2.00000,,,,,,,,,,,,,,,,,,,COASTAL ESTUARY SERVICES LLC,Skies: partly cloudy. Wind: South at <5 kts. Seas: <1 ft. Water clarity: murky. ,29.73554000,-89.95138000
SWMP0105,,6/25/2019,11:50,CST,,,6.50,6.000,29.60,960.00,0.47,2.17,,,,,,2.20000,,,,,,,,,,,,,,,,,,,COASTAL ESTUARY SERVICES LLC,Skies: partly cloudy. Wind: South at <5 kts. Seas: <1 ft. Water clarity: murky. ,29.73554000,-89.95138000
SWMP0105,,7/18/2019,09:40,CST,,,6.90,1.000,31.20,787.00,0.38,0.42,,,,,,1.60000,,,,,,,,,,,,,,,,,,,COASTAL ESTUARY SERVICES LLC,Skies: sunny. Wind: Variable at <5 kts. Seas: <1 ft. Water clarity: tannic (black water). ,29.73554000,-89.95138000
SWMP0105,,7/18/2019,09:40,CST,,,6.90,2.000,31.20,787.00,0.38,0.32,,,,,,1.70000,,,,,,,,,,,,,,,,,,,COASTAL ESTUARY SERVICES LLC,Skies: sunny. Wind: Variable at <5 kts. Seas: <1 ft. Water clarity: tannic (black water). ,29.73554000,-89.95138000
SWMP0105,,7/18/2019,09:40,CST,,,6.90,3.000,31.20,787.00,0.38,0.26,,,,,,1.80000,23.5,2.7,2.7,,,b.d.,,b.d.,,0.45,0.17,,6.0,,9.0,7.0,,,COASTAL ESTUARY SERVICES LLC,Skies: sunny. Wind: Variable at <5 kts. Seas: <1 ft. Water clarity: tannic (black water).  b.d. = below detection,29.73554000,-89.95138000
SWMP0105,,7/18/2019,09:40,CST,,,6.90,4.000,31.20,787.00,0.38,0.24,,,,,,1.60000,,,,,,,,,,,,,,,,,,,COASTAL ESTUARY SERVICES LLC,Skies: sunny. Wind: Variable at <5 kts. Seas: <1 ft. Water clarity: tannic (black water). ,29.73554000,-89.95138000
SWMP0105,,7/18/2019,09:40,CST,,,6.90,5.000,31.10,787.00,0.38,0.20,,,,,,1.50000,,,,,,,,,,,,,,,,,,,COASTAL ESTUARY SERVICES LLC,Skies: sunny. Wind: Variable at <5 kts. Seas: <1 ft. Water clarity: tannic (black water). ,29.73554000,-89.95138000
SWMP0105,,7/18/2019,09:40,CST,,,6.90,6.000,31.10,787.00,0.38,0.18,,,,,,1.60000,,,,,,,,,,,,,,,,,,,COASTAL ESTUARY SERVICES LLC,Skies: sunny. Wind: Variable at <5 kts. Seas: <1 ft. Water clarity: tannic (black water). ,29.73554000,-89.95138000
SWMP0105,,8/22/2019,08:30,CST,,,5.96,1.000,29.20,431.00,0.20,2.67,,,,,,9.70000,,,,,,,,,,,,,,,,,,,COASTAL ESTUARY SERVICES LLC,Skies: sunny. Wind: Variable at <5 kts. Seas: <1 ft. Water clarity: murky. ,29.73554000,-89.95138000
SWMP0105,,8/22/2019,08:30,CST,,,5.96,2.000,29.20,432.00,0.20,2.61,,,,,,9.50000,,,,,,,,,,,,,,,,,,,COASTAL ESTUARY SERVICES LLC,Skies: sunny. Wind: Variable at <5 kts. Seas: <1 ft. Water clarity: murky. ,29.73554000,-89.95138000
SWMP0105,,8/22/2019,08:30,CST,,,5.96,3.000,29.20,432.00,0.20,2.57,,,,,,8.80000,9.9,1.2,1.1,,,b.d.,,0.26,,0.29,0.31,,7.0,,11.0,b.d.,,,COASTAL ESTUARY SERVICES LLC,Skies: sunny. Wind: Variable at <5 kts. Seas: <1 ft. Water clarity: murky.  b.d. = below detection,29.73554000,-89.95138000
SWMP0105,,8/22/2019,08:30,CST,,,5.96,4.000,29.20,432.00,0.21,2.53,,,,,,8.20000,,,,,,,,,,,,,,,,,,,COASTAL ESTUARY SERVICES LLC,Skies: sunny. Wind: Variable at <5 kts. Seas: <1 ft. Water clarity: murky. ,29.73554000,-89.95138000
SWMP0105,,8/22/2019,08:30,CST,,,5.96,5.000,29.10,432.00,0.21,2.53,,,,,,9.90000,,,,,,,,,,,,,,,,,,,COASTAL ESTUARY SERVICES LLC,Skies: sunny. Wind: Variable at <5 kts. Seas: <1 ft. Water clarity: murky. ,29.73554000,-89.95138000
SWMP0105,,9/10/2019,09:00,CST,,,6.12,1.000,31.80,518.00,0.26,4.36,,,,,,13.00000,,,,,,,,,,,,,,,,,,,COASTAL ESTUARY SERVICES LLC,Skies: sunny. Wind: East at <5 kts. Seas: <1 ft. Water clarity: murky. ,29.73554000,-89.95138000
SWMP0105,,9/10/2019,09:00,CST,,,6.12,2.000,31.80,518.00,0.25,4.32,,,,,,14.80000,,,,,,,,,,,,,,,,,,,COASTAL ESTUARY SERVICES LLC,Skies: sunny. Wind: East at <5 kts. Seas: <1 ft. Water clarity: murky. ,29.73554000,-89.95138000
SWMP0105,,9/10/2019,09:00,CST,,,6.12,3.000,31.80,518.00,0.25,4.28,,,,,,15.10000,7.2,0.63,0.62,,,b.d.,,b.d.,,0.16,0.078,,7.4,,24.0,5.0,,,COASTAL ESTUARY SERVICES LLC,Skies: sunny. Wind: East at <5 kts. Seas: <1 ft. Water clarity: murky.  b.d. = below detection,29.73554000,-89.95138000
SWMP0105,,9/10/2019,09:00,CST,,,6.12,4.000,31.80,518.00,0.25,4.26,,,,,,14.90000,,,,,,,,,,,,,,,,,,,COASTAL ESTUARY SERVICES LLC,Skies: sunny. Wind: East at <5 kts. Seas: <1 ft. Water clarity: murky. ,29.73554000,-89.95138000
SWMP0105,,9/10/2019,09:00,CST,,,6.12,5.000,31.80,518.00,0.25,4.24,,,,,,18.30000,,,,,,,,,,,,,,,,,,,COASTAL ESTUARY SERVICES LLC,Skies: sunny. Wind: East at <5 kts. Seas: <1 ft. Water clarity: murky. ,29.73554000,-89.95138000
SWMP0105,,9/10/2019,09:00,CST,,,6.12,6.000,31.80,518.00,0.25,4.22,,,,,,15.40000,,,,,,,,,,,,,,,,,,,COASTAL ESTUARY SERVICES LLC,Skies: sunny. Wind: East at <5 kts. Seas: <1 ft. Water clarity: murky. ,29.73554000,-89.95138000
SWMP0105,,10/17/2019,10:56,CST,,,7.70,1.000,23.80,938.00,0.46,5.25,,,,,,3.60000,,,,,,,,,,,,,,,,,,,COASTAL ESTUARY SERVICES LLC,Skies: cloudy. Wind: Northeast at 5-10 kts. Seas: <1 ft. Water clarity: murky. ,29.73554000,-89.95138000
SWMP0105,,10/17/2019,10:56,CST,,,7.70,2.000,23.80,937.00,0.46,5.22,,,,,,6.40000,,,,,,,,,,,,,,,,,,,COASTAL ESTUARY SERVICES LLC,Skies: cloudy. Wind: Northeast at 5-10 kts. Seas: <1 ft. Water clarity: murky. ,29.73554000,-89.95138000
SWMP0105,,10/17/2019,10:56,CST,,,7.70,3.000,23.80,937.00,0.46,5.20,,,,,,6.90000,,,,,,,,,,,,,,,,,,,COASTAL ESTUARY SERVICES LLC,Skies: cloudy. Wind: Northeast at 5-10 kts. Seas: <1 ft. Water clarity: murky. ,29.73554000,-89.95138000
SWMP0105,,10/17/2019,10:56,CST,,,7.70,4.000,23.80,937.00,0.46,5.18,,,,,,7.00000,b.d.,1.9,1.9,,,b.d.,,b.d.,,0.14,0.062,,5.2,,31.0,b.d.,,,COASTAL ESTUARY SERVICES LLC,Skies: cloudy. Wind: Northeast at 5-10 kts. Seas: <1 ft. Water clarity: murky.  b.d. = below detection,29.73554000,-89.95138000
SWMP0105,,10/17/2019,10:56,CST,,,7.70,5.000,23.80,937.00,0.46,5.17,,,,,,7.00000,,,,,,,,,,,,,,,,,,,COASTAL ESTUARY SERVICES LLC,Skies: cloudy. Wind: Northeast at 5-10 kts. Seas: <1 ft. Water clarity: murky. ,29.73554000,-89.95138000
SWMP0105,,10/17/2019,10:56,CST,,,7.70,6.000,23.80,937.00,0.46,5.16,,,,,,9.10000,,,,,,,,,,,,,,,,,,,COASTAL ESTUARY SERVICES LLC,Skies: cloudy. Wind: Northeast at 5-10 kts. Seas: <1 ft. Water clarity: murky. ,29.73554000,-89.95138000
SWMP0105,,10/17/2019,10:56,CST,,,7.70,7.000,23.90,937.00,0.46,5.16,,,,,,10.10000,,,,,,,,,,,,,,,,,,,COASTAL ESTUARY SERVICES LLC,Skies: cloudy. Wind: Northeast at 5-10 kts. Seas: <1 ft. Water clarity: murky. ,29.73554000,-89.95138000

