CPRA Station ID,Original Collector Station ID,Date (mm/dd/yyyy),Time (hh:mm),Time Zone,Staff Gauge (ft),Geoid,Station Depth (ft),Measurement Depth (ft),Water Temperature (�C),Specific Conductance (uS/cm),Salinity (ppt),Dissolved Oxygen (mg/L),pH (pH units),Velocity (ft/sec),Soil Porewater Temperature (�C),Soil Porewater Specific Conductance (uS/cm),Soil Porewater Salinity (ppt),Turbidity (FNU),Chlorophyll a (ug/L),Total Nitrogen (mg/L),Total Kjeldahl Nitrogen (mg/L),Nitrate as N (mg/L),Nitrite as N (mg/L),Nitrate+Nitrite as N (unfiltered; mg/L),Nitrate+Nitrite as N (filtered; mg/L),Ammonium as N (unfiltered; mg/L),Ammonium as N (filtered; mg/L),Total Phosphorus (mg/L),Orthophosphate as P (unfiltered; mg/L),Orthophosphate as P (filtered; mg/L),Silica (unfiltered; mg/L),Silica (filtered; mg/L),Total Suspended Solids (mg/L),Volatile Suspended Solids (mg/L),Secchi (ft),Fecal Coliform (MPN/100ml),Organization Name,Comments,Latitude,Longitude
LA39-Y2P01,,5/20/2014,10:05,CST,,,,0.328,,,,,,,26.80,6041.00,3.30,,,,,,,,,,,,,,,,,,,,COASTAL PROTECTION AND RESTORATION AUTHORITY,Porewater taken at 20 cm ,30.24808919,-90.35186775
LA39-Y2P01,,5/20/2014,10:05,CST,,,,0.500,26.00,2265.00,1.20,,,,,,,,,,,,,,,,,,,,,,,,,,COASTAL PROTECTION AND RESTORATION AUTHORITY,Porewater taken at 20 cm ,30.24808919,-90.35186775
LA39-Y2P01,,6/2/2015,10:08,CST,,,,0.328,,,,,,,26.80,2051.00,1.00,,,,,,,,,,,,,,,,,,,,COASTAL PROTECTION AND RESTORATION AUTHORITY,Porewater taken at 20 cm,30.24808919,-90.35186775
LA39-Y2P01,,6/2/2015,10:08,CST,,,,0.500,26.00,545.00,0.30,,,,,,,,,,,,,,,,,,,,,,,,,,COASTAL PROTECTION AND RESTORATION AUTHORITY,Porewater taken at 20 cm,30.24808919,-90.35186775
LA39-Y2P01,,5/18/2017,09:23,CST,,,0.90,0.500,26.50,948.00,0.50,,,,,,,,,,,,,,,,,,,,,,,,,,COASTAL PROTECTION AND RESTORATION AUTHORITY,,30.24808919,-90.35186775
LA39-Y2P01,,5/18/2017,09:23,CST,,,0.90,0.656,,,,,,,27.10,6788.00,3.70,,,,,,,,,,,,,,,,,,,,COASTAL PROTECTION AND RESTORATION AUTHORITY,Measurement depth for porewater refers to depth sampled below sediment,30.24808919,-90.35186775
LA39-Y2P02,,5/20/2014,10:21,CST,,,,0.500,26.20,2292.00,1.20,,,,,,,,,,,,,,,,,,,,,,,,,,COASTAL PROTECTION AND RESTORATION AUTHORITY,"No porewater taken, clogged at 20 cm",30.24831218,-90.35196307
LA39-Y2P02,,6/2/2015,10:18,CST,,,,0.500,27.00,791.00,0.40,,,,,,,,,,,,,,,,,,,,,,,,,,COASTAL PROTECTION AND RESTORATION AUTHORITY,"No porewater taken, clogged at 20 cm",30.24831218,-90.35196307
LA39-Y2P02,,5/18/2017,09:46,CST,,,0.70,0.500,25.80,1057.00,0.50,,,,,,,,,,,,,,,,,,,,,,,,,,COASTAL PROTECTION AND RESTORATION AUTHORITY,,30.24831218,-90.35196307
LA39-Y2P02,,5/18/2017,09:46,CST,,,0.70,0.656,,,,,,,,,,,,,,,,,,,,,,,,,,,,,COASTAL PROTECTION AND RESTORATION AUTHORITY,Porewater sampler clogged; unable to extract sample,30.24831218,-90.35196307
LA39-Y2P03,,5/20/2014,10:45,CST,,,,0.500,26.00,2293.00,1.20,,,,,,,,,,,,,,,,,,,,,,,,,,COASTAL PROTECTION AND RESTORATION AUTHORITY,"No porewater taken, clogged at 20 cm",30.24841070,-90.35149392
LA39-Y2P03,,6/2/2015,10:40,CST,,,,0.328,,,,,,,31.10,2712.00,1.40,,,,,,,,,,,,,,,,,,,,COASTAL PROTECTION AND RESTORATION AUTHORITY,Porewater taken at 20 cm,30.24841070,-90.35149392
LA39-Y2P03,,6/2/2015,10:40,CST,,,,0.500,27.00,836.00,0.40,,,,,,,,,,,,,,,,,,,,,,,,,,COASTAL PROTECTION AND RESTORATION AUTHORITY,Porewater taken at 20 cm,30.24841070,-90.35149392
LA39-Y2P03,,5/18/2017,10:21,CST,,,0.90,0.500,25.90,962.00,0.50,,,,,,,,,,,,,,,,,,,,,,,,,,COASTAL PROTECTION AND RESTORATION AUTHORITY,,30.24841070,-90.35149392
LA39-Y2P03,,5/18/2017,10:21,CST,,,0.90,0.656,,,,,,,25.60,4609.00,2.40,,,,,,,,,,,,,,,,,,,,COASTAL PROTECTION AND RESTORATION AUTHORITY,Measurement depth for porewater refers to depth sampled below sediment,30.24841070,-90.35149392
LA39-Y2P04,,5/20/2014,11:04,CST,,,,0.500,26.90,2290.00,1.20,,,,,,,,,,,,,,,,,,,,,,,,,,COASTAL PROTECTION AND RESTORATION AUTHORITY,"No porewater taken, clogged at 20 cm",30.24864678,-90.35148114
LA39-Y2P04,,6/2/2015,11:23,CST,,,,0.328,,,,,,,32.80,1551.00,0.80,,,,,,,,,,,,,,,,,,,,COASTAL PROTECTION AND RESTORATION AUTHORITY,Porewater taken at 20 cm,30.24864678,-90.35148114
LA39-Y2P04,,6/2/2015,11:23,CST,,,,0.500,26.30,942.00,0.50,,,,,,,,,,,,,,,,,,,,,,,,,,COASTAL PROTECTION AND RESTORATION AUTHORITY,Porewater taken at 20 cm,30.24864678,-90.35148114
LA39-Y2P04,,5/18/2017,11:01,CST,,,1.20,0.500,26.40,1004.00,0.50,,,,,,,,,,,,,,,,,,,,,,,,,,COASTAL PROTECTION AND RESTORATION AUTHORITY,,30.24864678,-90.35148114
LA39-Y2P04,,5/18/2017,11:01,CST,,,1.20,0.656,,,,,,,,,,,,,,,,,,,,,,,,,,,,,COASTAL PROTECTION AND RESTORATION AUTHORITY,Porewater sampler clogged; unable to extract sample,30.24864678,-90.35148114
LA39-Y2P05,,5/20/2014,11:25,CST,,,,0.500,26.90,2270.00,1.20,,,,,,,,,,,,,,,,,,,,,,,,,,COASTAL PROTECTION AND RESTORATION AUTHORITY,"No porewater taken, clogged at 20 cm",30.24839570,-90.35127458
LA39-Y2P05,,6/2/2015,11:11,CST,,,,0.328,,,,,,,33.40,3062.00,1.60,,,,,,,,,,,,,,,,,,,,COASTAL PROTECTION AND RESTORATION AUTHORITY,Porewater taken at 20 cm,30.24839570,-90.35127458
LA39-Y2P05,,6/2/2015,11:11,CST,,,,0.500,28.00,1030.00,0.50,,,,,,,,,,,,,,,,,,,,,,,,,,COASTAL PROTECTION AND RESTORATION AUTHORITY,Porewater taken at 20 cm,30.24839570,-90.35127458
LA39-Y2P05,,5/18/2017,10:34,CST,,,1.20,0.500,27.20,1021.00,0.50,,,,,,,,,,,,,,,,,,,,,,,,,,COASTAL PROTECTION AND RESTORATION AUTHORITY,,30.24839570,-90.35127458
LA39-Y2P05,,5/18/2017,10:34,CST,,,1.20,0.656,,,,,,,25.80,8067.00,4.40,,,,,,,,,,,,,,,,,,,,COASTAL PROTECTION AND RESTORATION AUTHORITY,Measurement depth for porewater refers to depth sampled below sediment,30.24839570,-90.35127458
LA39-Y2P06,,5/20/2014,11:51,CST,,,,0.500,27.90,2307.00,1.20,,,,,,,,,,,,,,,,,,,,,,,,,,COASTAL PROTECTION AND RESTORATION AUTHORITY,"No porewater taken, clogged at 20 cm",30.24820974,-90.35150200
LA39-Y2P06,,6/2/2015,11:35,CST,,,,0.328,,,,,,,30.20,1920.00,1.00,,,,,,,,,,,,,,,,,,,,COASTAL PROTECTION AND RESTORATION AUTHORITY,Porewater taken at 20 cm,30.24820974,-90.35150200
LA39-Y2P06,,6/2/2015,11:35,CST,,,,0.500,27.20,748.00,0.40,,,,,,,,,,,,,,,,,,,,,,,,,,COASTAL PROTECTION AND RESTORATION AUTHORITY,Porewater taken at 20 cm,30.24820974,-90.35150200
LA39-Y2P06,,5/18/2017,10:04,CST,,,1.00,0.500,25.70,956.00,0.50,,,,,,,,,,,,,,,,,,,,,,,,,,COASTAL PROTECTION AND RESTORATION AUTHORITY,,30.24820974,-90.35150200
LA39-Y2P06,,5/18/2017,10:04,CST,,,1.00,0.656,,,,,,,28.80,1772.00,0.80,,,,,,,,,,,,,,,,,,,,COASTAL PROTECTION AND RESTORATION AUTHORITY,Measurement depth for porewater refers to depth sampled below sediment,30.24820974,-90.35150200
LA39-Y2P07,,5/20/2014,12:09,CST,,,,0.500,31.00,2229.00,1.10,,,,,,,,,,,,,,,,,,,,,,,,,,COASTAL PROTECTION AND RESTORATION AUTHORITY,"No porewater taken, clogged at 20 cm",30.24682820,-90.35378703
LA39-Y2P07,,6/2/2015,11:55,CST,,,,0.328,,,,,,,31.50,1402.00,0.70,,,,,,,,,,,,,,,,,,,,COASTAL PROTECTION AND RESTORATION AUTHORITY,Porewater taken at 20 cm,30.24682820,-90.35378703
LA39-Y2P07,,6/2/2015,11:55,CST,,,,0.500,30.30,1003.00,0.50,,,,,,,,,,,,,,,,,,,,,,,,,,COASTAL PROTECTION AND RESTORATION AUTHORITY,Porewater taken at 20 cm,30.24682820,-90.35378703
LA39-Y2P07,,5/18/2017,11:27,CST,,,0.60,0.500,27.70,1158.00,0.60,,,,,,,,,,,,,,,,,,,,,,,,,,COASTAL PROTECTION AND RESTORATION AUTHORITY,,30.24682820,-90.35378703
LA39-Y2P07,,5/18/2017,11:27,CST,,,0.60,0.656,,,,,,,28.80,3935.00,2.00,,,,,,,,,,,,,,,,,,,,COASTAL PROTECTION AND RESTORATION AUTHORITY,Measurement depth for porewater refers to depth sampled below sediment,30.24682820,-90.35378703
LA39-Y2P08,,5/20/2014,12:33,CST,,,,0.500,29.70,2344.00,1.20,,,,,,,,,,,,,,,,,,,,,,,,,,COASTAL PROTECTION AND RESTORATION AUTHORITY,"No porewater taken, clogged at 20 cm",30.24560816,-90.35580488
LA39-Y2P08,,6/2/2015,12:32,CST,,,,0.328,,,,,,,32.30,844.00,0.40,,,,,,,,,,,,,,,,,,,,COASTAL PROTECTION AND RESTORATION AUTHORITY,Porewater taken at 20 cm,30.24560816,-90.35580488
LA39-Y2P08,,6/2/2015,12:32,CST,,,,0.500,29.50,1044.00,0.50,,,,,,,,,,,,,,,,,,,,,,,,,,COASTAL PROTECTION AND RESTORATION AUTHORITY,Porewater taken at 20 cm,30.24560816,-90.35580488
LA39-Y2P08A,,5/18/2017,12:11,CST,,,0.80,0.500,30.40,1074.00,0.50,,,,,,,,,,,,,,,,,,,,,,,,,,COASTAL PROTECTION AND RESTORATION AUTHORITY,Original LA39-Y2P8 plot reestablished this survey near edge of 2A planting area due to high density of vegetation and resulting inability to access original station;,30.24562461,-90.35590208
LA39-Y2P08A,,5/18/2017,12:11,CST,,,0.80,0.656,,,,,,,,,,,,,,,,,,,,,,,,,,,,,COASTAL PROTECTION AND RESTORATION AUTHORITY,Original LA39-Y2P8 plot reestablished this survey near edge of 2A planting area due to high density of vegetation and resulting inability to access original station; Porewater sampler clogged; unable to extract sample,30.24562461,-90.35590208
LA39-Y2P09,,5/20/2014,12:53,CST,,,,0.500,30.20,2421.00,1.20,,,,,,,,,,,,,,,,,,,,,,,,,,COASTAL PROTECTION AND RESTORATION AUTHORITY,"No porewater taken, clogged at 20 cm",30.24517769,-90.35649171
LA39-Y2P09,,6/2/2015,12:46,CST,,,,0.328,,,,,,,28.90,1681.00,0.80,,,,,,,,,,,,,,,,,,,,COASTAL PROTECTION AND RESTORATION AUTHORITY,Porewater taken at 20 cm,30.24517769,-90.35649171
LA39-Y2P09,,6/2/2015,12:46,CST,,,,0.500,28.30,1015.00,0.50,,,,,,,,,,,,,,,,,,,,,,,,,,COASTAL PROTECTION AND RESTORATION AUTHORITY,Porewater taken at 20 cm,30.24517769,-90.35649171
LA39-Y2P09,,5/18/2017,12:29,CST,,,0.80,0.500,27.30,1119.00,0.60,,,,,,,,,,,,,,,,,,,,,,,,,,COASTAL PROTECTION AND RESTORATION AUTHORITY,,30.24517769,-90.35649171
LA39-Y2P09,,5/18/2017,12:29,CST,,,0.80,0.656,,,,,,,34.60,5470.00,2.90,,,,,,,,,,,,,,,,,,,,COASTAL PROTECTION AND RESTORATION AUTHORITY,Measurement depth for porewater refers to depth sampled below sediment,30.24517769,-90.35649171
LA39-Y2P10,,5/20/2014,13:13,CST,,,,0.500,31.60,2264.00,1.10,,,,,,,,,,,,,,,,,,,,,,,,,,COASTAL PROTECTION AND RESTORATION AUTHORITY,"No porewater taken, clogged at 20 cm",30.24498064,-90.35713786
LA39-Y2P10,,6/2/2015,13:03,CST,,,,0.500,29.10,943.00,0.50,,,,,,,,,,,,,,,,,,,,,,,,,,COASTAL PROTECTION AND RESTORATION AUTHORITY,"No porewater taken, clogged at 20 cm",30.24498064,-90.35713786
LA39-Y2P10,,5/18/2017,13:29,CST,,,0.90,0.500,29.40,1136.00,0.60,,,,,,,,,,,,,,,,,,,,,,,,,,COASTAL PROTECTION AND RESTORATION AUTHORITY,,30.24498064,-90.35713786
LA39-Y2P10,,5/18/2017,13:29,CST,,,0.90,0.656,,,,,,,30.50,4527.00,2.40,,,,,,,,,,,,,,,,,,,,COASTAL PROTECTION AND RESTORATION AUTHORITY,Measurement depth for porewater refers to depth sampled below sediment,30.24498064,-90.35713786
LA39-Y2P11,,5/20/2014,13:35,CST,,,,0.500,31.70,2272.00,1.20,,,,,,,,,,,,,,,,,,,,,,,,,,COASTAL PROTECTION AND RESTORATION AUTHORITY,"No porewater taken, clogged at 20 cm",30.24534716,-90.35710520
LA39-Y2P11,,6/2/2015,13:17,CST,,,,0.500,28.80,1100.00,0.50,,,,,,,,,,,,,,,,,,,,,,,,,,COASTAL PROTECTION AND RESTORATION AUTHORITY,"No porewater taken, clogged at 20 cm",30.24534716,-90.35710520
LA39-Y2P11,,5/18/2017,13:42,CST,,,1.00,0.500,28.40,1070.00,0.50,,,,,,,,,,,,,,,,,,,,,,,,,,COASTAL PROTECTION AND RESTORATION AUTHORITY,,30.24534716,-90.35710520
LA39-Y2P11,,5/18/2017,13:42,CST,,,1.00,0.656,,,,,,,,,,,,,,,,,,,,,,,,,,,,,COASTAL PROTECTION AND RESTORATION AUTHORITY,Porewater sampler clogged; unable to extract sample,30.24534716,-90.35710520
LA39-Y2P12,,5/20/2014,13:50,CST,,,,0.500,31.00,2241.00,1.10,,,,,,,,,,,,,,,,,,,,,,,,,,COASTAL PROTECTION AND RESTORATION AUTHORITY,"No porewater taken, clogged at 20 cm",30.24559356,-90.35716701
LA39-Y2P12,,6/2/2015,13:29,CST,,,,0.328,,,,,,,30.90,1707.00,0.90,,,,,,,,,,,,,,,,,,,,COASTAL PROTECTION AND RESTORATION AUTHORITY,Porewater taken at 20 cm,30.24559356,-90.35716701
LA39-Y2P12,,6/2/2015,13:29,CST,,,,0.500,28.60,1157.00,0.60,,,,,,,,,,,,,,,,,,,,,,,,,,COASTAL PROTECTION AND RESTORATION AUTHORITY,Porewater taken at 20 cm,30.24559356,-90.35716701
LA39-Y2P12,,5/18/2017,13:58,CST,,,1.20,0.500,30.00,1073.00,0.50,,,,,,,,,,,,,,,,,,,,,,,,,,COASTAL PROTECTION AND RESTORATION AUTHORITY,,30.24559356,-90.35716701
LA39-Y2P12,,5/18/2017,13:58,CST,,,1.20,0.656,,,,,,,,,,,,,,,,,,,,,,,,,,,,,COASTAL PROTECTION AND RESTORATION AUTHORITY,Porewater sampler clogged; unable to extract sample,30.24559356,-90.35716701
LA39-Y2P13,,5/20/2014,14:09,CST,,,,0.500,30.60,2363.00,1.20,,,,,,,,,,,,,,,,,,,,,,,,,,COASTAL PROTECTION AND RESTORATION AUTHORITY,"No porewater taken, clogged at 20 cm",30.24543931,-90.35790965
LA39-Y2P13,,6/2/2015,13:39,CST,,,,0.500,28.80,1112.00,0.50,,,,,,,,,,,,,,,,,,,,,,,,,,COASTAL PROTECTION AND RESTORATION AUTHORITY,"No porewater taken, clogged at 20 cm",30.24543931,-90.35790965
LA39-Y2P13,,5/18/2017,14:14,CST,,,1.30,0.500,29.40,506.00,0.20,,,,,,,,,,,,,,,,,,,,,,,,,,COASTAL PROTECTION AND RESTORATION AUTHORITY,,30.24543931,-90.35790965
LA39-Y2P13,,5/18/2017,14:14,CST,,,1.30,0.656,,,,,,,,,,,,,,,,,,,,,,,,,,,,,COASTAL PROTECTION AND RESTORATION AUTHORITY,Porewater sampler clogged; unable to extract sample,30.24543931,-90.35790965
LA39-Y2P14,,5/20/2014,14:25,CST,,,,0.500,32.20,2354.00,1.20,,,,,,,,,,,,,,,,,,,,,,,,,,COASTAL PROTECTION AND RESTORATION AUTHORITY,"No porewater taken, clogged at 20 cm",30.24515406,-90.35773598
LA39-Y2P14,,6/2/2015,13:52,CST,,,,0.500,29.10,1051.00,0.50,,,,,,,,,,,,,,,,,,,,,,,,,,COASTAL PROTECTION AND RESTORATION AUTHORITY,"No porewater taken, clogged at 20 cm",30.24515406,-90.35773598
LA39-Y2P14,,5/18/2017,14:27,CST,,,0.90,0.500,28.90,1092.00,0.50,,,,,,,,,,,,,,,,,,,,,,,,,,COASTAL PROTECTION AND RESTORATION AUTHORITY,,30.24515406,-90.35773598
LA39-Y2P14,,5/18/2017,14:27,CST,,,0.90,0.656,,,,,,,28.50,5456.00,2.90,,,,,,,,,,,,,,,,,,,,COASTAL PROTECTION AND RESTORATION AUTHORITY,Measurement depth for porewater refers to depth sampled below sediment,30.24515406,-90.35773598
LA39-Y2P15,,5/20/2014,14:43,CST,,,,0.500,32.80,2318.00,1.20,,,,,,,,,,,,,,,,,,,,,,,,,,COASTAL PROTECTION AND RESTORATION AUTHORITY,"No porewater taken, clogged at 20 cm",30.24491661,-90.35781842
LA39-Y2P15,,6/2/2015,14:09,CST,,,,0.500,28.40,982.00,0.50,,,,,,,,,,,,,,,,,,,,,,,,,,COASTAL PROTECTION AND RESTORATION AUTHORITY,"No porewater taken, clogged at 20 cm",30.24491661,-90.35781842
LA39-Y2P15,,5/18/2017,14:43,CST,,,0.75,0.500,28.20,1059.00,0.50,,,,,,,,,,,,,,,,,,,,,,,,,,COASTAL PROTECTION AND RESTORATION AUTHORITY,,30.24491661,-90.35781842
LA39-Y2P15,,5/18/2017,14:43,CST,,,0.75,0.656,,,,,,,,,,,,,,,,,,,,,,,,,,,,,COASTAL PROTECTION AND RESTORATION AUTHORITY,Porewater sampler clogged; unable to extract sample,30.24491661,-90.35781842
LA39-Y2P16,,5/20/2014,15:02,CST,,,,0.500,33.40,2234.00,1.10,,,,,,,,,,,,,,,,,,,,,,,,,,COASTAL PROTECTION AND RESTORATION AUTHORITY,"No porewater taken, clogged at 20 cm",30.24454224,-90.35822287
LA39-Y2P16,,6/2/2015,14:15,CST,,,,0.328,,,,,,,29.80,1239.00,0.60,,,,,,,,,,,,,,,,,,,,COASTAL PROTECTION AND RESTORATION AUTHORITY,Porewater taken at 20 cm,30.24454224,-90.35822287
LA39-Y2P16,,6/2/2015,14:15,CST,,,,0.500,29.00,982.00,0.50,,,,,,,,,,,,,,,,,,,,,,,,,,COASTAL PROTECTION AND RESTORATION AUTHORITY,Porewater taken at 20 cm,30.24454224,-90.35822287
LA39-Y2P16,,5/18/2017,14:56,CST,,,0.70,0.500,28.40,1165.00,0.60,,,,,,,,,,,,,,,,,,,,,,,,,,COASTAL PROTECTION AND RESTORATION AUTHORITY,,30.24454224,-90.35822287
LA39-Y2P16,,5/18/2017,14:56,CST,,,0.70,0.656,,,,,,,,,,,,,,,,,,,,,,,,,,,,,COASTAL PROTECTION AND RESTORATION AUTHORITY,Porewater sampler clogged; unable to extract sample,30.24454224,-90.35822287
LA39-Y2P17,,5/20/2014,15:20,CST,,,,0.500,34.20,2339.00,1.20,,,,,,,,,,,,,,,,,,,,,,,,,,COASTAL PROTECTION AND RESTORATION AUTHORITY,"No porewater taken, clogged at 20 cm",30.24471618,-90.35762035
LA39-Y2P17,,6/2/2015,14:27,CST,,,,0.500,30.60,979.00,0.50,,,,,,,,,,,,,,,,,,,,,,,,,,COASTAL PROTECTION AND RESTORATION AUTHORITY,"No porewater taken, clogged at 20 cm",30.24471618,-90.35762035
LA39-Y2P17,,5/18/2017,15:08,CST,,,0.95,0.500,28.90,1064.00,0.50,,,,,,,,,,,,,,,,,,,,,,,,,,COASTAL PROTECTION AND RESTORATION AUTHORITY,,30.24471618,-90.35762035
LA39-Y2P17,,5/18/2017,15:08,CST,,,0.95,0.656,,,,,,,,,,,,,,,,,,,,,,,,,,,,,COASTAL PROTECTION AND RESTORATION AUTHORITY,Porewater sampler clogged; unable to extract sample,30.24471618,-90.35762035
LA39-Y4RU401,,8/5/2015,10:14,CST,,,1.10,0.500,32.10,6870.00,3.70,,,,,,,,,,,,,,,,,,,,,,,,,,COASTAL PROTECTION AND RESTORATION AUTHORITY,,29.71068735,-92.75983796
LA39-Y4RU401,,8/4/2016,08:38,CST,,,2.00,0.500,31.50,4531.00,2.40,,,,,,,,,,,,,,,,,,,,,,,,,,COASTAL PROTECTION AND RESTORATION AUTHORITY,,29.71068735,-92.75983796
LA39-Y4RU401,,5/8/2018,09:44,CST,,,1.30,,27.50,6239.00,3.40,,,,,,,,,,,,,,,,,,,,,,,,,,COASTAL PROTECTION AND RESTORATION AUTHORITY,,29.71068735,-92.75983796
LA39-Y4RU402,,8/5/2015,10:47,CST,,,1.10,0.500,32.30,6844.00,3.70,,,,,,,,,,,,,,,,,,,,,,,,,,COASTAL PROTECTION AND RESTORATION AUTHORITY,,29.70952076,-92.75363776
LA39-Y4RU402,,8/4/2016,09:17,CST,,,2.00,0.500,32.30,4494.00,2.40,,,,,,,,,,,,,,,,,,,,,,,,,,COASTAL PROTECTION AND RESTORATION AUTHORITY,,29.70952076,-92.75363776
LA39-Y4RU402,,5/8/2018,09:54,CST,,,1.30,,27.90,5980.00,3.20,,,,,,,,,,,,,,,,,,,,,,,,,,COASTAL PROTECTION AND RESTORATION AUTHORITY,,29.70952076,-92.75363776
LA39-Y4RU403,,8/5/2015,11:00,CST,,,1.30,0.500,32.10,6777.00,3.70,,,,,,,,,,,,,,,,,,,,,,,,,,COASTAL PROTECTION AND RESTORATION AUTHORITY,,29.70952142,-92.75889995
LA39-Y4RU403,,8/4/2016,09:34,CST,,,2.30,0.500,33.00,4782.00,2.50,,,,,,,,,,,,,,,,,,,,,,,,,,COASTAL PROTECTION AND RESTORATION AUTHORITY,,29.70952142,-92.75889995
LA39-Y4RU403,,5/8/2018,10:04,CST,,,1.50,,27.20,6045.00,3.30,,,,,,,,,,,,,,,,,,,,,,,,,,COASTAL PROTECTION AND RESTORATION AUTHORITY,,29.70952142,-92.75889995
LA39-Y4RU404,,8/5/2015,11:20,CST,,,1.30,0.500,33.30,6720.00,3.60,,,,,,,,,,,,,,,,,,,,,,,,,,COASTAL PROTECTION AND RESTORATION AUTHORITY,,29.70463875,-92.75880824
LA39-Y4RU404,,8/4/2016,09:43,CST,,,2.10,0.500,32.10,4780.00,2.50,,,,,,,,,,,,,,,,,,,,,,,,,,COASTAL PROTECTION AND RESTORATION AUTHORITY,,29.70463875,-92.75880824
LA39-Y4RU404,,5/8/2018,10:14,CST,,,1.50,,28.90,6400.00,3.50,,,,,,,,,,,,,,,,,,,,,,,,,,COASTAL PROTECTION AND RESTORATION AUTHORITY,,29.70463875,-92.75880824
LA39-Y4RU405,,8/5/2015,11:33,CST,,,1.30,0.500,33.00,6675.00,3.60,,,,,,,,,,,,,,,,,,,,,,,,,,COASTAL PROTECTION AND RESTORATION AUTHORITY,,29.70254661,-92.75972294
LA39-Y4RU405,,8/4/2016,09:54,CST,,,2.20,0.500,32.70,4860.00,2.60,,,,,,,,,,,,,,,,,,,,,,,,,,COASTAL PROTECTION AND RESTORATION AUTHORITY,,29.70254661,-92.75972294
LA39-Y4RU405,,5/8/2018,10:24,CST,,,1.60,,28.30,6100.00,3.30,,,,,,,,,,,,,,,,,,,,,,,,,,COASTAL PROTECTION AND RESTORATION AUTHORITY,,29.70254661,-92.75972294
LA39-Y4RU406,,8/5/2015,11:54,CST,,,0.90,0.500,33.40,6708.00,3.60,,,,,,,,,,,,,,,,,,,,,,,,,,COASTAL PROTECTION AND RESTORATION AUTHORITY,,29.69937778,-92.75422073
LA39-Y4RU406,,8/4/2016,10:07,CST,,,2.00,0.500,32.60,4500.00,2.40,,,,,,,,,,,,,,,,,,,,,,,,,,COASTAL PROTECTION AND RESTORATION AUTHORITY,,29.69937778,-92.75422073
LA39-Y4RU406,,5/8/2018,10:46,CST,,,1.00,,29.80,6796.00,3.70,,,,,,,,,,,,,,,,,,,,,,,,,,COASTAL PROTECTION AND RESTORATION AUTHORITY,,29.69937778,-92.75422073
LA39-Y4RU407,,8/5/2015,12:17,CST,,,0.60,0.500,33.50,7321.00,4.00,,,,,,,,,,,,,,,,,,,,,,,,,,COASTAL PROTECTION AND RESTORATION AUTHORITY,,29.69808400,-92.75249758
LA39-Y4RU407,,8/4/2016,10:24,CST,,,1.80,0.500,33.00,4503.00,2.40,,,,,,,,,,,,,,,,,,,,,,,,,,COASTAL PROTECTION AND RESTORATION AUTHORITY,,29.69808400,-92.75249758
LA39-Y4RU407,,5/8/2018,10:56,CST,,,0.90,,30.90,6747.00,3.60,,,,,,,,,,,,,,,,,,,,,,,,,,COASTAL PROTECTION AND RESTORATION AUTHORITY,,29.69808400,-92.75249758
LA39-Y4RU408,,8/5/2015,13:00,CST,,,1.00,0.500,33.60,6074.00,3.30,,,,,,,,,,,,,,,,,,,,,,,,,,COASTAL PROTECTION AND RESTORATION AUTHORITY,,29.70197712,-92.74011403
LA39-Y4RU408,,8/4/2016,10:52,CST,,,2.10,0.500,32.00,4272.00,2.20,,,,,,,,,,,,,,,,,,,,,,,,,,COASTAL PROTECTION AND RESTORATION AUTHORITY,,29.70197712,-92.74011403
LA39-Y4RU408,,5/8/2018,11:06,CST,,,1.30,,29.20,6100.00,3.30,,,,,,,,,,,,,,,,,,,,,,,,,,COASTAL PROTECTION AND RESTORATION AUTHORITY,,29.70197712,-92.74011403
LA39-Y4RU409,,8/5/2015,13:27,CST,,,0.70,0.500,35.30,6869.00,3.70,,,,,,,,,,,,,,,,,,,,,,,,,,COASTAL PROTECTION AND RESTORATION AUTHORITY,,29.70573731,-92.74309200
LA39-Y4RU409,,8/4/2016,11:00,CST,,,1.60,0.500,33.00,4275.00,2.20,,,,,,,,,,,,,,,,,,,,,,,,,,COASTAL PROTECTION AND RESTORATION AUTHORITY,,29.70573731,-92.74309200
LA39-Y4RU409,,5/8/2018,11:30,CST,,,0.70,,30.60,6203.00,3.30,,,,,,,,,,,,,,,,,,,,,,,,,,COASTAL PROTECTION AND RESTORATION AUTHORITY,,29.70573731,-92.74309200
LA39-Y6G01,,10/25/2017,10:19,CST,,,1.40,0.500,14.10,1511.00,0.80,,,,,,,,,,,,,,,,,,,,,,,,,,COASTAL PROTECTION AND RESTORATION AUTHORITY,,30.03478334,-89.86503334
LA39-Y6G01,,10/25/2017,10:19,CST,,,1.40,0.656,,,,,,,17.70,7802.00,4.30,,,,,,,,,,,,,,,,,,,,COASTAL PROTECTION AND RESTORATION AUTHORITY,Measurement depth for porewater refers to depth sampled below sediment,30.03478334,-89.86503334
LA39-Y6G01,,10/23/2018,10:26,CST,,,0.40,0.500,19.50,3802.00,2.00,,,,,,,,,,,,,,,,,,,,,,,,,,COASTAL PROTECTION AND RESTORATION AUTHORITY,,30.03478334,-89.86503334
LA39-Y6G01,,10/23/2018,10:26,CST,,,0.40,0.656,,,,,,,,,,,,,,,,,,,,,,,,,,,,,COASTAL PROTECTION AND RESTORATION AUTHORITY,"Measurement depth for porewater refers to depth sampled below sediment; porewater readings questionable and entered in comments because sensor was likely not fully-submerged- PW Temp: 21.1 C, PW SpC: 2919 uS/cm, PW Sal: 1.5 ppt.",30.03478334,-89.86503334
LA39-Y6G02,,10/25/2017,09:56,CST,,,1.40,0.500,14.30,1505.00,0.80,,,,,,,,,,,,,,,,,,,,,,,,,,COASTAL PROTECTION AND RESTORATION AUTHORITY,,30.03906667,-89.85418333
LA39-Y6G02,,10/25/2017,09:56,CST,,,1.40,0.656,,,,,,,18.10,2760.00,1.40,,,,,,,,,,,,,,,,,,,,COASTAL PROTECTION AND RESTORATION AUTHORITY,Measurement depth for porewater refers to depth sampled below sediment,30.03906667,-89.85418333
LA39-Y6G02,,10/23/2018,10:08,CST,,,0.30,0.500,19.40,3858.00,2.00,,,,,,,,,,,,,,,,,,,,,,,,,,COASTAL PROTECTION AND RESTORATION AUTHORITY,,30.03906667,-89.85418333
LA39-Y6G02,,10/23/2018,10:08,CST,,,0.30,0.656,,,,,,,,,,,,,,,,,,,,,,,,,,,,,COASTAL PROTECTION AND RESTORATION AUTHORITY,"Measurement depth for porewater refers to depth sampled below sediment; porewater readings questionable and entered in comments because sensor was likely not fully-submerged- PW Temp: 20.7 C, PW SpC: 1987 uS/cm, PW Sal: 1.0 ppt.",30.03906667,-89.85418333
LA39-Y6G03,,10/25/2017,09:34,CST,,,1.60,0.500,14.10,1511.00,0.80,,,,,,,,,,,,,,,,,,,,,,,,,,COASTAL PROTECTION AND RESTORATION AUTHORITY,,30.04352686,-89.84783557
LA39-Y6G03,,10/25/2017,09:34,CST,,,1.60,0.656,,,,,,,16.10,4605.00,2.50,,,,,,,,,,,,,,,,,,,,COASTAL PROTECTION AND RESTORATION AUTHORITY,Measurement depth for porewater refers to depth sampled below sediment,30.04352686,-89.84783557
LA39-Y6G03,,10/23/2018,09:55,CST,,,0.60,0.500,19.60,3937.00,2.10,,,,,,,,,,,,,,,,,,,,,,,,,,COASTAL PROTECTION AND RESTORATION AUTHORITY,,30.04352686,-89.84783557
LA39-Y6G03,,10/23/2018,09:55,CST,,,0.60,0.656,,,,,,,,,,,,,,,,,,,,,,,,,,,,,COASTAL PROTECTION AND RESTORATION AUTHORITY,"Measurement depth for porewater refers to depth sampled below sediment; porewater readings questionable and entered in comments because sensor was likely not fully-submerged- PW Temp: 19.7 C, PW SpC: 3281 uS/cm, PW Sal: 1.6 ppt.",30.04352686,-89.84783557
LA39-Y6G04,,10/25/2017,11:38,CST,,,1.50,0.500,15.60,1521.00,0.80,,,,,,,,,,,,,,,,,,,,,,,,,,COASTAL PROTECTION AND RESTORATION AUTHORITY,,30.04286666,-89.84468334
LA39-Y6G04,,10/25/2017,11:38,CST,,,1.50,0.656,,,,,,,17.40,3000.00,1.60,,,,,,,,,,,,,,,,,,,,COASTAL PROTECTION AND RESTORATION AUTHORITY,Measurement depth for porewater refers to depth sampled below sediment,30.04286666,-89.84468334
LA39-Y6G04,,10/23/2018,11:54,CST,,,0.40,0.500,20.90,3736.00,2.00,,,,,,,,,,,,,,,,,,,,,,,,,,COASTAL PROTECTION AND RESTORATION AUTHORITY,,30.04286666,-89.84468334
LA39-Y6G04,,10/23/2018,11:54,CST,,,0.40,0.656,,,,,,,,,,,,,,,,,,,,,,,,,,,,,COASTAL PROTECTION AND RESTORATION AUTHORITY,"Measurement depth for porewater refers to depth sampled below sediment; porewater readings questionable and entered in comments because sensor was likely not fully-submerged- PW Temp: 21.6 C, PW SpC: 2710 uS/cm, PW Sal: 1.4 ppt.",30.04286666,-89.84468334
LA39-Y6G05,,10/25/2017,10:59,CST,,,1.20,0.500,14.80,1524.00,0.80,,,,,,,,,,,,,,,,,,,,,,,,,,COASTAL PROTECTION AND RESTORATION AUTHORITY,,30.03610000,-89.85710000
LA39-Y6G05,,10/25/2017,10:59,CST,,,1.20,0.656,,,,,,,17.90,4293.00,2.30,,,,,,,,,,,,,,,,,,,,COASTAL PROTECTION AND RESTORATION AUTHORITY,Measurement depth for porewater refers to depth sampled below sediment,30.03610000,-89.85710000
LA39-Y6G05,,10/23/2018,11:08,CST,,,0.00,0.500,21.10,3500.00,1.80,,,,,,,,,,,,,,,,,,,,,,,,,,COASTAL PROTECTION AND RESTORATION AUTHORITY,Surface water measurements taken in open water nearest plot,30.03610000,-89.85710000
LA39-Y6G05,,10/23/2018,11:08,CST,,,0.00,0.656,,,,,,,,,,,,,,,,,,,,,,,,,,,,,COASTAL PROTECTION AND RESTORATION AUTHORITY,"Measurement depth for porewater refers to depth sampled below sediment; porewater readings questionable and entered in comments because sensor was likely not fully-submerged- PW Temp: 21.5 C, PW SpC: 4186 uS/cm, PW Sal: 2.2 ppt.",30.03610000,-89.85710000
LA39-Y6G06,,10/25/2017,11:16,CST,,,0.96,0.500,15.80,1345.00,0.70,,,,,,,,,,,,,,,,,,,,,,,,,,COASTAL PROTECTION AND RESTORATION AUTHORITY,,30.03966666,-89.84843334
LA39-Y6G06,,10/25/2017,11:16,CST,,,0.96,0.656,,,,,,,17.30,5430.00,2.90,,,,,,,,,,,,,,,,,,,,COASTAL PROTECTION AND RESTORATION AUTHORITY,Measurement depth for porewater refers to depth sampled below sediment,30.03966666,-89.84843334
LA39-Y6G06,,10/23/2018,11:27,CST,,,0.00,0.500,,,,,,,,,,,,,,,,,,,,,,,,,,,,,COASTAL PROTECTION AND RESTORATION AUTHORITY,No surface water to take measurement,30.03966666,-89.84843334
LA39-Y6G06,,10/23/2018,11:27,CST,,,0.00,0.656,,,,,,,,,,,,,,,,,,,,,,,,,,,,,COASTAL PROTECTION AND RESTORATION AUTHORITY,"Measurement depth for porewater refers to depth sampled below sediment;  unable to sample porewater, sipper clogged",30.03966666,-89.84843334
LA39-Y6G07,,10/25/2017,10:40,CST,,,1.00,0.500,15.20,1487.00,0.80,,,,,,,,,,,,,,,,,,,,,,,,,,COASTAL PROTECTION AND RESTORATION AUTHORITY,,30.03413333,-89.86238333
LA39-Y6G07,,10/25/2017,10:40,CST,,,1.00,0.656,,,,,,,18.40,4876.00,2.60,,,,,,,,,,,,,,,,,,,,COASTAL PROTECTION AND RESTORATION AUTHORITY,Measurement depth for porewater refers to depth sampled below sediment,30.03413333,-89.86238333
LA39-Y6G07,,10/23/2018,10:42,CST,,,0.00,0.500,,,,,,,,,,,,,,,,,,,,,,,,,,,,,COASTAL PROTECTION AND RESTORATION AUTHORITY,No surface water to take measurement,30.03413333,-89.86238333
LA39-Y6G07,,10/23/2018,10:42,CST,,,0.00,0.656,,,,,,,,,,,,,,,,,,,,,,,,,,,,,COASTAL PROTECTION AND RESTORATION AUTHORITY,"Measurement depth for porewater refers to depth sampled below sediment; porewater readings questionable and entered in comments because sensor was likely not fully-submerged- PW Temp: 21.0 C, PW SpC: 4880 uS/cm, PW Sal: 2.6 ppt.",30.03413333,-89.86238333
LA39-Y6G08,,10/25/2017,09:03,CST,,,0.90,0.500,13.70,1502.00,0.80,,,,,,,,,,,,,,,,,,,,,,,,,,COASTAL PROTECTION AND RESTORATION AUTHORITY,,30.04244677,-89.84106655
LA39-Y6G08,,10/25/2017,09:03,CST,,,0.90,0.656,,,,,,,15.30,4128.00,2.20,,,,,,,,,,,,,,,,,,,,COASTAL PROTECTION AND RESTORATION AUTHORITY,Measurement depth for porewater refers to depth sampled below sediment,30.04244677,-89.84106655
LA39-Y6G08,,10/23/2018,09:08,CST,,,0.00,0.500,,,,,,,,,,,,,,,,,,,,,,,,,,,,,COASTAL PROTECTION AND RESTORATION AUTHORITY,No surface water to take measurement,30.04244677,-89.84106655
LA39-Y6G08,,10/23/2018,09:08,CST,,,0.00,0.656,,,,,,,,,,,,,,,,,,,,,,,,,,,,,COASTAL PROTECTION AND RESTORATION AUTHORITY,"Measurement depth for porewater refers to depth sampled below sediment;  unable to sample porewater, sipper clogged",30.04244677,-89.84106655
LA39-Y6G09,,10/25/2017,12:30,CST,,,1.70,0.500,16.10,1509.00,0.70,,,,,,,,,,,,,,,,,,,,,,,,,,COASTAL PROTECTION AND RESTORATION AUTHORITY,,30.05188334,-89.84020000
LA39-Y6G09,,10/25/2017,12:30,CST,,,1.70,0.656,,,,,,,17.60,5578.00,3.00,,,,,,,,,,,,,,,,,,,,COASTAL PROTECTION AND RESTORATION AUTHORITY,Measurement depth for porewater refers to depth sampled below sediment,30.05188334,-89.84020000
LA39-Y6G09,,10/23/2018,12:32,CST,,,0.65,0.500,21.10,1876.00,1.00,,,,,,,,,,,,,,,,,,,,,,,,,,COASTAL PROTECTION AND RESTORATION AUTHORITY,,30.05188334,-89.84020000
LA39-Y6G09,,10/23/2018,12:32,CST,,,0.65,0.656,,,,,,,,,,,,,,,,,,,,,,,,,,,,,COASTAL PROTECTION AND RESTORATION AUTHORITY,"Measurement depth for porewater refers to depth sampled below sediment; porewater readings questionable and entered in comments because sensor was likely not fully-submerged- PW Temp: 21.4 C, PW SpC: 2589 uS/cm, PW Sal: 1.3 ppt.",30.05188334,-89.84020000
LA39-Y6G10,,10/25/2017,12:48,CST,,,1.50,0.500,16.70,1510.00,0.80,,,,,,,,,,,,,,,,,,,,,,,,,,COASTAL PROTECTION AND RESTORATION AUTHORITY,,30.05471666,-89.83918334
LA39-Y6G10,,10/25/2017,12:48,CST,,,1.50,0.656,,,,,,,20.00,6846.00,3.80,,,,,,,,,,,,,,,,,,,,COASTAL PROTECTION AND RESTORATION AUTHORITY,Measurement depth for porewater refers to depth sampled below sediment,30.05471666,-89.83918334
LA39-Y6G10,,10/23/2018,12:44,CST,,,0.00,0.500,,,,,,,,,,,,,,,,,,,,,,,,,,,,,COASTAL PROTECTION AND RESTORATION AUTHORITY,No surface water to take measurement,30.05471666,-89.83918334
LA39-Y6G10,,10/23/2018,12:44,CST,,,0.00,0.656,,,,,,,,,,,,,,,,,,,,,,,,,,,,,COASTAL PROTECTION AND RESTORATION AUTHORITY,"Measurement depth for porewater refers to depth sampled below sediment; porewater readings questionable and entered in comments because sensor was likely not fully-submerged- PW Temp: 21.2 C, PW SpC: 4384 uS/cm, PW Sal: 2.4 ppt.",30.05471666,-89.83918334
LA39-Y6G11,,10/25/2017,13:07,CST,,,1.50,0.500,16.70,1500.00,0.80,,,,,,,,,,,,,,,,,,,,,,,,,,COASTAL PROTECTION AND RESTORATION AUTHORITY,,30.05338333,-89.83778333
LA39-Y6G11,,10/25/2017,13:07,CST,,,1.50,0.656,,,,,,,21.40,6919.00,3.70,,,,,,,,,,,,,,,,,,,,COASTAL PROTECTION AND RESTORATION AUTHORITY,Measurement depth for porewater refers to depth sampled below sediment,30.05338333,-89.83778333
LA39-Y6G11,,10/23/2018,12:56,CST,,,0.38,0.500,21.50,2631.00,1.40,,,,,,,,,,,,,,,,,,,,,,,,,,COASTAL PROTECTION AND RESTORATION AUTHORITY,,30.05338333,-89.83778333
LA39-Y6G11,,10/23/2018,12:56,CST,,,0.38,0.656,,,,,,,,,,,,,,,,,,,,,,,,,,,,,COASTAL PROTECTION AND RESTORATION AUTHORITY,"Measurement depth for porewater refers to depth sampled below sediment;  unable to sample porewater, sipper clogged",30.05338333,-89.83778333
LA39-Y6G12,,10/25/2017,13:28,CST,,,1.70,0.500,16.90,1485.00,0.80,,,,,,,,,,,,,,,,,,,,,,,,,,COASTAL PROTECTION AND RESTORATION AUTHORITY,,30.04966667,-89.83811667
LA39-Y6G12,,10/25/2017,13:28,CST,,,1.70,0.656,,,,,,,18.60,4830.00,2.60,,,,,,,,,,,,,,,,,,,,COASTAL PROTECTION AND RESTORATION AUTHORITY,Measurement depth for porewater refers to depth sampled below sediment,30.04966667,-89.83811667
LA39-Y6G12,,10/23/2018,13:10,CST,,,0.45,0.500,21.70,2190.00,1.20,,,,,,,,,,,,,,,,,,,,,,,,,,COASTAL PROTECTION AND RESTORATION AUTHORITY,,30.04966667,-89.83811667
LA39-Y6G12,,10/23/2018,13:10,CST,,,0.45,0.656,,,,,,,21.90,5235.00,2.80,,,,,,,,,,,,,,,,,,,,COASTAL PROTECTION AND RESTORATION AUTHORITY,Measurement depth for porewater refers to depth sampled below sediment,30.04966667,-89.83811667
LA39-Y6G13,,10/25/2017,13:45,CST,,,1.50,0.500,17.00,1513.00,0.80,,,,,,,,,,,,,,,,,,,,,,,,,,COASTAL PROTECTION AND RESTORATION AUTHORITY,,30.04716666,-89.83685000
LA39-Y6G13,,10/25/2017,13:45,CST,,,1.50,0.656,,,,,,,,,,,,,,,,,,,,,,,,,,,,,COASTAL PROTECTION AND RESTORATION AUTHORITY,"Porewater sipper clogged, unable to take sample",30.04716666,-89.83685000
LA39-Y6G13,,10/23/2018,13:20,CST,,,0.38,0.500,22.10,3880.00,2.10,,,,,,,,,,,,,,,,,,,,,,,,,,COASTAL PROTECTION AND RESTORATION AUTHORITY,,30.04716666,-89.83685000
LA39-Y6G13,,10/23/2018,13:20,CST,,,0.38,0.656,,,,,,,21.80,5123.00,2.80,,,,,,,,,,,,,,,,,,,,COASTAL PROTECTION AND RESTORATION AUTHORITY,Measurement depth for porewater refers to depth sampled below sediment,30.04716666,-89.83685000
LA39-Y6G14,,10/25/2017,14:53,CST,,,1.30,0.500,18.30,1507.00,0.80,,,,,,,,,,,,,,,,,,,,,,,,,,COASTAL PROTECTION AND RESTORATION AUTHORITY,,30.05571667,-89.83625000
LA39-Y6G14,,10/25/2017,14:53,CST,,,1.30,0.656,,,,,,,20.80,8472.00,4.60,,,,,,,,,,,,,,,,,,,,COASTAL PROTECTION AND RESTORATION AUTHORITY,Measurement depth for porewater refers to depth sampled below sediment,30.05571667,-89.83625000
LA39-Y6G14,,10/23/2018,14:22,CST,,,0.00,0.500,,,,,,,,,,,,,,,,,,,,,,,,,,,,,COASTAL PROTECTION AND RESTORATION AUTHORITY,No surface water to take measurement,30.05571667,-89.83625000
LA39-Y6G14,,10/23/2018,14:22,CST,,,0.00,0.656,,,,,,,,,,,,,,,,,,,,,,,,,,,,,COASTAL PROTECTION AND RESTORATION AUTHORITY,"Measurement depth for porewater refers to depth sampled below sediment;  unable to sample porewater, sipper clogged",30.05571667,-89.83625000
LA39-Y6G15,,10/25/2017,14:41,CST,,,1.40,0.500,17.70,1482.00,0.80,,,,,,,,,,,,,,,,,,,,,,,,,,COASTAL PROTECTION AND RESTORATION AUTHORITY,,30.05333333,-89.83535000
LA39-Y6G15,,10/25/2017,14:41,CST,,,1.40,0.656,,,,,,,18.70,6982.00,3.80,,,,,,,,,,,,,,,,,,,,COASTAL PROTECTION AND RESTORATION AUTHORITY,Measurement depth for porewater refers to depth sampled below sediment,30.05333333,-89.83535000
LA39-Y6G15,,10/23/2018,14:05,CST,,,0.10,0.500,21.50,4213.00,2.20,,,,,,,,,,,,,,,,,,,,,,,,,,COASTAL PROTECTION AND RESTORATION AUTHORITY,,30.05333333,-89.83535000
LA39-Y6G15,,10/23/2018,14:05,CST,,,0.10,0.656,,,,,,,,,,,,,,,,,,,,,,,,,,,,,COASTAL PROTECTION AND RESTORATION AUTHORITY,"Measurement depth for porewater refers to depth sampled below sediment; unable to sample porewater, sipper clogged",30.05333333,-89.83535000
LA39-Y6G16,,10/25/2017,14:27,CST,,,1.50,0.500,17.50,1486.00,0.80,,,,,,,,,,,,,,,,,,,,,,,,,,COASTAL PROTECTION AND RESTORATION AUTHORITY,,30.05045000,-89.83556666
LA39-Y6G16,,10/25/2017,14:27,CST,,,1.50,0.656,,,,,,,19.70,7073.00,3.90,,,,,,,,,,,,,,,,,,,,COASTAL PROTECTION AND RESTORATION AUTHORITY,Measurement depth for porewater refers to depth sampled below sediment,30.05045000,-89.83556666
LA39-Y6G16,,10/23/2018,13:49,CST,,,0.30,0.500,21.70,3707.00,2.00,,,,,,,,,,,,,,,,,,,,,,,,,,COASTAL PROTECTION AND RESTORATION AUTHORITY,,30.05045000,-89.83556666
LA39-Y6G16,,10/23/2018,13:49,CST,,,0.30,0.656,,,,,,,,,,,,,,,,,,,,,,,,,,,,,COASTAL PROTECTION AND RESTORATION AUTHORITY,"Measurement depth for porewater refers to depth sampled below sediment; unable to sample porewater, sipper clogged",30.05045000,-89.83556666
LA39-Y6G17,,10/25/2017,14:08,CST,,,1.35,0.500,18.40,1476.00,0.70,,,,,,,,,,,,,,,,,,,,,,,,,,COASTAL PROTECTION AND RESTORATION AUTHORITY,,30.04895000,-89.83535000
LA39-Y6G17,,10/25/2017,14:08,CST,,,1.35,0.656,,,,,,,18.90,3739.00,2.00,,,,,,,,,,,,,,,,,,,,COASTAL PROTECTION AND RESTORATION AUTHORITY,Measurement depth for porewater refers to depth sampled below sediment,30.04895000,-89.83535000
LA39-Y6G17,,10/23/2018,13:36,CST,,,0.00,0.500,22.10,3731.00,2.00,,,,,,,,,,,,,,,,,,,,,,,,,,COASTAL PROTECTION AND RESTORATION AUTHORITY,Surface water measurements taken in open water nearest plot,30.04895000,-89.83535000
LA39-Y6G17,,10/23/2018,13:36,CST,,,0.00,0.656,,,,,,,21.50,6019.00,3.30,,,,,,,,,,,,,,,,,,,,COASTAL PROTECTION AND RESTORATION AUTHORITY,Measurement depth for porewater refers to depth sampled below sediment,30.04895000,-89.83535000
LA39-Y6G18,,10/25/2017,15:14,CST,,,1.20,0.500,19.20,1384.00,0.70,,,,,,,,,,,,,,,,,,,,,,,,,,COASTAL PROTECTION AND RESTORATION AUTHORITY,,30.05263334,-89.83346666
LA39-Y6G18,,10/25/2017,15:14,CST,,,1.20,0.656,,,,,,,19.90,7576.00,4.10,,,,,,,,,,,,,,,,,,,,COASTAL PROTECTION AND RESTORATION AUTHORITY,Measurement depth for porewater refers to depth sampled below sediment,30.05263334,-89.83346666
LA39-Y6G18,,10/23/2018,14:32,CST,,,0.00,0.500,,,,,,,,,,,,,,,,,,,,,,,,,,,,,COASTAL PROTECTION AND RESTORATION AUTHORITY,,30.05263334,-89.83346666
LA39-Y6G18,,10/23/2018,14:32,CST,,,0.00,0.656,,,,,,,20.90,8042.00,4.50,,,,,,,,,,,,,,,,,,,,COASTAL PROTECTION AND RESTORATION AUTHORITY,Measurement depth for porewater refers to depth sampled below sediment,30.05263334,-89.83346666
LA39-Y7aD01,,6/3/2019,12:39,CST,,,1.00,0.500,26.70,456.00,0.20,,,,,,,,,,,,,,,,,,,,,,,,,,COASTAL PROTECTION AND RESTORATION AUTHORITY,South Pass Campground Crevasse; 1 measurement was taken for each planting area,29.08430556,-89.24705556
LA39-Y7aD01,,6/3/2019,12:39,CST,,,1.00,0.656,,,,,,,29.70,629.00,0.30,,,,,,,,,,,,,,,,,,,,COASTAL PROTECTION AND RESTORATION AUTHORITY,South Pass Campground Crevasse; 1 measurement was taken for each planting area; Measurement depth for porewater refers to depth sampled below sediment,29.08430556,-89.24705556
LA39-Y7aD01,,10/22/2019,11:10,CST,,,0.00,0.500,23.10,567.00,0.30,,,,,,,,,,,,,,,,,,,,,,,,,,COASTAL PROTECTION AND RESTORATION AUTHORITY,South Pass Campground Crevasse; 1 measurement was taken for each planting area; taken from puddle,29.08430556,-89.24705556
LA39-Y7aD01,,10/22/2019,11:10,CST,,,0.00,0.656,,,,,,,,,,,,,,,,,,,,,,,,,,,,,COASTAL PROTECTION AND RESTORATION AUTHORITY,"South Pass Campground Crevasse; 1 measurement was taken for each planting area; sipper clogged, no porewater taken",29.08430556,-89.24705556
LA39-Y7aD04,,6/3/2019,14:27,CST,,,1.65,0.500,26.90,381.90,0.20,,,,,,,,,,,,,,,,,,,,,,,,,,COASTAL PROTECTION AND RESTORATION AUTHORITY,Willow Tree; 1 measurement was taken for each planting area,29.12222222,-89.22861112
LA39-Y7aD04,,6/3/2019,14:27,CST,,,1.65,0.656,,,,,,,27.60,1115.00,0.50,,,,,,,,,,,,,,,,,,,,COASTAL PROTECTION AND RESTORATION AUTHORITY,Willow Tree; 1 measurement was taken for each planting area; Measurement depth for porewater refers to depth sampled below sediment,29.12222222,-89.22861112
LA39-Y7aD05,,10/22/2019,13:30,CST,,,1.50,0.500,22.10,454.10,0.20,,,,,,,,,,,,,,,,,,,,,,,,,,COASTAL PROTECTION AND RESTORATION AUTHORITY,Willow Tree; 1 measurement was taken for each planting area,29.12197222,-89.22863888
LA39-Y7aD05,,10/22/2019,13:30,CST,,,1.50,0.656,,,,,,,22.90,1346.00,0.70,,,,,,,,,,,,,,,,,,,,COASTAL PROTECTION AND RESTORATION AUTHORITY,Willow Tree; 1 measurement was taken for each planting area; Measurement depth for porewater refers to depth sampled below sediment,29.12197222,-89.22863888
LA39-Y7aD07,,6/3/2019,16:33,CST,,,1.05,0.500,27.90,382.90,0.20,,,,,,,,,,,,,,,,,,,,,,,,,,COASTAL PROTECTION AND RESTORATION AUTHORITY,Cheniere Pass Splay; 1 measurement was taken for each planting area,29.13213889,-89.18388889
LA39-Y7aD07,,6/3/2019,16:33,CST,,,1.05,0.656,,,,,,,28.90,1853.00,0.90,,,,,,,,,,,,,,,,,,,,COASTAL PROTECTION AND RESTORATION AUTHORITY,Cheniere Pass Splay; 1 measurement was taken for each planting area; Measurement depth for porewater refers to depth sampled below sediment,29.13213889,-89.18388889
LA39-Y7aD09,,10/22/2019,16:46,CST,,,0.00,0.500,21.20,652.00,0.30,,,,,,,,,,,,,,,,,,,,,,,,,,COASTAL PROTECTION AND RESTORATION AUTHORITY,Cheniere Pass Splay; 1 measurement was taken for each planting area,29.13236111,-89.18394445
LA39-Y7aD09,,10/22/2019,16:46,CST,,,0.00,0.656,,,,,,,22.80,804.00,0.40,,,,,,,,,,,,,,,,,,,,COASTAL PROTECTION AND RESTORATION AUTHORITY,Cheniere Pass Splay; 1 measurement was taken for each planting area; Measurement depth for porewater refers to depth sampled below sediment,29.13236111,-89.18394445
LA39-Y7aD10,,6/4/2019,07:49,CST,,,2.30,0.500,25.50,360.20,0.20,,,,,,,,,,,,,,,,,,,,,,,,,,COASTAL PROTECTION AND RESTORATION AUTHORITY,Boundary Line Pond 2; 1 measurement was taken for each planting area,29.17622222,-89.15616666
LA39-Y7aD10,,6/4/2019,07:49,CST,,,2.30,0.656,,,,,,,,,,,,,,,,,,,,,,,,,,,,,COASTAL PROTECTION AND RESTORATION AUTHORITY,Boundary Line Pond 2; too deep to collect porewater; 1 measurement was taken for each planting area; ,29.17622222,-89.15616666
LA39-Y7aD10,,10/23/2019,08:39,CST,,,2.50,0.500,19.60,399.70,0.20,,,,,,,,,,,,,,,,,,,,,,,,,,COASTAL PROTECTION AND RESTORATION AUTHORITY,Boundary Line Pond 2; 1 measurement was taken for each planting area,29.17622222,-89.15616666
LA39-Y7aD10,,10/23/2019,08:39,CST,,,2.50,0.656,,,,,,,20.40,2330.00,1.20,,,,,,,,,,,,,,,,,,,,COASTAL PROTECTION AND RESTORATION AUTHORITY,Boundary Line Pond 2; 1 measurement was taken for each planting area; Measurement depth for porewater refers to depth sampled below sediment,29.17622222,-89.15616666
LA39-Y7aD15,,6/4/2019,09:04,CST,,,2.70,0.500,25.80,379.10,0.20,,,,,,,,,,,,,,,,,,,,,,,,,,COASTAL PROTECTION AND RESTORATION AUTHORITY,Boundary Line Pond 1; 1 measurement was taken for each planting area,29.17838889,-89.15202777
LA39-Y7aD15,,6/4/2019,09:04,CST,,,2.70,0.656,,,,,,,,,,,,,,,,,,,,,,,,,,,,,COASTAL PROTECTION AND RESTORATION AUTHORITY,Boundary Line Pond 1: too deep to collect porewater; 1 measurement was taken for each planting area,29.17838889,-89.15202777
LA39-Y7aD15,,10/23/2019,10:09,CST,,,2.20,0.500,20.80,462.00,0.20,,,,,,,,,,,,,,,,,,,,,,,,,,COASTAL PROTECTION AND RESTORATION AUTHORITY,Boundary Line Pond 1; 1 measurement was taken for each planting area,29.17838889,-89.15202777
LA39-Y7aD15,,10/23/2019,10:09,CST,,,2.20,0.656,,,,,,,22.00,1989.00,1.00,,,,,,,,,,,,,,,,,,,,COASTAL PROTECTION AND RESTORATION AUTHORITY,Boundary Line Pond 1; 1 measurement was taken for each planting area; Measurement depth for porewater refers to depth sampled below sediment,29.17838889,-89.15202777
LA39-Y7aD20,,6/4/2019,10:23,CST,,,1.80,0.500,25.90,382.90,0.20,,,,,,,,,,,,,,,,,,,,,,,,,,COASTAL PROTECTION AND RESTORATION AUTHORITY,Rattlesnake Flat; 1 measurement was taken for each planting area,29.14441667,-89.18286111
LA39-Y7aD20,,6/4/2019,10:23,CST,,,1.80,0.656,,,,,,,,,,,,,,,,,,,,,,,,,,,,,COASTAL PROTECTION AND RESTORATION AUTHORITY,Rattlesnake Flat; porewater not collected; 1 measurement was taken for each planting area,29.14441667,-89.18286111
LA39-Y7aD23,,6/4/2019,11:00,CST,,,1.80,0.500,,,,,,,,,,,,,,,,,,,,,,,,,,,,,COASTAL PROTECTION AND RESTORATION AUTHORITY,Rattlesnake Flat; 1 measurement was taken for each planting area; surface water not collected,29.14458334,-89.18322222
LA39-Y7aD23,,6/4/2019,11:00,CST,,,1.80,0.656,,,,,,,26.70,1653.00,0.80,,,,,,,,,,,,,,,,,,,,COASTAL PROTECTION AND RESTORATION AUTHORITY,Rattlesnake Flat; 1 measurement was taken for each planting area; Measurement depth for porewater refers to depth sampled below sediment,29.14458334,-89.18322222
LA39-Y7aD23,,10/22/2019,15:47,CST,,,0.20,0.500,23.20,577.00,0.30,,,,,,,,,,,,,,,,,,,,,,,,,,COASTAL PROTECTION AND RESTORATION AUTHORITY,Rattlesnake Flat; 1 measurement was taken for each planting area,29.14458334,-89.18322222
LA39-Y7aD23,,10/22/2019,15:47,CST,,,0.20,0.656,,,,,,,24.00,1547.00,0.80,,,,,,,,,,,,,,,,,,,,COASTAL PROTECTION AND RESTORATION AUTHORITY,Rattlesnake Flat; 1 measurement was taken for each planting area; Measurement depth for porewater refers to depth sampled below sediment,29.14458334,-89.18322222
LA39-Y7aD24,,6/4/2019,12:46,CST,,,2.60,0.500,29.10,378.70,0.20,,,,,,,,,,,,,,,,,,,,,,,,,,COASTAL PROTECTION AND RESTORATION AUTHORITY,Cheniere Crevasse; 1 measurement was taken for each planting area,29.13227778,-89.18669445
LA39-Y7aD24,,6/4/2019,12:46,CST,,,2.60,0.656,,,,,,,,,,,,,,,,,,,,,,,,,,,,,COASTAL PROTECTION AND RESTORATION AUTHORITY,Cheniere Crevasse; too deep to collect porewater; 1 measurement was taken for each planting area,29.13227778,-89.18669445
LA39-Y7aD24,,10/23/2019,11:40,CST,,,2.20,0.500,20.80,641.00,0.30,,,,,,,,,,,,,,,,,,,,,,,,,,COASTAL PROTECTION AND RESTORATION AUTHORITY,Cheniere Crevasse; 1 measurement was taken for each planting area; ,29.13227778,-89.18669445
LA39-Y7aD24,,10/23/2019,11:40,CST,,,2.20,0.656,,,,,,,21.20,1691.00,0.90,,,,,,,,,,,,,,,,,,,,COASTAL PROTECTION AND RESTORATION AUTHORITY,Cheniere Crevasse; 1 measurement was taken for each planting area; Measurement depth for porewater refers to depth sampled below sediment,29.13227778,-89.18669445
LA39-Y7BB01,,5/21/2019,09:59,CST,,,2.70,0.500,27.60,500.00,0.30,,,,,,,,,,,,,,,,,,,,,,,,,,COASTAL PROTECTION AND RESTORATION AUTHORITY,,30.27008333,-89.94623333
LA39-Y7BB01,,5/21/2019,09:59,CST,,,2.70,0.656,,,,,,,,,,,,,,,,,,,,,,,,,,,,,COASTAL PROTECTION AND RESTORATION AUTHORITY,Water too deep to collect porewater; Measurement depth for porewater refers to depth sampled below sediment; ,30.27008333,-89.94623333
LA39-Y7BB01,,8/4/2020,13:50,CST,,,2.00,0.500,35.00,1075.00,0.40,,,,,,,,,,,,,,,,,,,,,,,,,,COASTAL PROTECTION AND RESTORATION AUTHORITY,,30.27008333,-89.94623333
LA39-Y7BB01,,8/4/2020,13:50,CST,,,2.00,0.656,,,,,,,33.50,5571.00,2.50,,,,,,,,,,,,,,,,,,,,COASTAL PROTECTION AND RESTORATION AUTHORITY,Measurement depth for porewater refers to depth sampled below sediment; ,30.27008333,-89.94623333
LA39-Y7BB02,,5/21/2019,11:02,CST,,,3.30,0.500,28.30,531.00,0.30,,,,,,,,,,,,,,,,,,,,,,,,,,COASTAL PROTECTION AND RESTORATION AUTHORITY,,30.26746667,-89.94605000
LA39-Y7BB02,,5/21/2019,11:02,CST,,,3.30,0.656,,,,,,,,,,,,,,,,,,,,,,,,,,,,,COASTAL PROTECTION AND RESTORATION AUTHORITY,Water too deep to collect porewater; Measurement depth for porewater refers to depth sampled below sediment; ,30.26746667,-89.94605000
LA39-Y7BB02,,8/4/2020,14:08,CST,,,1.80,0.500,34.00,1196.00,0.40,,,,,,,,,,,,,,,,,,,,,,,,,,COASTAL PROTECTION AND RESTORATION AUTHORITY,,30.26746667,-89.94605000
LA39-Y7BB02,,8/4/2020,14:08,CST,,,1.80,0.656,,,,,,,32.40,4800.00,2.20,,,,,,,,,,,,,,,,,,,,COASTAL PROTECTION AND RESTORATION AUTHORITY,Measurement depth for porewater refers to depth sampled below sediment; ,30.26746667,-89.94605000
LA39-Y7BB03,,5/21/2019,11:38,CST,,,2.10,0.500,29.00,562.00,0.30,,,,,,,,,,,,,,,,,,,,,,,,,,COASTAL PROTECTION AND RESTORATION AUTHORITY,,30.27313333,-89.94066667
LA39-Y7BB03,,5/21/2019,11:38,CST,,,2.10,0.656,,,,,,,,,,,,,,,,,,,,,,,,,,,,,COASTAL PROTECTION AND RESTORATION AUTHORITY,Water too deep to collect porewater; Measurement depth for porewater refers to depth sampled below sediment; ,30.27313333,-89.94066667
LA39-Y7BB03,,8/4/2020,14:20,CST,,,1.40,0.500,36.00,2047.00,0.80,,,,,,,,,,,,,,,,,,,,,,,,,,COASTAL PROTECTION AND RESTORATION AUTHORITY,,30.27313333,-89.94066667
LA39-Y7BB03,,8/4/2020,14:20,CST,,,1.40,0.656,,,,,,,,,,,,,,,,,,,,,,,,,,,,,COASTAL PROTECTION AND RESTORATION AUTHORITY,"Porewater sipper clogged, unable to collect sample; Measurement depth for porewater refers to depth sampled below sediment; ",30.27313333,-89.94066667
LA39-Y7BB04,,5/21/2019,12:46,CST,,,3.10,0.500,29.50,563.00,0.30,,,,,,,,,,,,,,,,,,,,,,,,,,COASTAL PROTECTION AND RESTORATION AUTHORITY,,30.26500000,-89.93666666
LA39-Y7BB04,,5/21/2019,12:46,CST,,,3.10,0.656,,,,,,,,,,,,,,,,,,,,,,,,,,,,,COASTAL PROTECTION AND RESTORATION AUTHORITY,Water too deep to collect porewater; Measurement depth for porewater refers to depth sampled below sediment; ,30.26500000,-89.93666666
LA39-Y7BB04,,8/4/2020,14:57,CST,,,2.00,0.500,34.50,1078.00,0.40,,,,,,,,,,,,,,,,,,,,,,,,,,COASTAL PROTECTION AND RESTORATION AUTHORITY,,30.26500000,-89.93666666
LA39-Y7BB04,,8/4/2020,14:57,CST,,,2.00,0.656,,,,,,,,,,,,,,,,,,,,,,,,,,,,,COASTAL PROTECTION AND RESTORATION AUTHORITY,Porewater not collected; Measurement depth for porewater refers to depth sampled below sediment; ,30.26500000,-89.93666666
LA39-Y7BB05,,5/21/2019,13:29,CST,,,2.80,0.500,28.00,621.00,0.30,,,,,,,,,,,,,,,,,,,,,,,,,,COASTAL PROTECTION AND RESTORATION AUTHORITY,,30.26811666,-89.92735000
LA39-Y7BB05,,5/21/2019,13:29,CST,,,2.80,0.656,,,,,,,,,,,,,,,,,,,,,,,,,,,,,COASTAL PROTECTION AND RESTORATION AUTHORITY,Water too deep to collect porewater; Measurement depth for porewater refers to depth sampled below sediment; ,30.26811666,-89.92735000
LA39-Y7BB05,,8/4/2020,15:42,CST,,,1.70,0.500,33.70,634.00,0.30,,,,,,,,,,,,,,,,,,,,,,,,,,COASTAL PROTECTION AND RESTORATION AUTHORITY,,30.26811666,-89.92735000
LA39-Y7BB05,,8/4/2020,15:42,CST,,,1.70,0.656,,,,,,,,,,,,,,,,,,,,,,,,,,,,,COASTAL PROTECTION AND RESTORATION AUTHORITY,"Porewater sipper clogged, unable to collect sample; Measurement depth for porewater refers to depth sampled below sediment; ",30.26811666,-89.92735000
LA39-Y7BB06,,5/21/2019,14:57,CST,,,3.10,0.500,30.40,763.00,0.40,,,,,,,,,,,,,,,,,,,,,,,,,,COASTAL PROTECTION AND RESTORATION AUTHORITY,,30.25778333,-89.92955000
LA39-Y7BB06,,5/21/2019,14:57,CST,,,3.10,0.656,,,,,,,,,,,,,,,,,,,,,,,,,,,,,COASTAL PROTECTION AND RESTORATION AUTHORITY,Water too deep to collect porewater; Measurement depth for porewater refers to depth sampled below sediment; ,30.25778333,-89.92955000
LA39-Y7BB06,,8/4/2020,16:02,CST,,,2.10,0.500,34.40,2289.00,1.00,,,,,,,,,,,,,,,,,,,,,,,,,,COASTAL PROTECTION AND RESTORATION AUTHORITY,,30.25778333,-89.92955000
LA39-Y7BB06,,8/4/2020,16:02,CST,,,2.10,0.656,,,,,,,,,,,,,,,,,,,,,,,,,,,,,COASTAL PROTECTION AND RESTORATION AUTHORITY,"Porewater sipper clogged, unable to collect sample; Measurement depth for porewater refers to depth sampled below sediment; ",30.25778333,-89.92955000
LA39-Y7BB07,,5/21/2019,15:09,CST,,,2.80,0.500,31.40,470.00,0.20,,,,,,,,,,,,,,,,,,,,,,,,,,COASTAL PROTECTION AND RESTORATION AUTHORITY,,30.25476667,-89.92973334
LA39-Y7BB07,,5/21/2019,15:09,CST,,,2.80,0.656,,,,,,,,,,,,,,,,,,,,,,,,,,,,,COASTAL PROTECTION AND RESTORATION AUTHORITY,Water too deep to collect porewater; Measurement depth for porewater refers to depth sampled below sediment; ,30.25476667,-89.92973334
LA39-Y7BB07,,8/4/2020,16:24,CST,,,1.40,0.500,35.30,2774.00,1.20,,,,,,,,,,,,,,,,,,,,,,,,,,COASTAL PROTECTION AND RESTORATION AUTHORITY,,30.25476667,-89.92973334
LA39-Y7BB07,,8/4/2020,16:24,CST,,,1.40,0.656,,,,,,,32.40,5032.00,2.30,,,,,,,,,,,,,,,,,,,,COASTAL PROTECTION AND RESTORATION AUTHORITY,Measurement depth for porewater refers to depth sampled below sediment; ,30.25476667,-89.92973334
LA39-Y7BB08,,5/21/2019,15:32,CST,,,2.95,0.500,31.30,987.00,0.50,,,,,,,,,,,,,,,,,,,,,,,,,,COASTAL PROTECTION AND RESTORATION AUTHORITY,,30.25690000,-89.92438333
LA39-Y7BB08,,5/21/2019,15:32,CST,,,2.95,0.656,,,,,,,,,,,,,,,,,,,,,,,,,,,,,COASTAL PROTECTION AND RESTORATION AUTHORITY,Water too deep to collect porewater; Measurement depth for porewater refers to depth sampled below sediment; ,30.25690000,-89.92438333
LA39-Y7BB08,,8/4/2020,16:38,CST,,,1.70,0.500,34.70,2526.00,1.10,,,,,,,,,,,,,,,,,,,,,,,,,,COASTAL PROTECTION AND RESTORATION AUTHORITY,,30.25690000,-89.92438333
LA39-Y7BB08,,8/4/2020,16:38,CST,,,1.70,0.656,,,,,,,,,,,,,,,,,,,,,,,,,,,,,COASTAL PROTECTION AND RESTORATION AUTHORITY,"Porewater sipper clogged, unable to collect sample; Measurement depth for porewater refers to depth sampled below sediment; ",30.25690000,-89.92438333
LA39-Y7BB09,,5/21/2019,16:09,CST,,,2.00,0.500,32.40,928.00,0.50,,,,,,,,,,,,,,,,,,,,,,,,,,COASTAL PROTECTION AND RESTORATION AUTHORITY,,30.25698334,-89.91645000
LA39-Y7BB09,,5/21/2019,16:09,CST,,,2.00,0.656,,,,,,,,,,,,,,,,,,,,,,,,,,,,,COASTAL PROTECTION AND RESTORATION AUTHORITY,Water too deep to collect porewater; Measurement depth for porewater refers to depth sampled below sediment; ,30.25698334,-89.91645000
LA39-Y7BB09,,8/4/2020,17:00,CST,,,0.90,0.500,35.70,3844.00,1.60,,,,,,,,,,,,,,,,,,,,,,,,,,COASTAL PROTECTION AND RESTORATION AUTHORITY,,30.25698334,-89.91645000
LA39-Y7BB09,,8/4/2020,17:00,CST,,,0.90,0.656,,,,,,,,,,,,,,,,,,,,,,,,,,,,,COASTAL PROTECTION AND RESTORATION AUTHORITY,"Porewater sipper clogged, unable to collect sample; Measurement depth for porewater refers to depth sampled below sediment; ",30.25698334,-89.91645000
LA39-Y7BB10,,7/3/2019,09:55,CST,,,1.86,0.500,28.50,1070.00,0.50,,,,,,,,,,,,,,,,,,,,,,,,,,COASTAL PROTECTION AND RESTORATION AUTHORITY,,30.27148333,-89.97403333
LA39-Y7BB10,,7/3/2019,09:55,CST,,,1.86,0.656,,,,,,,28.30,5817.00,3.10,,,,,,,,,,,,,,,,,,,,COASTAL PROTECTION AND RESTORATION AUTHORITY,Measurement depth for porewater refers to depth sampled below sediment; ,30.27148333,-89.97403333
LA39-Y7BB10,,8/4/2020,13:05,CST,,,1.60,0.500,34.40,2317.00,1.00,,,,,,,,,,,,,,,,,,,,,,,,,,COASTAL PROTECTION AND RESTORATION AUTHORITY,,30.27148333,-89.97403333
LA39-Y7BB10,,8/4/2020,13:05,CST,,,1.60,0.656,,,,,,,31.70,5899.00,2.80,,,,,,,,,,,,,,,,,,,,COASTAL PROTECTION AND RESTORATION AUTHORITY,Measurement depth for porewater refers to depth sampled below sediment; ,30.27148333,-89.97403333
LA39-Y7BB11,,7/3/2019,10:31,CST,,,2.40,0.500,28.60,806.00,0.40,,,,,,,,,,,,,,,,,,,,,,,,,,COASTAL PROTECTION AND RESTORATION AUTHORITY,,30.27450000,-89.97456667
LA39-Y7BB11,,7/3/2019,10:31,CST,,,2.40,0.656,,,,,,,27.90,4037.00,2.10,,,,,,,,,,,,,,,,,,,,COASTAL PROTECTION AND RESTORATION AUTHORITY,Measurement depth for porewater refers to depth sampled below sediment; ,30.27450000,-89.97456667
LA39-Y7BB11,,8/4/2020,12:37,CST,,,1.70,0.500,33.20,2362.00,1.00,,,,,,,,,,,,,,,,,,,,,,,,,,COASTAL PROTECTION AND RESTORATION AUTHORITY,,30.27450000,-89.97456667
LA39-Y7BB11,,8/4/2020,12:37,CST,,,1.70,0.656,,,,,,,31.90,6169.00,2.90,,,,,,,,,,,,,,,,,,,,COASTAL PROTECTION AND RESTORATION AUTHORITY,Measurement depth for porewater refers to depth sampled below sediment; ,30.27450000,-89.97456667
LA39-Y7BB12,,7/3/2019,11:33,CST,,,2.20,0.500,29.10,386.00,0.20,,,,,,,,,,,,,,,,,,,,,,,,,,COASTAL PROTECTION AND RESTORATION AUTHORITY,,30.28523333,-89.97670000
LA39-Y7BB12,,7/3/2019,11:33,CST,,,2.20,0.656,,,,,,,29.10,4657.00,2.50,,,,,,,,,,,,,,,,,,,,COASTAL PROTECTION AND RESTORATION AUTHORITY,Measurement depth for porewater refers to depth sampled below sediment; ,30.28523333,-89.97670000
LA39-Y7BB12,,8/4/2020,11:43,CST,,,1.60,0.500,31.80,738.00,0.30,,,,,,,,,,,,,,,,,,,,,,,,,,COASTAL PROTECTION AND RESTORATION AUTHORITY,,30.28523333,-89.97670000
LA39-Y7BB12,,8/4/2020,11:43,CST,,,1.60,0.656,,,,,,,31.70,5235.00,2.50,,,,,,,,,,,,,,,,,,,,COASTAL PROTECTION AND RESTORATION AUTHORITY,Measurement depth for porewater refers to depth sampled below sediment; ,30.28523333,-89.97670000
LA39-Y7BB13,,7/3/2019,12:42,CST,,,1.92,0.500,30.20,425.00,0.20,,,,,,,,,,,,,,,,,,,,,,,,,,COASTAL PROTECTION AND RESTORATION AUTHORITY,,30.29226667,-89.97828333
LA39-Y7BB13,,7/3/2019,12:42,CST,,,1.92,0.656,,,,,,,30.80,4411.00,2.30,,,,,,,,,,,,,,,,,,,,COASTAL PROTECTION AND RESTORATION AUTHORITY,Measurement depth for porewater refers to depth sampled below sediment; ,30.29226667,-89.97828333
LA39-Y7BB13,,8/4/2020,10:38,CST,,,1.60,0.500,30.00,542.00,0.20,,,,,,,,,,,,,,,,,,,,,,,,,,COASTAL PROTECTION AND RESTORATION AUTHORITY,,30.29226667,-89.97828333
LA39-Y7BB13,,8/4/2020,10:38,CST,,,1.60,0.656,,,,,,,30.20,3946.00,1.90,,,,,,,,,,,,,,,,,,,,COASTAL PROTECTION AND RESTORATION AUTHORITY,Measurement depth for porewater refers to depth sampled below sediment; ,30.29226667,-89.97828333
LA39-Y7BB14,,7/3/2019,13:10,CST,,,1.80,0.500,28.70,861.00,0.40,,,,,,,,,,,,,,,,,,,,,,,,,,COASTAL PROTECTION AND RESTORATION AUTHORITY,,30.29726667,-89.97665000
LA39-Y7BB14,,7/3/2019,13:10,CST,,,1.80,0.656,,,,,,,,,,,,,,,,,,,,,,,,,,,,,COASTAL PROTECTION AND RESTORATION AUTHORITY,Porewater sipper clogged; Measurement depth for porewater refers to depth sampled below sediment; ,30.29726667,-89.97665000
LA39-Y7BB14,,8/4/2020,10:12,CST,,,1.00,0.500,29.80,773.00,0.30,,,,,,,,,,,,,,,,,,,,,,,,,,COASTAL PROTECTION AND RESTORATION AUTHORITY,,30.29726667,-89.97665000
LA39-Y7BB14,,8/4/2020,10:12,CST,,,1.00,0.656,,,,,,,32.40,1883.00,0.80,,,,,,,,,,,,,,,,,,,,COASTAL PROTECTION AND RESTORATION AUTHORITY,Measurement depth for porewater refers to depth sampled below sediment; ,30.29726667,-89.97665000
LA39-Y7BB15,,7/3/2019,13:47,CST,,,2.38,0.500,30.40,786.00,0.40,,,,,,,,,,,,,,,,,,,,,,,,,,COASTAL PROTECTION AND RESTORATION AUTHORITY,,30.30770000,-89.98611667
LA39-Y7BB15,,7/3/2019,13:47,CST,,,2.38,0.656,,,,,,,29.60,3834.00,2.00,,,,,,,,,,,,,,,,,,,,COASTAL PROTECTION AND RESTORATION AUTHORITY,Measurement depth for porewater refers to depth sampled below sediment; ,30.30770000,-89.98611667
LA39-Y7BB15,,8/4/2020,09:37,CST,,,1.10,0.500,30.60,403.10,0.20,,,,,,,,,,,,,,,,,,,,,,,,,,COASTAL PROTECTION AND RESTORATION AUTHORITY,,30.30770000,-89.98611667
LA39-Y7BB15,,8/4/2020,09:37,CST,,,1.10,0.656,,,,,,,32.00,2406.00,1.10,,,,,,,,,,,,,,,,,,,,COASTAL PROTECTION AND RESTORATION AUTHORITY,Measurement depth for porewater refers to depth sampled below sediment; ,30.30770000,-89.98611667

