CPRA Station ID,Original Collector Station ID,Date (mm/dd/yyyy),Time (hh:mm),Time Zone,Staff Gauge (ft),Geoid,Station Depth (ft),Measurement Depth (ft),Water Temperature (�C),Specific Conductance (uS/cm),Salinity (ppt),Dissolved Oxygen (mg/L),pH (pH units),Velocity (ft/sec),Soil Porewater Temperature (�C),Soil Porewater Specific Conductance (uS/cm),Soil Porewater Salinity (ppt),Turbidity (FNU),Chlorophyll a (ug/L),Total Nitrogen (mg/L),Total Kjeldahl Nitrogen (mg/L),Nitrate as N (mg/L),Nitrite as N (mg/L),Nitrate+Nitrite as N (unfiltered; mg/L),Nitrate+Nitrite as N (filtered; mg/L),Ammonium as N (unfiltered; mg/L),Ammonium as N (filtered; mg/L),Total Phosphorus (mg/L),Orthophosphate as P (unfiltered; mg/L),Orthophosphate as P (filtered; mg/L),Silica (unfiltered; mg/L),Silica (filtered; mg/L),Total Suspended Solids (mg/L),Volatile Suspended Solids (mg/L),Secchi (ft),Fecal Coliform (MPN/100ml),Organization Name,Comments,Latitude,Longitude
CRMS2634-P01,,2/28/2008,16:08,CST,,,,,,,,,,,,,,,,,,,,,,,,,,,,,,,,,COASTAL ESTUARY SERVICES LLC,,29.23103519,-89.25938076
CRMS2634-P01,,3/25/2008,14:58,CST,,,,,,,,,,,,,,,,,,,,,,,,,,,,,,,,,COASTAL ESTUARY SERVICES LLC,,29.23103519,-89.25938076
CRMS2634-P01,,4/23/2008,08:25,CST,,,,,,,,,,,,,,,,,,,,,,,,,,,,,,,,,COASTAL ESTUARY SERVICES LLC,,29.23103519,-89.25938076
CRMS2634-P01,,5/22/2008,12:19,CST,,,,0.328,,,,,,,21.80,878.00,0.40,,,,,,,,,,,,,,,,,,,,COASTAL ESTUARY SERVICES LLC,,29.23103519,-89.25938076
CRMS2634-P01,,5/22/2008,12:19,CST,,,,0.984,,,,,,,23.10,2238.00,1.10,,,,,,,,,,,,,,,,,,,,COASTAL ESTUARY SERVICES LLC,,29.23103519,-89.25938076
CRMS2634-P01,,6/25/2008,08:03,CST,,,,,,,,,,,,,,,,,,,,,,,,,,,,,,,,,COASTAL ESTUARY SERVICES LLC,,29.23103519,-89.25938076
CRMS2634-P01,,7/22/2008,13:17,CST,,,,0.328,,,,,,,29.80,2244.00,1.10,,,,,,,,,,,,,,,,,,,,COASTAL ESTUARY SERVICES LLC,,29.23103519,-89.25938076
CRMS2634-P01,,8/20/2008,15:16,CST,,,,,,,,,,,,,,,,,,,,,,,,,,,,,,,,,COASTAL ESTUARY SERVICES LLC,,29.23103519,-89.25938076
CRMS2634-P01,,9/25/2008,16:01,CST,,,,0.328,,,,,,,26.50,3223.00,1.70,,,,,,,,,,,,,,,,,,,,COASTAL ESTUARY SERVICES LLC,,29.23103519,-89.25938076
CRMS2634-P01,,10/29/2008,11:45,CST,,,,0.328,,,,,,,21.10,5730.00,3.10,,,,,,,,,,,,,,,,,,,,COASTAL ESTUARY SERVICES LLC,,29.23103519,-89.25938076
CRMS2634-P01,,10/29/2008,11:45,CST,,,,0.984,,,,,,,21.30,4560.00,2.50,,,,,,,,,,,,,,,,,,,,COASTAL ESTUARY SERVICES LLC,,29.23103519,-89.25938076
CRMS2634-P01,,11/19/2008,16:47,CST,,,,,,,,,,,,,,,,,,,,,,,,,,,,,,,,,COASTAL ESTUARY SERVICES LLC,,29.23103519,-89.25938076
CRMS2634-P01,,1/29/2009,13:50,CST,,,,,,,,,,,,,,,,,,,,,,,,,,,,,,,,,COASTAL ESTUARY SERVICES LLC,,29.23103519,-89.25938076
CRMS2634-P01,,4/1/2009,14:50,CST,,,,,,,,,,,,,,,,,,,,,,,,,,,,,,,,,COASTAL ESTUARY SERVICES LLC,,29.23103519,-89.25938076
CRMS2634-P01,,4/22/2009,14:40,CST,,,,,,,,,,,,,,,,,,,,,,,,,,,,,,,,,COASTAL ESTUARY SERVICES LLC,,29.23103519,-89.25938076
CRMS2634-P01,,5/27/2009,16:05,CST,,,,,,,,,,,,,,,,,,,,,,,,,,,,,,,,,COASTAL ESTUARY SERVICES LLC,,29.23103519,-89.25938076
CRMS2634-P01,,6/24/2009,13:28,CST,,,,,,,,,,,,,,,,,,,,,,,,,,,,,,,,,COASTAL ESTUARY SERVICES LLC,,29.23103519,-89.25938076
CRMS2634-P01,,8/12/2009,08:02,CST,,,,,,,,,,,,,,,,,,,,,,,,,,,,,,,,,COASTAL ESTUARY SERVICES LLC,,29.23103519,-89.25938076
CRMS2634-P01,,9/16/2009,09:40,CST,,,,0.328,,,,,,,28.30,3216.00,1.70,,,,,,,,,,,,,,,,,,,,COASTAL ESTUARY SERVICES LLC,,29.23103519,-89.25938076
CRMS2634-P01,,3/16/2010,17:05,CST,,,,,,,,,,,,,,,,,,,,,,,,,,,,,,,,,COASTAL ESTUARY SERVICES LLC,,29.23103519,-89.25938076
CRMS2634-P01,,4/28/2010,09:20,CST,,,,,,,,,,,,,,,,,,,,,,,,,,,,,,,,,COASTAL ESTUARY SERVICES LLC,,29.23103519,-89.25938076
CRMS2634-P01,,5/18/2010,15:15,CST,,,,,,,,,,,,,,,,,,,,,,,,,,,,,,,,,COASTAL ESTUARY SERVICES LLC,,29.23103519,-89.25938076
CRMS2634-P01,,6/24/2010,13:30,CST,,,,0.328,,,,,,,34.30,7460.00,4.10,,,,,,,,,,,,,,,,,,,,COASTAL ESTUARY SERVICES LLC,,29.23103519,-89.25938076
CRMS2634-P01,,7/14/2010,10:15,CST,,,,0.328,,,,,,,31.60,404.00,0.20,,,,,,,,,,,,,,,,,,,,COASTAL ESTUARY SERVICES LLC,,29.23103519,-89.25938076
CRMS2634-P01,,8/18/2010,14:40,CST,,,,,,,,,,,,,,,,,,,,,,,,,,,,,,,,,COASTAL ESTUARY SERVICES LLC,,29.23103519,-89.25938076
CRMS2634-P01,,10/6/2010,14:21,CST,,,,0.984,,,,,,,25.90,4255.00,2.30,,,,,,,,,,,,,,,,,,,,COASTAL ESTUARY SERVICES LLC,,29.23103519,-89.25938076
CRMS2634-P01,,11/9/2010,09:55,CST,,,,,,,,,,,,,,,,,,,,,,,,,,,,,,,,,COASTAL ESTUARY SERVICES LLC,,29.23103519,-89.25938076
CRMS2634-P01,,12/8/2010,15:49,CST,,,,0.328,,,,,,,10.50,4770.00,2.60,,,,,,,,,,,,,,,,,,,,COASTAL ESTUARY SERVICES LLC,,29.23103519,-89.25938076
CRMS2634-P01,,1/18/2011,14:00,CST,,,,,,,,,,,,,,,,,,,,,,,,,,,,,,,,,COASTAL ESTUARY SERVICES LLC,,29.23103519,-89.25938076
CRMS2634-P01,,2/22/2011,12:58,CST,,,,,,,,,,,,,,,,,,,,,,,,,,,,,,,,,COASTAL ESTUARY SERVICES LLC,,29.23103519,-89.25938076
CRMS2634-P01,,3/23/2011,10:48,CST,,,,,,,,,,,,,,,,,,,,,,,,,,,,,,,,,COASTAL ESTUARY SERVICES LLC,,29.23103519,-89.25938076
CRMS2634-P01,,4/20/2011,10:10,CST,,,,0.984,,,,,,,22.10,3251.00,1.60,,,,,,,,,,,,,,,,,,,,COASTAL ESTUARY SERVICES LLC,,29.23103519,-89.25938076
CRMS2634-P01,,6/21/2011,08:02,CST,,,,,,,,,,,,,,,,,,,,,,,,,,,,,,,,,COASTAL ESTUARY SERVICES LLC,,29.23103519,-89.25938076
CRMS2634-P01,,7/19/2011,12:30,CST,,,,,,,,,,,,,,,,,,,,,,,,,,,,,,,,,COASTAL ESTUARY SERVICES LLC,,29.23103519,-89.25938076
CRMS2634-P01,,9/14/2011,17:40,CST,,,,,,,,,,,,,,,,,,,,,,,,,,,,,,,,,COASTAL ESTUARY SERVICES LLC,,29.23103519,-89.25938076
CRMS2634-P01,,11/1/2011,12:20,CST,,,,0.328,,,,,,,24.80,2441.00,1.30,,,,,,,,,,,,,,,,,,,,COASTAL ESTUARY SERVICES LLC,,29.23103519,-89.25938076
CRMS2634-P01,,12/13/2011,13:50,CST,,,,,,,,,,,,,,,,,,,,,,,,,,,,,,,,,COASTAL ESTUARY SERVICES LLC,,29.23103519,-89.25938076
CRMS2634-P01,,1/24/2012,12:30,CST,,,,,,,,,,,,,,,,,,,,,,,,,,,,,,,,,COASTAL ESTUARY SERVICES LLC,,29.23103519,-89.25938076
CRMS2634-P01,,2/14/2012,09:20,CST,,,,,,,,,,,,,,,,,,,,,,,,,,,,,,,,,COASTAL ESTUARY SERVICES LLC,,29.23103519,-89.25938076
CRMS2634-P01,,3/27/2012,13:40,CST,,,,,,,,,,,,,,,,,,,,,,,,,,,,,,,,,COASTAL ESTUARY SERVICES LLC,,29.23103519,-89.25938076
CRMS2634-P01,,4/23/2012,14:34,CST,,,,,,,,,,,,,,,,,,,,,,,,,,,,,,,,,COASTAL ESTUARY SERVICES LLC,,29.23103519,-89.25938076
CRMS2634-P01,,5/22/2012,12:07,CST,,,,,,,,,,,,,,,,,,,,,,,,,,,,,,,,,COASTAL ESTUARY SERVICES LLC,,29.23103519,-89.25938076
CRMS2634-P01,,7/24/2012,10:05,CST,,,,,,,,,,,,,,,,,,,,,,,,,,,,,,,,,COASTAL ESTUARY SERVICES LLC,,29.23103519,-89.25938076
CRMS2634-P01,,9/19/2012,11:30,CST,,,,,,,,,,,,,,,,,,,,,,,,,,,,,,,,,COASTAL ESTUARY SERVICES LLC,,29.23103519,-89.25938076
CRMS2634-P01,,10/9/2012,12:30,CST,,,,,,,,,,,,,,,,,,,,,,,,,,,,,,,,,COASTAL ESTUARY SERVICES LLC,,29.23103519,-89.25938076
CRMS2634-P01,,2/4/2013,15:00,CST,,,,0.328,,,,,,,15.40,5220.00,2.80,,,,,,,,,,,,,,,,,,,,COASTAL ESTUARY SERVICES LLC,clogged @ 30cm,29.23103519,-89.25938076
CRMS2634-P01,,3/19/2013,13:40,CST,,,,0.328,,,,,,,19.10,1128.00,0.60,,,,,,,,,,,,,,,,,,,,COASTAL ESTUARY SERVICES LLC,,29.23103519,-89.25938076
CRMS2634-P01,,3/19/2013,13:40,CST,,,,0.984,,,,,,,18.50,6620.00,3.60,,,,,,,,,,,,,,,,,,,,COASTAL ESTUARY SERVICES LLC,,29.23103519,-89.25938076
CRMS2634-P01,,4/23/2013,12:15,CST,,,,,,,,,,,,,,,,,,,,,,,,,,,,,,,,,COASTAL ESTUARY SERVICES LLC,Unable to collect pore water after multiple attempts at 10 and 30cm; Clogging,29.23103519,-89.25938076
CRMS2634-P01,,5/21/2013,12:20,CST,,,,0.328,,,,,,,24.60,4030.00,2.10,,,,,,,,,,,,,,,,,,,,COASTAL ESTUARY SERVICES LLC,,29.23103519,-89.25938076
CRMS2634-P01,,5/21/2013,12:20,CST,,,,0.984,,,,,,,23.80,5710.00,3.10,,,,,,,,,,,,,,,,,,,,COASTAL ESTUARY SERVICES LLC,,29.23103519,-89.25938076
CRMS2634-P01,,6/18/2013,12:00,CST,,,,,,,,,,,,,,,,,,,,,,,,,,,,,,,,,COASTAL ESTUARY SERVICES LLC,PW clogging after multiple attempts at 10cm and 30cm,29.23103519,-89.25938076
CRMS2634-P01,,7/15/2013,10:15,CST,,,,,,,,,,,,,,,,,,,,,,,,,,,,,,,,,COASTAL ESTUARY SERVICES LLC,10 cm and 30 cm clogged,29.23103519,-89.25938076
CRMS2634-P01,,9/18/2013,12:00,CST,,,,,,,,,,,,,,,,,,,,,,,,,,,,,,,,,COASTAL ESTUARY SERVICES LLC,Sipper clogged for 10cm and 30cm measurements.,29.23103519,-89.25938076
CRMS2634-P01,,10/29/2013,09:10,CST,,,,0.328,,,,,,,23.70,7150.00,3.90,,,,,,,,,,,,,,,,,,,,COASTAL ESTUARY SERVICES LLC,,29.23103519,-89.25938076
CRMS2634-P01,,10/29/2013,09:10,CST,,,,0.984,,,,,,,25.80,7175.00,3.90,,,,,,,,,,,,,,,,,,,,COASTAL ESTUARY SERVICES LLC,,29.23103519,-89.25938076
CRMS2634-P01,,3/17/2014,15:00,CST,,,,0.328,,,,,,,13.70,728.00,0.40,,,,,,,,,,,,,,,,,,,,COASTAL ESTUARY SERVICES LLC,,29.23103519,-89.25938076
CRMS2634-P01,,4/23/2014,10:00,CST,,,,0.328,,,,,,,20.10,1704.00,0.90,,,,,,,,,,,,,,,,,,,,COASTAL ESTUARY SERVICES LLC,30cm clogging,29.23103519,-89.25938076
CRMS2634-P01,,5/20/2014,11:30,CST,,,,,,,,,,,,,,,,,,,,,,,,,,,,,,,,,COASTAL ESTUARY SERVICES LLC,Clogged at 10cm and 30cm readings,29.23103519,-89.25938076
CRMS2634-P01,,7/16/2014,09:00,CST,,,,,,,,,,,,,,,,,,,,,,,,,,,,,,,,,COASTAL ESTUARY SERVICES LLC,Clogged at 30 cm and 10 cm,29.23103519,-89.25938076
CRMS2634-P01,,9/4/2014,09:15,CST,,,,,,,,,,,,,,,,,,,,,,,,,,,,,,,,,COASTAL ESTUARY SERVICES LLC,Clogged @ 10 and 30 cm,29.23103519,-89.25938076
CRMS2634-P01,,10/6/2014,12:35,CST,,,,0.984,,,,,,,27.20,3726.00,2.00,,,,,,,,,,,,,,,,,,,,COASTAL ESTUARY SERVICES LLC,clogged at 10 cm,29.23103519,-89.25938076
CRMS2634-P01,,3/30/2015,12:10,CST,,,,,,,,,,,,,,,,,,,,,,,,,,,,,,,,,COASTAL ESTUARY SERVICES LLC,clogged @ 10cm & 30cm,29.23103519,-89.25938076
CRMS2634-P01,,7/8/2015,09:20,CST,,,,,,,,,,,,,,,,,,,,,,,,,,,,,,,,,COASTAL ESTUARY SERVICES LLC,clogged at 10 cm and 30cm,29.23103519,-89.25938076
CRMS2634-P01,,10/6/2015,10:00,CST,,,,0.328,,,,,,,27.90,5470.00,2.90,,,,,,,,,,,,,,,,,,,,COASTAL ESTUARY SERVICES LLC,10 cm clogged,29.23103519,-89.25938076
CRMS2634-P01,,2/29/2016,14:00,CST,,,,0.984,,,,,,,22.10,2600.00,1.40,,,,,,,,,,,,,,,,,,,,COASTAL ESTUARY SERVICES LLC,Clogged at 10 cm; fine silt,29.23103519,-89.25938076
CRMS2634-P01,,5/11/2016,13:20,CST,,,,,,,,,,,,,,,,,,,,,,,,,,,,,,,,,COASTAL ESTUARY SERVICES LLC,Clogged at 10 cm and 30 cm readings,29.23103519,-89.25938076
CRMS2634-P01,,6/8/2016,09:10,CST,,,,,,,,,,,,,,,,,,,,,,,,,,,,,,,,,COASTAL ESTUARY SERVICES LLC,clogged at 10cm and 30cm,29.23103519,-89.25938076
CRMS2634-P01,,8/9/2016,11:00,CST,,,,,,,,,,,,,,,,,,,,,,,,,,,,,,,,,COASTAL ESTUARY SERVICES LLC,Clogged at 10cm and 30cm ,29.23103519,-89.25938076
CRMS2634-P01,,9/28/2016,10:50,CST,,,,0.328,,,,,,,,,,,,,,,,,,,,,,,,,,,,,COASTAL ESTUARY SERVICES LLC,Sipper clogged at 10 and 30 cm,29.23103519,-89.25938076
CRMS2634-P01,,9/28/2016,10:50,CST,,,,0.984,,,,,,,,,,,,,,,,,,,,,,,,,,,,,COASTAL ESTUARY SERVICES LLC,Sipper clogged at 10 and 30 cm,29.23103519,-89.25938076
CRMS2634-P01,,12/20/2016,09:27,CST,,,,0.328,,,,,,,,,,,,,,,,,,,,,,,,,,,,,COASTAL ESTUARY SERVICES LLC,Sipper clogged for 10cm and 30cm measurements.,29.23103519,-89.25938076
CRMS2634-P01,,12/20/2016,09:27,CST,,,,0.984,,,,,,,,,,,,,,,,,,,,,,,,,,,,,COASTAL ESTUARY SERVICES LLC,Sipper clogged for 10cm and 30cm measurements.,29.23103519,-89.25938076
CRMS2634-P01,,1/24/2017,13:25,CST,,,,0.328,,,,,,,,,,,,,,,,,,,,,,,,,,,,,COASTAL ESTUARY SERVICES LLC,Clogged,29.23103519,-89.25938076
CRMS2634-P01,,1/24/2017,13:25,CST,,,,0.984,,,,,,,19.60,1792.00,0.90,,,,,,,,,,,,,,,,,,,,COASTAL ESTUARY SERVICES LLC,,29.23103519,-89.25938076
CRMS2634-P01,,3/14/2017,15:00,CST,,,,0.328,,,,,,,17.50,3938.00,2.10,,,,,,,,,,,,,,,,,,,,COASTAL ESTUARY SERVICES LLC,,29.23103519,-89.25938076
CRMS2634-P01,,3/14/2017,15:00,CST,,,,0.984,,,,,,,17.40,4948.00,2.70,,,,,,,,,,,,,,,,,,,,COASTAL ESTUARY SERVICES LLC,,29.23103519,-89.25938076
CRMS2634-P01,,4/25/2017,11:35,CST,,,,0.328,,,,,,,21.90,4213.00,2.20,,,,,,,,,,,,,,,,,,,,COASTAL ESTUARY SERVICES LLC,,29.23103519,-89.25938076
CRMS2634-P01,,4/25/2017,11:35,CST,,,,0.984,,,,,,,,,,,,,,,,,,,,,,,,,,,,,COASTAL ESTUARY SERVICES LLC,clogged,29.23103519,-89.25938076
CRMS2634-P01,,5/24/2017,13:40,CST,,,,0.328,,,,,,,22.80,3476.00,1.80,,,,,,,,,,,,,,,,,,,,COASTAL ESTUARY SERVICES LLC,,29.23103519,-89.25938076
CRMS2634-P01,,5/24/2017,13:40,CST,,,,0.984,,,,,,,22.90,4965.00,2.70,,,,,,,,,,,,,,,,,,,,COASTAL ESTUARY SERVICES LLC,,29.23103519,-89.25938076
CRMS2634-P01,,6/26/2017,12:50,CST,,,,0.328,,,,,,,27.40,1509.00,0.80,,,,,,,,,,,,,,,,,,,,COASTAL ESTUARY SERVICES LLC,,29.23103519,-89.25938076
CRMS2634-P01,,6/26/2017,12:50,CST,,,,0.984,,,,,,,28.30,1408.00,0.70,,,,,,,,,,,,,,,,,,,,COASTAL ESTUARY SERVICES LLC,,29.23103519,-89.25938076
CRMS2634-P01,,7/19/2017,12:30,CST,,,,0.328,,,,,,,32.00,3759.00,2.00,,,,,,,,,,,,,,,,,,,,COASTAL ESTUARY SERVICES LLC,,29.23103519,-89.25938076
CRMS2634-P01,,7/19/2017,12:30,CST,,,,0.984,,,,,,,,,,,,,,,,,,,,,,,,,,,,,COASTAL ESTUARY SERVICES LLC,Clogged at 30cm,29.23103519,-89.25938076
CRMS2634-P01,,8/23/2017,08:35,CST,,,,0.328,,,,,,,28.60,1082.00,0.50,,,,,,,,,,,,,,,,,,,,COASTAL ESTUARY SERVICES LLC,,29.23103519,-89.25938076
CRMS2634-P01,,8/23/2017,08:35,CST,,,,0.984,,,,,,,28.70,1852.00,0.90,,,,,,,,,,,,,,,,,,,,COASTAL ESTUARY SERVICES LLC,,29.23103519,-89.25938076
CRMS2634-P01,,10/11/2017,13:00,CST,,,,0.328,,,,,,,29.90,9400.00,5.20,,,,,,,,,,,,,,,,,,,,COASTAL ESTUARY SERVICES LLC,,29.23103519,-89.25938076
CRMS2634-P01,,10/11/2017,13:00,CST,,,,0.984,,,,,,,29.70,9500.00,5.30,,,,,,,,,,,,,,,,,,,,COASTAL ESTUARY SERVICES LLC,,29.23103519,-89.25938076
CRMS2634-P01,,11/28/2017,13:15,CST,,,,0.328,,,,,,,,,,,,,,,,,,,,,,,,,,,,,COASTAL ESTUARY SERVICES LLC,Dry,29.23103519,-89.25938076
CRMS2634-P01,,11/28/2017,13:15,CST,,,,0.984,,,,,,,,,,,,,,,,,,,,,,,,,,,,,COASTAL ESTUARY SERVICES LLC,Dry,29.23103519,-89.25938076
CRMS2634-P01,,2/5/2018,13:25,CST,,,,0.328,,,,,,,,,,,,,,,,,,,,,,,,,,,,,COASTAL ESTUARY SERVICES LLC,clogged,29.23103519,-89.25938076
CRMS2634-P01,,2/5/2018,13:25,CST,,,,0.984,,,,,,,19.10,5820.00,3.20,,,,,,,,,,,,,,,,,,,,COASTAL ESTUARY SERVICES LLC,,29.23103519,-89.25938076
CRMS2634-P01,,3/6/2018,11:10,CST,,,,0.328,,,,,,,,,,,,,,,,,,,,,,,,,,,,,COASTAL ESTUARY SERVICES LLC,Clogged at 10cm,29.23103519,-89.25938076
CRMS2634-P01,,3/6/2018,11:10,CST,,,,0.984,,,,,,,17.30,9400.00,5.30,,,,,,,,,,,,,,,,,,,,COASTAL ESTUARY SERVICES LLC,,29.23103519,-89.25938076
CRMS2634-P01,,4/30/2018,12:50,CST,,,,0.328,,,,,,,22.80,3541.00,1.90,,,,,,,,,,,,,,,,,,,,COASTAL ESTUARY SERVICES LLC,,29.23103519,-89.25938076
CRMS2634-P01,,4/30/2018,12:50,CST,,,,0.984,,,,,,,,,,,,,,,,,,,,,,,,,,,,,COASTAL ESTUARY SERVICES LLC,clogged,29.23103519,-89.25938076
CRMS2634-P01,,6/5/2018,10:10,CST,,,,0.328,,,,,,,29.90,2971.00,1.50,,,,,,,,,,,,,,,,,,,,COASTAL ESTUARY SERVICES LLC,,29.23103519,-89.25938076
CRMS2634-P01,,6/5/2018,10:10,CST,,,,0.984,,,,,,,27.10,3849.00,2.00,,,,,,,,,,,,,,,,,,,,COASTAL ESTUARY SERVICES LLC,,29.23103519,-89.25938076
CRMS2634-P01,,7/25/2018,12:45,CST,,,,0.328,,,,,,,30.10,3357.00,1.70,,,,,,,,,,,,,,,,,,,,COASTAL ESTUARY SERVICES LLC,Depth of water on marsh = 0.5ft,29.23103519,-89.25938076
CRMS2634-P01,,7/25/2018,12:45,CST,,,,0.984,,,,,,,28.80,4546.00,2.40,,,,,,,,,,,,,,,,,,,,COASTAL ESTUARY SERVICES LLC,Depth of water on marsh = 0.5ft,29.23103519,-89.25938076
CRMS2634-P01,,8/27/2018,11:50,CST,,,,0.328,,,,,,,29.00,3747.00,2.00,,,,,,,,,,,,,,,,,,,,COASTAL ESTUARY SERVICES LLC,,29.23103519,-89.25938076
CRMS2634-P01,,8/27/2018,11:50,CST,,,,0.984,,,,,,,,,,,,,,,,,,,,,,,,,,,,,COASTAL ESTUARY SERVICES LLC,Clogged at 30 cm.,29.23103519,-89.25938076
CRMS2634-P01,,10/16/2018,15:00,CST,,,,0.328,,,,,,,28.20,7290.00,4.00,,,,,,,,,,,,,,,,,,,,COASTAL ESTUARY SERVICES LLC,,29.23103519,-89.25938076
CRMS2634-P01,,10/16/2018,15:00,CST,,,,0.984,,,,,,,29.10,4940.00,2.60,,,,,,,,,,,,,,,,,,,,COASTAL ESTUARY SERVICES LLC,,29.23103519,-89.25938076
CRMS2634-P01,,2/14/2019,11:30,CST,,,,0.328,,,,,,,17.10,3775.00,2.00,,,,,,,,,,,,,,,,,,,,COASTAL ESTUARY SERVICES LLC,,29.23103519,-89.25938076
CRMS2634-P01,,2/14/2019,11:30,CST,,,,0.984,,,,,,,,,,,,,,,,,,,,,,,,,,,,,COASTAL ESTUARY SERVICES LLC,clogged,29.23103519,-89.25938076
CRMS2634-P01,,4/3/2019,09:10,CST,,,,0.328,,,,,,,,,,,,,,,,,,,,,,,,,,,,,COASTAL ESTUARY SERVICES LLC,clogged,29.23103519,-89.25938076
CRMS2634-P01,,4/3/2019,09:10,CST,,,,0.984,,,,,,,17.70,3255.00,1.70,,,,,,,,,,,,,,,,,,,,COASTAL ESTUARY SERVICES LLC,,29.23103519,-89.25938076
CRMS2634-P01,,5/6/2019,14:15,CST,,,,0.328,,,,,,,22.20,3499.00,1.90,,,,,,,,,,,,,,,,,,,,COASTAL ESTUARY SERVICES LLC,,29.23103519,-89.25938076
CRMS2634-P01,,5/6/2019,14:15,CST,,,,0.984,,,,,,,23.30,5308.00,2.90,,,,,,,,,,,,,,,,,,,,COASTAL ESTUARY SERVICES LLC,,29.23103519,-89.25938076
CRMS2634-P01,,6/10/2019,13:36,CST,,,,0.328,,,,,,,27.40,1598.00,0.80,,,,,,,,,,,,,,,,,,,,COASTAL ESTUARY SERVICES LLC,,29.23103519,-89.25938076
CRMS2634-P01,,6/10/2019,13:36,CST,,,,0.984,,,,,,,25.70,1843.00,0.90,,,,,,,,,,,,,,,,,,,,COASTAL ESTUARY SERVICES LLC,,29.23103519,-89.25938076
CRMS2634-P01,,9/5/2019,09:45,CST,,,,0.328,,,,,,,30.60,1021.00,0.50,,,,,,,,,,,,,,,,,,,,COASTAL ESTUARY SERVICES LLC,,29.23103519,-89.25938076
CRMS2634-P01,,9/5/2019,09:45,CST,,,,0.984,,,,,,,31.30,1383.00,0.70,,,,,,,,,,,,,,,,,,,,COASTAL ESTUARY SERVICES LLC,,29.23103519,-89.25938076
CRMS2634-P01,,10/8/2019,12:00,CST,,,,0.328,,,,,,,28.30,1659.00,0.80,,,,,,,,,,,,,,,,,,,,COASTAL ESTUARY SERVICES LLC,,29.23103519,-89.25938076
CRMS2634-P01,,10/8/2019,12:00,CST,,,,0.984,,,,,,,28.40,3623.00,1.90,,,,,,,,,,,,,,,,,,,,COASTAL ESTUARY SERVICES LLC,,29.23103519,-89.25938076
CRMS2634-P01,,11/18/2019,16:00,CST,,,,0.328,,,,,,,,,,,,,,,,,,,,,,,,,,,,,COASTAL ESTUARY SERVICES LLC,Clogged,29.23103519,-89.25938076
CRMS2634-P01,,11/18/2019,16:00,CST,,,,0.984,,,,,,,,,,,,,,,,,,,,,,,,,,,,,COASTAL ESTUARY SERVICES LLC,Clogged,29.23103519,-89.25938076
CRMS2634-P01,,1/7/2020,11:30,CST,0.80,GEOID12A,,0.328,,,,,,,16.00,1159.00,0.60,,,,,,,,,,,,,,,,,,,,COASTAL ESTUARY SERVICES LLC,Water depth on marsh: ,29.23103519,-89.25938076
CRMS2634-P01,,1/7/2020,11:30,CST,0.80,GEOID12A,,0.984,,,,,,,15.60,1275.00,0.60,,,,,,,,,,,,,,,,,,,,COASTAL ESTUARY SERVICES LLC,Water depth on marsh: ,29.23103519,-89.25938076
CRMS2634-P01,,2/10/2020,13:30,CST,1.48,GEOID12A,,0.328,,,,,,,16.60,2266.00,1.20,,,,,,,,,,,,,,,,,,,,COASTAL ESTUARY SERVICES LLC,Marsh Not Flooded,29.23103519,-89.25938076
CRMS2634-P01,,2/10/2020,13:30,CST,1.48,GEOID12A,,0.984,,,,,,,18.60,2588.00,1.30,,,,,,,,,,,,,,,,,,,,COASTAL ESTUARY SERVICES LLC,Marsh Not Flooded,29.23103519,-89.25938076
CRMS2634-P01,,5/5/2020,01:05,CST,2.06,GEOID12A,,0.328,,,,,,,24.50,4178.00,2.20,,,,,,,,,,,,,,,,,,,,COASTAL ESTUARY SERVICES LLC,Water depth on marsh: 0.6 ft,29.23103519,-89.25938076
CRMS2634-P01,,5/5/2020,01:05,CST,2.06,GEOID12A,,0.984,,,,,,,22.60,4844.00,2.60,,,,,,,,,,,,,,,,,,,,COASTAL ESTUARY SERVICES LLC,Water depth on marsh: 0.6 ft,29.23103519,-89.25938076
CRMS2634-P01,,6/17/2020,13:55,CST,2.21,GEOID12A,,0.328,,,,,,,,,,,,,,,,,,,,,,,,,,,,,COASTAL ESTUARY SERVICES LLC,clogged,29.23103519,-89.25938076
CRMS2634-P01,,6/17/2020,13:55,CST,2.21,GEOID12A,,0.984,,,,,,,25.70,2824.00,1.50,,,,,,,,,,,,,,,,,,,,COASTAL ESTUARY SERVICES LLC,,29.23103519,-89.25938076
CRMS2634-P01,,8/4/2020,11:55,CST,1.55,GEOID12A,,0.328,,,,,,,32.70,1672.00,0.80,,,,,,,,,,,,,,,,,,,,COASTAL ESTUARY SERVICES LLC,Marsh Not Flooded,29.23103519,-89.25938076
CRMS2634-P01,,8/4/2020,11:55,CST,1.55,GEOID12A,,0.984,,,,,,,,,,,,,,,,,,,,,,,,,,,,,COASTAL ESTUARY SERVICES LLC,Marsh Not Flooded; Dry for 10cm,29.23103519,-89.25938076
CRMS2634-P01,,9/30/2020,13:57,CST,1.47,GEOID12A,,0.328,,,,,,,27.70,4656.00,2.50,,,,,,,,,,,,,,,,,,,,COASTAL ESTUARY SERVICES LLC,Water depth on marsh: 0.1 ft,29.23103519,-89.25938076
CRMS2634-P01,,9/30/2020,13:57,CST,1.47,GEOID12A,,0.984,,,,,,,24.90,4582.00,2.40,,,,,,,,,,,,,,,,,,,,COASTAL ESTUARY SERVICES LLC,Water depth on marsh: 0.1 ft,29.23103519,-89.25938076
CRMS2634-P01,,3/15/2021,14:20,CST,1.32,GEOID12A,,0.328,,,,,,,22.50,6394.00,3.50,,,,,,,,,,,,,,,,,,,,COASTAL ESTUARY SERVICES LLC,Marsh Not Flooded,29.23103519,-89.25938076
CRMS2634-P01,,3/15/2021,14:20,CST,1.32,GEOID12A,,0.984,,,,,,,25.20,7601.00,4.20,,,,,,,,,,,,,,,,,,,,COASTAL ESTUARY SERVICES LLC,Marsh Not Flooded,29.23103519,-89.25938076
CRMS2634-P01,,3/30/2021,11:57,CST,1.74,GEOID12A,,0.328,,,,,,,23.80,4370.00,2.30,,,,,,,,,,,,,,,,,,,,COASTAL ESTUARY SERVICES LLC,Water depth on marsh: 0.1 ft,29.23103519,-89.25938076
CRMS2634-P01,,3/30/2021,11:57,CST,1.74,GEOID12A,,0.984,,,,,,,23.00,5024.00,2.70,,,,,,,,,,,,,,,,,,,,COASTAL ESTUARY SERVICES LLC,Water depth on marsh: 0.1 ft,29.23103519,-89.25938076
CRMS2634-P01,,6/8/2021,15:23,CST,,,,0.328,,,,,,,31.40,3752.00,2.00,,,,,,,,,,,,,,,,,,,,COASTAL ESTUARY SERVICES LLC,Marsh Not Flooded; SG not collected,29.23103519,-89.25938076
CRMS2634-P01,,6/8/2021,15:23,CST,,,,0.984,,,,,,,29.90,5964.00,3.20,,,,,,,,,,,,,,,,,,,,COASTAL ESTUARY SERVICES LLC,Marsh Not Flooded; SG not collected,29.23103519,-89.25938076
CRMS2634-P02,,2/28/2008,16:08,CST,,,,,,,,,,,,,,,,,,,,,,,,,,,,,,,,,COASTAL ESTUARY SERVICES LLC,,29.23103519,-89.25938076
CRMS2634-P02,,3/25/2008,14:58,CST,,,,,,,,,,,,,,,,,,,,,,,,,,,,,,,,,COASTAL ESTUARY SERVICES LLC,,29.23103519,-89.25938076
CRMS2634-P02,,4/23/2008,08:25,CST,,,,,,,,,,,,,,,,,,,,,,,,,,,,,,,,,COASTAL ESTUARY SERVICES LLC,,29.23103519,-89.25938076
CRMS2634-P02,,5/22/2008,12:19,CST,,,,0.984,,,,,,,22.40,3897.00,2.10,,,,,,,,,,,,,,,,,,,,COASTAL ESTUARY SERVICES LLC,,29.23103519,-89.25938076
CRMS2634-P02,,6/25/2008,08:03,CST,,,,,,,,,,,,,,,,,,,,,,,,,,,,,,,,,COASTAL ESTUARY SERVICES LLC,,29.23103519,-89.25938076
CRMS2634-P02,,7/22/2008,13:17,CST,,,,0.328,,,,,,,29.70,2258.00,1.10,,,,,,,,,,,,,,,,,,,,COASTAL ESTUARY SERVICES LLC,,29.23103519,-89.25938076
CRMS2634-P02,,8/20/2008,15:16,CST,,,,,,,,,,,,,,,,,,,,,,,,,,,,,,,,,COASTAL ESTUARY SERVICES LLC,,29.23103519,-89.25938076
CRMS2634-P02,,9/25/2008,16:01,CST,,,,0.328,,,,,,,26.80,3291.00,1.70,,,,,,,,,,,,,,,,,,,,COASTAL ESTUARY SERVICES LLC,,29.23103519,-89.25938076
CRMS2634-P02,,10/29/2008,11:45,CST,,,,0.328,,,,,,,19.80,5290.00,2.90,,,,,,,,,,,,,,,,,,,,COASTAL ESTUARY SERVICES LLC,,29.23103519,-89.25938076
CRMS2634-P02,,10/29/2008,11:45,CST,,,,0.984,,,,,,,20.80,5370.00,2.90,,,,,,,,,,,,,,,,,,,,COASTAL ESTUARY SERVICES LLC,,29.23103519,-89.25938076
CRMS2634-P02,,11/19/2008,16:47,CST,,,,,,,,,,,,,,,,,,,,,,,,,,,,,,,,,COASTAL ESTUARY SERVICES LLC,,29.23103519,-89.25938076
CRMS2634-P02,,1/29/2009,13:50,CST,,,,,,,,,,,,,,,,,,,,,,,,,,,,,,,,,COASTAL ESTUARY SERVICES LLC,,29.23103519,-89.25938076
CRMS2634-P02,,4/1/2009,14:50,CST,,,,,,,,,,,,,,,,,,,,,,,,,,,,,,,,,COASTAL ESTUARY SERVICES LLC,,29.23103519,-89.25938076
CRMS2634-P02,,4/22/2009,14:40,CST,,,,,,,,,,,,,,,,,,,,,,,,,,,,,,,,,COASTAL ESTUARY SERVICES LLC,,29.23103519,-89.25938076
CRMS2634-P02,,5/27/2009,16:05,CST,,,,,,,,,,,,,,,,,,,,,,,,,,,,,,,,,COASTAL ESTUARY SERVICES LLC,,29.23103519,-89.25938076
CRMS2634-P02,,6/24/2009,13:28,CST,,,,,,,,,,,,,,,,,,,,,,,,,,,,,,,,,COASTAL ESTUARY SERVICES LLC,,29.23103519,-89.25938076
CRMS2634-P02,,8/12/2009,08:02,CST,,,,0.328,,,,,,,29.10,2232.00,1.10,,,,,,,,,,,,,,,,,,,,COASTAL ESTUARY SERVICES LLC,,29.23103519,-89.25938076
CRMS2634-P02,,9/16/2009,09:40,CST,,,,0.328,,,,,,,28.90,3340.00,1.70,,,,,,,,,,,,,,,,,,,,COASTAL ESTUARY SERVICES LLC,,29.23103519,-89.25938076
CRMS2634-P02,,3/16/2010,17:05,CST,,,,,,,,,,,,,,,,,,,,,,,,,,,,,,,,,COASTAL ESTUARY SERVICES LLC,,29.23103519,-89.25938076
CRMS2634-P02,,4/28/2010,09:20,CST,,,,,,,,,,,,,,,,,,,,,,,,,,,,,,,,,COASTAL ESTUARY SERVICES LLC,,29.23103519,-89.25938076
CRMS2634-P02,,5/18/2010,15:15,CST,,,,,,,,,,,,,,,,,,,,,,,,,,,,,,,,,COASTAL ESTUARY SERVICES LLC,,29.23103519,-89.25938076
CRMS2634-P02,,6/24/2010,13:30,CST,,,,,,,,,,,,,,,,,,,,,,,,,,,,,,,,,COASTAL ESTUARY SERVICES LLC,,29.23103519,-89.25938076
CRMS2634-P02,,7/14/2010,10:15,CST,,,,0.328,,,,,,,31.30,427.00,0.20,,,,,,,,,,,,,,,,,,,,COASTAL ESTUARY SERVICES LLC,,29.23103519,-89.25938076
CRMS2634-P02,,8/18/2010,14:40,CST,,,,,,,,,,,,,,,,,,,,,,,,,,,,,,,,,COASTAL ESTUARY SERVICES LLC,,29.23103519,-89.25938076
CRMS2634-P02,,10/6/2010,14:21,CST,,,,,,,,,,,,,,,,,,,,,,,,,,,,,,,,,COASTAL ESTUARY SERVICES LLC,,29.23103519,-89.25938076
CRMS2634-P02,,11/9/2010,09:55,CST,,,,,,,,,,,,,,,,,,,,,,,,,,,,,,,,,COASTAL ESTUARY SERVICES LLC,,29.23103519,-89.25938076
CRMS2634-P02,,12/8/2010,15:49,CST,,,,0.328,,,,,,,10.30,6000.00,3.30,,,,,,,,,,,,,,,,,,,,COASTAL ESTUARY SERVICES LLC,,29.23103519,-89.25938076
CRMS2634-P02,,1/18/2011,14:00,CST,,,,,,,,,,,,,,,,,,,,,,,,,,,,,,,,,COASTAL ESTUARY SERVICES LLC,,29.23103519,-89.25938076
CRMS2634-P02,,2/22/2011,12:58,CST,,,,,,,,,,,,,,,,,,,,,,,,,,,,,,,,,COASTAL ESTUARY SERVICES LLC,,29.23103519,-89.25938076
CRMS2634-P02,,3/23/2011,10:48,CST,,,,,,,,,,,,,,,,,,,,,,,,,,,,,,,,,COASTAL ESTUARY SERVICES LLC,,29.23103519,-89.25938076
CRMS2634-P02,,4/20/2011,10:10,CST,,,,0.984,,,,,,,22.30,2800.00,1.40,,,,,,,,,,,,,,,,,,,,COASTAL ESTUARY SERVICES LLC,,29.23103519,-89.25938076
CRMS2634-P02,,6/21/2011,08:02,CST,,,,,,,,,,,,,,,,,,,,,,,,,,,,,,,,,COASTAL ESTUARY SERVICES LLC,,29.23103519,-89.25938076
CRMS2634-P02,,7/19/2011,12:30,CST,,,,,,,,,,,,,,,,,,,,,,,,,,,,,,,,,COASTAL ESTUARY SERVICES LLC,,29.23103519,-89.25938076
CRMS2634-P02,,9/14/2011,17:40,CST,,,,,,,,,,,,,,,,,,,,,,,,,,,,,,,,,COASTAL ESTUARY SERVICES LLC,,29.23103519,-89.25938076
CRMS2634-P02,,11/1/2011,12:20,CST,,,,0.328,,,,,,,24.70,2412.00,1.20,,,,,,,,,,,,,,,,,,,,COASTAL ESTUARY SERVICES LLC,,29.23103519,-89.25938076
CRMS2634-P02,,12/13/2011,13:50,CST,,,,,,,,,,,,,,,,,,,,,,,,,,,,,,,,,COASTAL ESTUARY SERVICES LLC,,29.23103519,-89.25938076
CRMS2634-P02,,1/24/2012,12:30,CST,,,,,,,,,,,,,,,,,,,,,,,,,,,,,,,,,COASTAL ESTUARY SERVICES LLC,,29.23103519,-89.25938076
CRMS2634-P02,,2/14/2012,09:20,CST,,,,,,,,,,,,,,,,,,,,,,,,,,,,,,,,,COASTAL ESTUARY SERVICES LLC,,29.23103519,-89.25938076
CRMS2634-P02,,3/27/2012,13:40,CST,,,,,,,,,,,,,,,,,,,,,,,,,,,,,,,,,COASTAL ESTUARY SERVICES LLC,,29.23103519,-89.25938076
CRMS2634-P02,,4/23/2012,14:34,CST,,,,,,,,,,,,,,,,,,,,,,,,,,,,,,,,,COASTAL ESTUARY SERVICES LLC,,29.23103519,-89.25938076
CRMS2634-P02,,5/22/2012,12:07,CST,,,,,,,,,,,,,,,,,,,,,,,,,,,,,,,,,COASTAL ESTUARY SERVICES LLC,,29.23103519,-89.25938076
CRMS2634-P02,,7/24/2012,10:05,CST,,,,,,,,,,,,,,,,,,,,,,,,,,,,,,,,,COASTAL ESTUARY SERVICES LLC,,29.23103519,-89.25938076
CRMS2634-P02,,9/19/2012,11:30,CST,,,,,,,,,,,,,,,,,,,,,,,,,,,,,,,,,COASTAL ESTUARY SERVICES LLC,,29.23103519,-89.25938076
CRMS2634-P02,,10/9/2012,12:30,CST,,,,,,,,,,,,,,,,,,,,,,,,,,,,,,,,,COASTAL ESTUARY SERVICES LLC,,29.23103519,-89.25938076
CRMS2634-P02,,2/4/2013,15:00,CST,,,,,,,,,,,,,,,,,,,,,,,,,,,,,,,,,COASTAL ESTUARY SERVICES LLC,clogged @ 10cm & 30cm,29.23103519,-89.25938076
CRMS2634-P02,,3/19/2013,13:40,CST,,,,0.328,,,,,,,18.90,1985.00,1.00,,,,,,,,,,,,,,,,,,,,COASTAL ESTUARY SERVICES LLC,,29.23103519,-89.25938076
CRMS2634-P02,,3/19/2013,13:40,CST,,,,0.984,,,,,,,18.70,7200.00,4.00,,,,,,,,,,,,,,,,,,,,COASTAL ESTUARY SERVICES LLC,,29.23103519,-89.25938076
CRMS2634-P02,,4/23/2013,12:15,CST,,,,,,,,,,,,,,,,,,,,,,,,,,,,,,,,,COASTAL ESTUARY SERVICES LLC,Unable to collect pore water after multiple attempts at 10 and 30cm; Clogging,29.23103519,-89.25938076
CRMS2634-P02,,5/21/2013,12:20,CST,,,,0.328,,,,,,,24.00,4068.00,2.20,,,,,,,,,,,,,,,,,,,,COASTAL ESTUARY SERVICES LLC,,29.23103519,-89.25938076
CRMS2634-P02,,5/21/2013,12:20,CST,,,,0.984,,,,,,,23.60,5080.00,2.70,,,,,,,,,,,,,,,,,,,,COASTAL ESTUARY SERVICES LLC,,29.23103519,-89.25938076
CRMS2634-P02,,6/18/2013,12:00,CST,,,,,,,,,,,,,,,,,,,,,,,,,,,,,,,,,COASTAL ESTUARY SERVICES LLC,PW clogging after multiple attempts at 10cm and 30cm,29.23103519,-89.25938076
CRMS2634-P02,,7/15/2013,10:15,CST,,,,,,,,,,,,,,,,,,,,,,,,,,,,,,,,,COASTAL ESTUARY SERVICES LLC,10 cm and 30 cm clogged,29.23103519,-89.25938076
CRMS2634-P02,,9/18/2013,12:00,CST,,,,,,,,,,,,,,,,,,,,,,,,,,,,,,,,,COASTAL ESTUARY SERVICES LLC,Sipper clogged for 10cm and 30cm measurements.,29.23103519,-89.25938076
CRMS2634-P02,,10/29/2013,09:10,CST,,,,0.328,,,,,,,22.90,6758.00,3.70,,,,,,,,,,,,,,,,,,,,COASTAL ESTUARY SERVICES LLC,,29.23103519,-89.25938076
CRMS2634-P02,,10/29/2013,09:10,CST,,,,0.984,,,,,,,23.90,7102.00,3.90,,,,,,,,,,,,,,,,,,,,COASTAL ESTUARY SERVICES LLC,,29.23103519,-89.25938076
CRMS2634-P02,,3/17/2014,15:00,CST,,,,0.328,,,,,,,13.70,2488.00,1.30,,,,,,,,,,,,,,,,,,,,COASTAL ESTUARY SERVICES LLC,,29.23103519,-89.25938076
CRMS2634-P02,,4/23/2014,10:00,CST,,,,0.328,,,,,,,21.30,1466.00,0.80,,,,,,,,,,,,,,,,,,,,COASTAL ESTUARY SERVICES LLC,30cm clogging,29.23103519,-89.25938076
CRMS2634-P02,,5/20/2014,11:30,CST,,,,,,,,,,,,,,,,,,,,,,,,,,,,,,,,,COASTAL ESTUARY SERVICES LLC,Clogged at 10cm and 30cm readings,29.23103519,-89.25938076
CRMS2634-P02,,7/16/2014,09:00,CST,,,,,,,,,,,,,,,,,,,,,,,,,,,,,,,,,COASTAL ESTUARY SERVICES LLC,Clogged at 30 cm and 10 cm,29.23103519,-89.25938076
CRMS2634-P02,,9/4/2014,09:15,CST,,,,,,,,,,,,,,,,,,,,,,,,,,,,,,,,,COASTAL ESTUARY SERVICES LLC,Clogged @ 10 and 30 cm,29.23103519,-89.25938076
CRMS2634-P02,,10/6/2014,12:35,CST,,,,0.984,,,,,,,25.20,5080.00,2.70,,,,,,,,,,,,,,,,,,,,COASTAL ESTUARY SERVICES LLC,clogged at 10 cm,29.23103519,-89.25938076
CRMS2634-P02,,3/30/2015,12:10,CST,,,,,,,,,,,,,,,,,,,,,,,,,,,,,,,,,COASTAL ESTUARY SERVICES LLC,clogged @ 10cm & 30cm,29.23103519,-89.25938076
CRMS2634-P02,,7/8/2015,09:20,CST,,,,,,,,,,,,,,,,,,,,,,,,,,,,,,,,,COASTAL ESTUARY SERVICES LLC,clogged at 10 cm and 30cm,29.23103519,-89.25938076
CRMS2634-P02,,10/6/2015,10:00,CST,,,,,,,,,,,,,,,,,,,,,,,,,,,,,,,,,COASTAL ESTUARY SERVICES LLC,30 cm and 10 cm clogged,29.23103519,-89.25938076
CRMS2634-P02,,2/29/2016,14:00,CST,,,,0.984,,,,,,,22.10,3335.00,1.70,,,,,,,,,,,,,,,,,,,,COASTAL ESTUARY SERVICES LLC,Clogged at 10 cm; fine silt,29.23103519,-89.25938076
CRMS2634-P02,,5/11/2016,13:20,CST,,,,,,,,,,,,,,,,,,,,,,,,,,,,,,,,,COASTAL ESTUARY SERVICES LLC,Clogged at 10 cm and 30 cm readings,29.23103519,-89.25938076
CRMS2634-P02,,6/8/2016,09:10,CST,,,,,,,,,,,,,,,,,,,,,,,,,,,,,,,,,COASTAL ESTUARY SERVICES LLC,clogged at 10cm and 30cm,29.23103519,-89.25938076
CRMS2634-P02,,8/9/2016,11:00,CST,,,,,,,,,,,,,,,,,,,,,,,,,,,,,,,,,COASTAL ESTUARY SERVICES LLC,Clogged at 10cm and 30cm ,29.23103519,-89.25938076
CRMS2634-P02,,9/28/2016,10:50,CST,,,,0.328,,,,,,,,,,,,,,,,,,,,,,,,,,,,,COASTAL ESTUARY SERVICES LLC,Sipper clogged at 10 and 30 cm,29.23103519,-89.25938076
CRMS2634-P02,,9/28/2016,10:50,CST,,,,0.984,,,,,,,,,,,,,,,,,,,,,,,,,,,,,COASTAL ESTUARY SERVICES LLC,Sipper clogged at 10 and 30 cm,29.23103519,-89.25938076
CRMS2634-P02,,12/20/2016,09:27,CST,,,,0.328,,,,,,,,,,,,,,,,,,,,,,,,,,,,,COASTAL ESTUARY SERVICES LLC,Sipper clogged for 10cm and 30cm measurements.,29.23103519,-89.25938076
CRMS2634-P02,,12/20/2016,09:27,CST,,,,0.984,,,,,,,,,,,,,,,,,,,,,,,,,,,,,COASTAL ESTUARY SERVICES LLC,Sipper clogged for 10cm and 30cm measurements.,29.23103519,-89.25938076
CRMS2634-P02,,1/24/2017,13:25,CST,,,,0.328,,,,,,,,,,,,,,,,,,,,,,,,,,,,,COASTAL ESTUARY SERVICES LLC,Clogged,29.23103519,-89.25938076
CRMS2634-P02,,1/24/2017,13:25,CST,,,,0.984,,,,,,,18.00,2055.00,1.00,,,,,,,,,,,,,,,,,,,,COASTAL ESTUARY SERVICES LLC,,29.23103519,-89.25938076
CRMS2634-P02,,3/14/2017,15:00,CST,,,,0.328,,,,,,,17.10,3952.00,2.10,,,,,,,,,,,,,,,,,,,,COASTAL ESTUARY SERVICES LLC,,29.23103519,-89.25938076
CRMS2634-P02,,3/14/2017,15:00,CST,,,,0.984,,,,,,,17.80,4989.00,2.70,,,,,,,,,,,,,,,,,,,,COASTAL ESTUARY SERVICES LLC,,29.23103519,-89.25938076
CRMS2634-P02,,4/25/2017,11:35,CST,,,,0.328,,,,,,,,,,,,,,,,,,,,,,,,,,,,,COASTAL ESTUARY SERVICES LLC,clogged,29.23103519,-89.25938076
CRMS2634-P02,,4/25/2017,11:35,CST,,,,0.984,,,,,,,,,,,,,,,,,,,,,,,,,,,,,COASTAL ESTUARY SERVICES LLC,clogged,29.23103519,-89.25938076
CRMS2634-P02,,5/24/2017,13:40,CST,,,,0.328,,,,,,,22.60,4032.00,2.10,,,,,,,,,,,,,,,,,,,,COASTAL ESTUARY SERVICES LLC,,29.23103519,-89.25938076
CRMS2634-P02,,5/24/2017,13:40,CST,,,,0.984,,,,,,,22.60,4837.00,2.60,,,,,,,,,,,,,,,,,,,,COASTAL ESTUARY SERVICES LLC,,29.23103519,-89.25938076
CRMS2634-P02,,6/26/2017,12:50,CST,,,,0.328,,,,,,,27.50,1487.00,0.70,,,,,,,,,,,,,,,,,,,,COASTAL ESTUARY SERVICES LLC,,29.23103519,-89.25938076
CRMS2634-P02,,6/26/2017,12:50,CST,,,,0.984,,,,,,,27.70,1475.00,0.70,,,,,,,,,,,,,,,,,,,,COASTAL ESTUARY SERVICES LLC,,29.23103519,-89.25938076
CRMS2634-P02,,7/19/2017,12:30,CST,,,,0.328,,,,,,,30.40,4248.00,2.20,,,,,,,,,,,,,,,,,,,,COASTAL ESTUARY SERVICES LLC,,29.23103519,-89.25938076
CRMS2634-P02,,7/19/2017,12:30,CST,,,,0.984,,,,,,,,,,,,,,,,,,,,,,,,,,,,,COASTAL ESTUARY SERVICES LLC,Clogged at 30cm,29.23103519,-89.25938076
CRMS2634-P02,,8/23/2017,08:35,CST,,,,0.328,,,,,,,27.70,1302.00,0.60,,,,,,,,,,,,,,,,,,,,COASTAL ESTUARY SERVICES LLC,,29.23103519,-89.25938076
CRMS2634-P02,,8/23/2017,08:35,CST,,,,0.984,,,,,,,28.20,2133.00,1.10,,,,,,,,,,,,,,,,,,,,COASTAL ESTUARY SERVICES LLC,,29.23103519,-89.25938076
CRMS2634-P02,,10/11/2017,13:00,CST,,,,0.328,,,,,,,28.40,11750.00,6.70,,,,,,,,,,,,,,,,,,,,COASTAL ESTUARY SERVICES LLC,,29.23103519,-89.25938076
CRMS2634-P02,,10/11/2017,13:00,CST,,,,0.984,,,,,,,29.00,9440.00,5.30,,,,,,,,,,,,,,,,,,,,COASTAL ESTUARY SERVICES LLC,,29.23103519,-89.25938076
CRMS2634-P02,,11/28/2017,13:15,CST,,,,0.328,,,,,,,,,,,,,,,,,,,,,,,,,,,,,COASTAL ESTUARY SERVICES LLC,Dry,29.23103519,-89.25938076
CRMS2634-P02,,11/28/2017,13:15,CST,,,,0.984,,,,,,,,,,,,,,,,,,,,,,,,,,,,,COASTAL ESTUARY SERVICES LLC,Dry,29.23103519,-89.25938076
CRMS2634-P02,,2/5/2018,13:25,CST,,,,0.328,,,,,,,,,,,,,,,,,,,,,,,,,,,,,COASTAL ESTUARY SERVICES LLC,clogged,29.23103519,-89.25938076
CRMS2634-P02,,2/5/2018,13:25,CST,,,,0.984,,,,,,,17.40,4730.00,2.50,,,,,,,,,,,,,,,,,,,,COASTAL ESTUARY SERVICES LLC,,29.23103519,-89.25938076
CRMS2634-P02,,3/6/2018,11:10,CST,,,,0.328,,,,,,,,,,,,,,,,,,,,,,,,,,,,,COASTAL ESTUARY SERVICES LLC,Clogged at 10cm,29.23103519,-89.25938076
CRMS2634-P02,,3/6/2018,11:10,CST,,,,0.984,,,,,,,17.30,9300.00,5.20,,,,,,,,,,,,,,,,,,,,COASTAL ESTUARY SERVICES LLC,,29.23103519,-89.25938076
CRMS2634-P02,,4/30/2018,12:50,CST,,,,0.328,,,,,,,,,,,,,,,,,,,,,,,,,,,,,COASTAL ESTUARY SERVICES LLC,clogged,29.23103519,-89.25938076
CRMS2634-P02,,4/30/2018,12:50,CST,,,,0.984,,,,,,,,,,,,,,,,,,,,,,,,,,,,,COASTAL ESTUARY SERVICES LLC,clogged,29.23103519,-89.25938076
CRMS2634-P02,,6/5/2018,10:10,CST,,,,0.328,,,,,,,28.60,3052.00,1.60,,,,,,,,,,,,,,,,,,,,COASTAL ESTUARY SERVICES LLC,,29.23103519,-89.25938076
CRMS2634-P02,,6/5/2018,10:10,CST,,,,0.984,,,,,,,26.60,4042.00,2.10,,,,,,,,,,,,,,,,,,,,COASTAL ESTUARY SERVICES LLC,,29.23103519,-89.25938076
CRMS2634-P02,,7/25/2018,12:45,CST,,,,0.328,,,,,,,29.50,3404.00,1.80,,,,,,,,,,,,,,,,,,,,COASTAL ESTUARY SERVICES LLC,Depth of water on marsh = 0.5ft,29.23103519,-89.25938076
CRMS2634-P02,,7/25/2018,12:45,CST,,,,0.984,,,,,,,28.80,4354.00,2.30,,,,,,,,,,,,,,,,,,,,COASTAL ESTUARY SERVICES LLC,Depth of water on marsh = 0.5ft,29.23103519,-89.25938076
CRMS2634-P02,,8/27/2018,11:51,CST,,,,0.328,,,,,,,28.70,3318.00,1.70,,,,,,,,,,,,,,,,,,,,COASTAL ESTUARY SERVICES LLC,,29.23103519,-89.25938076
CRMS2634-P02,,8/27/2018,11:51,CST,,,,0.984,,,,,,,,,,,,,,,,,,,,,,,,,,,,,COASTAL ESTUARY SERVICES LLC,Clogged at 30 cm.,29.23103519,-89.25938076
CRMS2634-P02,,10/16/2018,15:00,CST,,,,0.328,,,,,,,27.90,5910.00,3.20,,,,,,,,,,,,,,,,,,,,COASTAL ESTUARY SERVICES LLC,,29.23103519,-89.25938076
CRMS2634-P02,,10/16/2018,15:00,CST,,,,0.984,,,,,,,27.60,6920.00,3.80,,,,,,,,,,,,,,,,,,,,COASTAL ESTUARY SERVICES LLC,,29.23103519,-89.25938076
CRMS2634-P02,,2/14/2019,11:30,CST,,,,0.328,,,,,,,14.00,4097.00,2.20,,,,,,,,,,,,,,,,,,,,COASTAL ESTUARY SERVICES LLC,,29.23103519,-89.25938076
CRMS2634-P02,,2/14/2019,11:30,CST,,,,0.984,,,,,,,,,,,,,,,,,,,,,,,,,,,,,COASTAL ESTUARY SERVICES LLC,clogged,29.23103519,-89.25938076
CRMS2634-P02,,4/3/2019,09:10,CST,,,,0.328,,,,,,,,,,,,,,,,,,,,,,,,,,,,,COASTAL ESTUARY SERVICES LLC,clogged,29.23103519,-89.25938076
CRMS2634-P02,,4/3/2019,09:10,CST,,,,0.984,,,,,,,15.20,5340.00,2.90,,,,,,,,,,,,,,,,,,,,COASTAL ESTUARY SERVICES LLC,,29.23103519,-89.25938076
CRMS2634-P02,,5/6/2019,14:15,CST,,,,0.328,,,,,,,21.90,3010.00,1.60,,,,,,,,,,,,,,,,,,,,COASTAL ESTUARY SERVICES LLC,,29.23103519,-89.25938076
CRMS2634-P02,,5/6/2019,14:15,CST,,,,0.984,,,,,,,22.10,5251.00,2.80,,,,,,,,,,,,,,,,,,,,COASTAL ESTUARY SERVICES LLC,,29.23103519,-89.25938076
CRMS2634-P02,,6/10/2019,13:36,CST,,,,0.328,,,,,,,28.20,1709.00,0.90,,,,,,,,,,,,,,,,,,,,COASTAL ESTUARY SERVICES LLC,,29.23103519,-89.25938076
CRMS2634-P02,,6/10/2019,13:36,CST,,,,0.984,,,,,,,26.60,2247.00,1.10,,,,,,,,,,,,,,,,,,,,COASTAL ESTUARY SERVICES LLC,,29.23103519,-89.25938076
CRMS2634-P02,,9/5/2019,09:45,CST,,,,0.328,,,,,,,30.60,1138.00,0.60,,,,,,,,,,,,,,,,,,,,COASTAL ESTUARY SERVICES LLC,,29.23103519,-89.25938076
CRMS2634-P02,,9/5/2019,09:45,CST,,,,0.984,,,,,,,30.60,1241.00,0.60,,,,,,,,,,,,,,,,,,,,COASTAL ESTUARY SERVICES LLC,,29.23103519,-89.25938076
CRMS2634-P02,,10/8/2019,12:00,CST,,,,0.328,,,,,,,28.00,1732.00,0.90,,,,,,,,,,,,,,,,,,,,COASTAL ESTUARY SERVICES LLC,,29.23103519,-89.25938076
CRMS2634-P02,,10/8/2019,12:00,CST,,,,0.984,,,,,,,27.60,3249.00,1.70,,,,,,,,,,,,,,,,,,,,COASTAL ESTUARY SERVICES LLC,,29.23103519,-89.25938076
CRMS2634-P02,,11/18/2019,16:00,CST,,,,0.328,,,,,,,,,,,,,,,,,,,,,,,,,,,,,COASTAL ESTUARY SERVICES LLC,Clogged,29.23103519,-89.25938076
CRMS2634-P02,,11/18/2019,16:00,CST,,,,0.984,,,,,,,,,,,,,,,,,,,,,,,,,,,,,COASTAL ESTUARY SERVICES LLC,Clogged,29.23103519,-89.25938076
CRMS2634-P02,,1/7/2020,11:30,CST,0.80,GEOID12A,,0.328,,,,,,,15.60,1145.00,0.60,,,,,,,,,,,,,,,,,,,,COASTAL ESTUARY SERVICES LLC,Water depth on marsh: ,29.23103519,-89.25938076
CRMS2634-P02,,1/7/2020,11:30,CST,0.80,GEOID12A,,0.984,,,,,,,14.80,1404.00,0.70,,,,,,,,,,,,,,,,,,,,COASTAL ESTUARY SERVICES LLC,Water depth on marsh: ,29.23103519,-89.25938076
CRMS2634-P02,,2/10/2020,13:30,CST,1.48,GEOID12A,,0.328,,,,,,,15.70,2089.00,1.10,,,,,,,,,,,,,,,,,,,,COASTAL ESTUARY SERVICES LLC,Marsh Not Flooded,29.23103519,-89.25938076
CRMS2634-P02,,2/10/2020,13:30,CST,1.48,GEOID12A,,0.984,,,,,,,16.30,2734.00,1.40,,,,,,,,,,,,,,,,,,,,COASTAL ESTUARY SERVICES LLC,Marsh Not Flooded,29.23103519,-89.25938076
CRMS2634-P02,,5/5/2020,01:05,CST,2.06,GEOID12A,,0.328,,,,,,,23.60,4066.00,2.60,,,,,,,,,,,,,,,,,,,,COASTAL ESTUARY SERVICES LLC,Water depth on marsh: 0.6 ft,29.23103519,-89.25938076
CRMS2634-P02,,5/5/2020,01:05,CST,2.06,GEOID12A,,0.984,,,,,,,23.60,5258.00,2.80,,,,,,,,,,,,,,,,,,,,COASTAL ESTUARY SERVICES LLC,Water depth on marsh: 0.6 ft,29.23103519,-89.25938076
CRMS2634-P02,,6/17/2020,13:55,CST,2.21,GEOID12A,,0.328,,,,,,,,,,,,,,,,,,,,,,,,,,,,,COASTAL ESTUARY SERVICES LLC,clogged,29.23103519,-89.25938076
CRMS2634-P02,,6/17/2020,13:55,CST,2.21,GEOID12A,,0.984,,,,,,,25.50,2898.00,1.50,,,,,,,,,,,,,,,,,,,,COASTAL ESTUARY SERVICES LLC,,29.23103519,-89.25938076
CRMS2634-P02,,8/4/2020,11:55,CST,1.55,GEOID12A,,0.328,,,,,,,31.60,1943.00,1.00,,,,,,,,,,,,,,,,,,,,COASTAL ESTUARY SERVICES LLC,Marsh Not Flooded,29.23103519,-89.25938076
CRMS2634-P02,,8/4/2020,11:55,CST,1.55,GEOID12A,,0.984,,,,,,,,,,,,,,,,,,,,,,,,,,,,,COASTAL ESTUARY SERVICES LLC,Marsh Not Flooded; Dry for 10cm,29.23103519,-89.25938076
CRMS2634-P02,,9/30/2020,13:57,CST,1.47,GEOID12A,,0.328,,,,,,,25.70,4323.00,2.30,,,,,,,,,,,,,,,,,,,,COASTAL ESTUARY SERVICES LLC,Water depth on marsh: 0.1 ft,29.23103519,-89.25938076
CRMS2634-P02,,9/30/2020,13:57,CST,1.47,GEOID12A,,0.984,,,,,,,25.10,4878.00,2.60,,,,,,,,,,,,,,,,,,,,COASTAL ESTUARY SERVICES LLC,Water depth on marsh: 0.1 ft,29.23103519,-89.25938076
CRMS2634-P02,,3/15/2021,14:20,CST,1.32,GEOID12A,,0.328,,,,,,,22.00,6409.00,3.50,,,,,,,,,,,,,,,,,,,,COASTAL ESTUARY SERVICES LLC,Marsh Not Flooded,29.23103519,-89.25938076
CRMS2634-P02,,3/15/2021,14:20,CST,1.32,GEOID12A,,0.984,,,,,,,22.30,6975.00,3.80,,,,,,,,,,,,,,,,,,,,COASTAL ESTUARY SERVICES LLC,Marsh Not Flooded,29.23103519,-89.25938076
CRMS2634-P02,,3/30/2021,11:57,CST,1.74,GEOID12A,,0.328,,,,,,,22.80,4295.00,2.30,,,,,,,,,,,,,,,,,,,,COASTAL ESTUARY SERVICES LLC,Water depth on marsh: 0.1 ft,29.23103519,-89.25938076
CRMS2634-P02,,3/30/2021,11:57,CST,1.74,GEOID12A,,0.984,,,,,,,22.40,5395.00,2.90,,,,,,,,,,,,,,,,,,,,COASTAL ESTUARY SERVICES LLC,Water depth on marsh: 0.1 ft,29.23103519,-89.25938076
CRMS2634-P03,,2/28/2008,16:08,CST,,,,,,,,,,,,,,,,,,,,,,,,,,,,,,,,,COASTAL ESTUARY SERVICES LLC,,29.23103519,-89.25938076
CRMS2634-P03,,3/25/2008,14:58,CST,,,,,,,,,,,,,,,,,,,,,,,,,,,,,,,,,COASTAL ESTUARY SERVICES LLC,,29.23103519,-89.25938076
CRMS2634-P03,,4/23/2008,08:25,CST,,,,,,,,,,,,,,,,,,,,,,,,,,,,,,,,,COASTAL ESTUARY SERVICES LLC,,29.23103519,-89.25938076
CRMS2634-P03,,5/22/2008,12:19,CST,,,,0.984,,,,,,,21.90,2387.00,1.20,,,,,,,,,,,,,,,,,,,,COASTAL ESTUARY SERVICES LLC,,29.23103519,-89.25938076
CRMS2634-P03,,6/25/2008,08:03,CST,,,,,,,,,,,,,,,,,,,,,,,,,,,,,,,,,COASTAL ESTUARY SERVICES LLC,,29.23103519,-89.25938076
CRMS2634-P03,,7/22/2008,13:17,CST,,,,0.328,,,,,,,30.10,3048.00,1.60,,,,,,,,,,,,,,,,,,,,COASTAL ESTUARY SERVICES LLC,,29.23103519,-89.25938076
CRMS2634-P03,,8/20/2008,15:16,CST,,,,,,,,,,,,,,,,,,,,,,,,,,,,,,,,,COASTAL ESTUARY SERVICES LLC,,29.23103519,-89.25938076
CRMS2634-P03,,9/25/2008,16:01,CST,,,,0.328,,,,,,,26.70,3379.00,1.80,,,,,,,,,,,,,,,,,,,,COASTAL ESTUARY SERVICES LLC,,29.23103519,-89.25938076
CRMS2634-P03,,10/29/2008,11:45,CST,,,,0.328,,,,,,,18.80,5780.00,3.10,,,,,,,,,,,,,,,,,,,,COASTAL ESTUARY SERVICES LLC,,29.23103519,-89.25938076
CRMS2634-P03,,10/29/2008,11:45,CST,,,,0.984,,,,,,,20.60,4602.00,2.50,,,,,,,,,,,,,,,,,,,,COASTAL ESTUARY SERVICES LLC,,29.23103519,-89.25938076
CRMS2634-P03,,11/19/2008,16:47,CST,,,,,,,,,,,,,,,,,,,,,,,,,,,,,,,,,COASTAL ESTUARY SERVICES LLC,,29.23103519,-89.25938076
CRMS2634-P03,,1/29/2009,13:50,CST,,,,,,,,,,,,,,,,,,,,,,,,,,,,,,,,,COASTAL ESTUARY SERVICES LLC,,29.23103519,-89.25938076
CRMS2634-P03,,4/1/2009,14:50,CST,,,,,,,,,,,,,,,,,,,,,,,,,,,,,,,,,COASTAL ESTUARY SERVICES LLC,,29.23103519,-89.25938076
CRMS2634-P03,,4/22/2009,14:40,CST,,,,,,,,,,,,,,,,,,,,,,,,,,,,,,,,,COASTAL ESTUARY SERVICES LLC,,29.23103519,-89.25938076
CRMS2634-P03,,5/27/2009,16:05,CST,,,,,,,,,,,,,,,,,,,,,,,,,,,,,,,,,COASTAL ESTUARY SERVICES LLC,,29.23103519,-89.25938076
CRMS2634-P03,,6/24/2009,13:28,CST,,,,,,,,,,,,,,,,,,,,,,,,,,,,,,,,,COASTAL ESTUARY SERVICES LLC,,29.23103519,-89.25938076
CRMS2634-P03,,8/12/2009,08:02,CST,,,,0.328,,,,,,,30.30,1283.00,0.70,,,,,,,,,,,,,,,,,,,,COASTAL ESTUARY SERVICES LLC,,29.23103519,-89.25938076
CRMS2634-P03,,9/16/2009,09:40,CST,,,,0.328,,,,,,,28.50,3272.00,1.70,,,,,,,,,,,,,,,,,,,,COASTAL ESTUARY SERVICES LLC,,29.23103519,-89.25938076
CRMS2634-P03,,3/16/2010,17:05,CST,,,,,,,,,,,,,,,,,,,,,,,,,,,,,,,,,COASTAL ESTUARY SERVICES LLC,,29.23103519,-89.25938076
CRMS2634-P03,,4/28/2010,09:20,CST,,,,,,,,,,,,,,,,,,,,,,,,,,,,,,,,,COASTAL ESTUARY SERVICES LLC,,29.23103519,-89.25938076
CRMS2634-P03,,5/18/2010,15:15,CST,,,,,,,,,,,,,,,,,,,,,,,,,,,,,,,,,COASTAL ESTUARY SERVICES LLC,,29.23103519,-89.25938076
CRMS2634-P03,,6/24/2010,13:30,CST,,,,,,,,,,,,,,,,,,,,,,,,,,,,,,,,,COASTAL ESTUARY SERVICES LLC,,29.23103519,-89.25938076
CRMS2634-P03,,7/14/2010,10:15,CST,,,,0.328,,,,,,,30.70,485.00,0.20,,,,,,,,,,,,,,,,,,,,COASTAL ESTUARY SERVICES LLC,,29.23103519,-89.25938076
CRMS2634-P03,,8/18/2010,14:40,CST,,,,,,,,,,,,,,,,,,,,,,,,,,,,,,,,,COASTAL ESTUARY SERVICES LLC,,29.23103519,-89.25938076
CRMS2634-P03,,10/6/2010,14:21,CST,,,,,,,,,,,,,,,,,,,,,,,,,,,,,,,,,COASTAL ESTUARY SERVICES LLC,,29.23103519,-89.25938076
CRMS2634-P03,,11/9/2010,09:55,CST,,,,,,,,,,,,,,,,,,,,,,,,,,,,,,,,,COASTAL ESTUARY SERVICES LLC,,29.23103519,-89.25938076
CRMS2634-P03,,12/8/2010,15:49,CST,,,,,,,,,,,,,,,,,,,,,,,,,,,,,,,,,COASTAL ESTUARY SERVICES LLC,,29.23103519,-89.25938076
CRMS2634-P03,,1/18/2011,14:00,CST,,,,,,,,,,,,,,,,,,,,,,,,,,,,,,,,,COASTAL ESTUARY SERVICES LLC,,29.23103519,-89.25938076
CRMS2634-P03,,2/22/2011,12:58,CST,,,,,,,,,,,,,,,,,,,,,,,,,,,,,,,,,COASTAL ESTUARY SERVICES LLC,,29.23103519,-89.25938076
CRMS2634-P03,,3/23/2011,10:48,CST,,,,,,,,,,,,,,,,,,,,,,,,,,,,,,,,,COASTAL ESTUARY SERVICES LLC,,29.23103519,-89.25938076
CRMS2634-P03,,4/20/2011,10:10,CST,,,,0.984,,,,,,,22.00,2900.00,1.50,,,,,,,,,,,,,,,,,,,,COASTAL ESTUARY SERVICES LLC,,29.23103519,-89.25938076
CRMS2634-P03,,6/21/2011,08:02,CST,,,,,,,,,,,,,,,,,,,,,,,,,,,,,,,,,COASTAL ESTUARY SERVICES LLC,,29.23103519,-89.25938076
CRMS2634-P03,,7/19/2011,12:30,CST,,,,,,,,,,,,,,,,,,,,,,,,,,,,,,,,,COASTAL ESTUARY SERVICES LLC,,29.23103519,-89.25938076
CRMS2634-P03,,9/14/2011,17:40,CST,,,,,,,,,,,,,,,,,,,,,,,,,,,,,,,,,COASTAL ESTUARY SERVICES LLC,,29.23103519,-89.25938076
CRMS2634-P03,,11/1/2011,12:20,CST,,,,0.328,,,,,,,25.90,2748.00,1.40,,,,,,,,,,,,,,,,,,,,COASTAL ESTUARY SERVICES LLC,,29.23103519,-89.25938076
CRMS2634-P03,,12/13/2011,13:50,CST,,,,,,,,,,,,,,,,,,,,,,,,,,,,,,,,,COASTAL ESTUARY SERVICES LLC,,29.23103519,-89.25938076
CRMS2634-P03,,1/24/2012,12:30,CST,,,,,,,,,,,,,,,,,,,,,,,,,,,,,,,,,COASTAL ESTUARY SERVICES LLC,,29.23103519,-89.25938076
CRMS2634-P03,,2/14/2012,09:20,CST,,,,,,,,,,,,,,,,,,,,,,,,,,,,,,,,,COASTAL ESTUARY SERVICES LLC,,29.23103519,-89.25938076
CRMS2634-P03,,3/27/2012,13:40,CST,,,,,,,,,,,,,,,,,,,,,,,,,,,,,,,,,COASTAL ESTUARY SERVICES LLC,,29.23103519,-89.25938076
CRMS2634-P03,,4/23/2012,14:34,CST,,,,,,,,,,,,,,,,,,,,,,,,,,,,,,,,,COASTAL ESTUARY SERVICES LLC,,29.23103519,-89.25938076
CRMS2634-P03,,5/22/2012,12:07,CST,,,,,,,,,,,,,,,,,,,,,,,,,,,,,,,,,COASTAL ESTUARY SERVICES LLC,,29.23103519,-89.25938076
CRMS2634-P03,,7/24/2012,10:05,CST,,,,,,,,,,,,,,,,,,,,,,,,,,,,,,,,,COASTAL ESTUARY SERVICES LLC,,29.23103519,-89.25938076
CRMS2634-P03,,9/19/2012,11:30,CST,,,,,,,,,,,,,,,,,,,,,,,,,,,,,,,,,COASTAL ESTUARY SERVICES LLC,,29.23103519,-89.25938076
CRMS2634-P03,,10/9/2012,12:30,CST,,,,,,,,,,,,,,,,,,,,,,,,,,,,,,,,,COASTAL ESTUARY SERVICES LLC,,29.23103519,-89.25938076
CRMS2634-P03,,2/4/2013,15:00,CST,,,,,,,,,,,,,,,,,,,,,,,,,,,,,,,,,COASTAL ESTUARY SERVICES LLC,clogged @ 10cm & 30cm,29.23103519,-89.25938076
CRMS2634-P03,,3/19/2013,13:40,CST,,,,0.328,,,,,,,17.40,2597.00,1.30,,,,,,,,,,,,,,,,,,,,COASTAL ESTUARY SERVICES LLC,,29.23103519,-89.25938076
CRMS2634-P03,,3/19/2013,13:40,CST,,,,0.984,,,,,,,18.60,5339.00,3.00,,,,,,,,,,,,,,,,,,,,COASTAL ESTUARY SERVICES LLC,,29.23103519,-89.25938076
CRMS2634-P03,,4/23/2013,12:15,CST,,,,,,,,,,,,,,,,,,,,,,,,,,,,,,,,,COASTAL ESTUARY SERVICES LLC,Unable to collect pore water after multiple attempts at 10 and 30cm; Clogging,29.23103519,-89.25938076
CRMS2634-P03,,5/21/2013,12:20,CST,,,,0.328,,,,,,,23.50,3965.00,2.10,,,,,,,,,,,,,,,,,,,,COASTAL ESTUARY SERVICES LLC,,29.23103519,-89.25938076
CRMS2634-P03,,5/21/2013,12:20,CST,,,,0.984,,,,,,,23.70,4837.00,2.60,,,,,,,,,,,,,,,,,,,,COASTAL ESTUARY SERVICES LLC,,29.23103519,-89.25938076
CRMS2634-P03,,6/18/2013,12:00,CST,,,,,,,,,,,,,,,,,,,,,,,,,,,,,,,,,COASTAL ESTUARY SERVICES LLC,PW clogging after multiple attempts at 10cm and 30cm,29.23103519,-89.25938076
CRMS2634-P03,,7/15/2013,10:15,CST,,,,,,,,,,,,,,,,,,,,,,,,,,,,,,,,,COASTAL ESTUARY SERVICES LLC,10 cm and 30 cm clogged,29.23103519,-89.25938076
CRMS2634-P03,,9/18/2013,12:00,CST,,,,,,,,,,,,,,,,,,,,,,,,,,,,,,,,,COASTAL ESTUARY SERVICES LLC,Sipper clogged for 10cm and 30cm measurements.,29.23103519,-89.25938076
CRMS2634-P03,,10/29/2013,09:10,CST,,,,0.328,,,,,,,22.30,6782.00,3.70,,,,,,,,,,,,,,,,,,,,COASTAL ESTUARY SERVICES LLC,,29.23103519,-89.25938076
CRMS2634-P03,,10/29/2013,09:10,CST,,,,0.984,,,,,,,23.70,6975.00,3.80,,,,,,,,,,,,,,,,,,,,COASTAL ESTUARY SERVICES LLC,,29.23103519,-89.25938076
CRMS2634-P03,,3/17/2014,15:00,CST,,,,,,,,,,,,,,,,,,,,,,,,,,,,,,,,,COASTAL ESTUARY SERVICES LLC,,29.23103519,-89.25938076
CRMS2634-P03,,4/23/2014,10:00,CST,,,,0.328,,,,,,,21.70,2683.00,1.40,,,,,,,,,,,,,,,,,,,,COASTAL ESTUARY SERVICES LLC,30cm clogging,29.23103519,-89.25938076
CRMS2634-P03,,5/20/2014,11:30,CST,,,,,,,,,,,,,,,,,,,,,,,,,,,,,,,,,COASTAL ESTUARY SERVICES LLC,Clogged at 10cm and 30cm readings,29.23103519,-89.25938076
CRMS2634-P03,,7/16/2014,09:00,CST,,,,,,,,,,,,,,,,,,,,,,,,,,,,,,,,,COASTAL ESTUARY SERVICES LLC,Clogged at 30 cm and 10 cm,29.23103519,-89.25938076
CRMS2634-P03,,9/4/2014,09:15,CST,,,,,,,,,,,,,,,,,,,,,,,,,,,,,,,,,COASTAL ESTUARY SERVICES LLC,Clogged @ 10 and 30 cm,29.23103519,-89.25938076
CRMS2634-P03,,10/6/2014,12:35,CST,,,,0.984,,,,,,,25.00,5260.00,2.80,,,,,,,,,,,,,,,,,,,,COASTAL ESTUARY SERVICES LLC,clogged at 10 cm,29.23103519,-89.25938076
CRMS2634-P03,,3/30/2015,12:10,CST,,,,,,,,,,,,,,,,,,,,,,,,,,,,,,,,,COASTAL ESTUARY SERVICES LLC,clogged @ 10cm & 30cm,29.23103519,-89.25938076
CRMS2634-P03,,7/8/2015,09:20,CST,,,,,,,,,,,,,,,,,,,,,,,,,,,,,,,,,COASTAL ESTUARY SERVICES LLC,clogged at 10 cm and 30cm,29.23103519,-89.25938076
CRMS2634-P03,,10/6/2015,10:00,CST,,,,,,,,,,,,,,,,,,,,,,,,,,,,,,,,,COASTAL ESTUARY SERVICES LLC,30 cm and 10 cm clogged,29.23103519,-89.25938076
CRMS2634-P03,,2/29/2016,14:00,CST,,,,0.984,,,,,,,22.30,1910.00,1.10,,,,,,,,,,,,,,,,,,,,COASTAL ESTUARY SERVICES LLC,Clogged at 10 cm; fine silt,29.23103519,-89.25938076
CRMS2634-P03,,5/11/2016,13:20,CST,,,,,,,,,,,,,,,,,,,,,,,,,,,,,,,,,COASTAL ESTUARY SERVICES LLC,Clogged at 10 cm and 30 cm readings,29.23103519,-89.25938076
CRMS2634-P03,,6/8/2016,09:10,CST,,,,,,,,,,,,,,,,,,,,,,,,,,,,,,,,,COASTAL ESTUARY SERVICES LLC,clogged at 10cm and 30cm,29.23103519,-89.25938076
CRMS2634-P03,,8/9/2016,11:00,CST,,,,,,,,,,,,,,,,,,,,,,,,,,,,,,,,,COASTAL ESTUARY SERVICES LLC,Clogged at 10cm and 30cm ,29.23103519,-89.25938076
CRMS2634-P03,,9/28/2016,10:50,CST,,,,0.328,,,,,,,,,,,,,,,,,,,,,,,,,,,,,COASTAL ESTUARY SERVICES LLC,Sipper clogged at 10 and 30 cm,29.23103519,-89.25938076
CRMS2634-P03,,9/28/2016,10:50,CST,,,,0.984,,,,,,,,,,,,,,,,,,,,,,,,,,,,,COASTAL ESTUARY SERVICES LLC,Sipper clogged at 10 and 30 cm,29.23103519,-89.25938076
CRMS2634-P03,,12/20/2016,09:27,CST,,,,0.328,,,,,,,,,,,,,,,,,,,,,,,,,,,,,COASTAL ESTUARY SERVICES LLC,Sipper clogged for 10cm and 30cm measurements.,29.23103519,-89.25938076
CRMS2634-P03,,12/20/2016,09:27,CST,,,,0.984,,,,,,,,,,,,,,,,,,,,,,,,,,,,,COASTAL ESTUARY SERVICES LLC,Sipper clogged for 10cm and 30cm measurements.,29.23103519,-89.25938076
CRMS2634-P03,,1/24/2017,13:25,CST,,,,0.328,,,,,,,,,,,,,,,,,,,,,,,,,,,,,COASTAL ESTUARY SERVICES LLC,Clogged,29.23103519,-89.25938076
CRMS2634-P03,,1/24/2017,13:25,CST,,,,0.984,,,,,,,16.60,2552.00,1.30,,,,,,,,,,,,,,,,,,,,COASTAL ESTUARY SERVICES LLC,,29.23103519,-89.25938076
CRMS2634-P03,,3/14/2017,15:00,CST,,,,0.328,,,,,,,17.60,3842.00,1.90,,,,,,,,,,,,,,,,,,,,COASTAL ESTUARY SERVICES LLC,,29.23103519,-89.25938076
CRMS2634-P03,,3/14/2017,15:00,CST,,,,0.984,,,,,,,18.00,5204.00,2.90,,,,,,,,,,,,,,,,,,,,COASTAL ESTUARY SERVICES LLC,,29.23103519,-89.25938076
CRMS2634-P03,,4/25/2017,11:35,CST,,,,0.328,,,,,,,,,,,,,,,,,,,,,,,,,,,,,COASTAL ESTUARY SERVICES LLC,clogged,29.23103519,-89.25938076
CRMS2634-P03,,4/25/2017,11:35,CST,,,,0.984,,,,,,,,,,,,,,,,,,,,,,,,,,,,,COASTAL ESTUARY SERVICES LLC,clogged,29.23103519,-89.25938076
CRMS2634-P03,,5/24/2017,13:40,CST,,,,0.328,,,,,,,22.40,3906.00,2.10,,,,,,,,,,,,,,,,,,,,COASTAL ESTUARY SERVICES LLC,,29.23103519,-89.25938076
CRMS2634-P03,,5/24/2017,13:40,CST,,,,0.984,,,,,,,22.50,4631.00,2.50,,,,,,,,,,,,,,,,,,,,COASTAL ESTUARY SERVICES LLC,,29.23103519,-89.25938076
CRMS2634-P03,,6/26/2017,12:50,CST,,,,0.328,,,,,,,27.40,1405.00,0.70,,,,,,,,,,,,,,,,,,,,COASTAL ESTUARY SERVICES LLC,,29.23103519,-89.25938076
CRMS2634-P03,,6/26/2017,12:50,CST,,,,0.984,,,,,,,27.30,1358.00,0.70,,,,,,,,,,,,,,,,,,,,COASTAL ESTUARY SERVICES LLC,,29.23103519,-89.25938076
CRMS2634-P03,,7/19/2017,12:30,CST,,,,0.328,,,,,,,30.00,4552.00,2.40,,,,,,,,,,,,,,,,,,,,COASTAL ESTUARY SERVICES LLC,,29.23103519,-89.25938076
CRMS2634-P03,,7/19/2017,12:30,CST,,,,0.984,,,,,,,,,,,,,,,,,,,,,,,,,,,,,COASTAL ESTUARY SERVICES LLC,Clogged at 30cm,29.23103519,-89.25938076
CRMS2634-P03,,8/23/2017,08:35,CST,,,,0.328,,,,,,,27.50,1723.00,0.90,,,,,,,,,,,,,,,,,,,,COASTAL ESTUARY SERVICES LLC,,29.23103519,-89.25938076
CRMS2634-P03,,8/23/2017,08:35,CST,,,,0.984,,,,,,,28.40,2960.00,1.50,,,,,,,,,,,,,,,,,,,,COASTAL ESTUARY SERVICES LLC,,29.23103519,-89.25938076
CRMS2634-P03,,10/11/2017,13:00,CST,,,,0.328,,,,,,,28.50,13140.00,7.50,,,,,,,,,,,,,,,,,,,,COASTAL ESTUARY SERVICES LLC,,29.23103519,-89.25938076
CRMS2634-P03,,10/11/2017,13:00,CST,,,,0.984,,,,,,,28.40,9820.00,5.50,,,,,,,,,,,,,,,,,,,,COASTAL ESTUARY SERVICES LLC,,29.23103519,-89.25938076
CRMS2634-P03,,11/28/2017,13:15,CST,,,,0.328,,,,,,,,,,,,,,,,,,,,,,,,,,,,,COASTAL ESTUARY SERVICES LLC,Dry,29.23103519,-89.25938076
CRMS2634-P03,,11/28/2017,13:15,CST,,,,0.984,,,,,,,,,,,,,,,,,,,,,,,,,,,,,COASTAL ESTUARY SERVICES LLC,Dry,29.23103519,-89.25938076
CRMS2634-P03,,2/5/2018,13:25,CST,,,,0.328,,,,,,,,,,,,,,,,,,,,,,,,,,,,,COASTAL ESTUARY SERVICES LLC,clogged,29.23103519,-89.25938076
CRMS2634-P03,,2/5/2018,13:25,CST,,,,0.984,,,,,,,16.90,4924.00,2.70,,,,,,,,,,,,,,,,,,,,COASTAL ESTUARY SERVICES LLC,,29.23103519,-89.25938076
CRMS2634-P03,,3/6/2018,11:10,CST,,,,0.328,,,,,,,,,,,,,,,,,,,,,,,,,,,,,COASTAL ESTUARY SERVICES LLC,Clogged at 10cm,29.23103519,-89.25938076
CRMS2634-P03,,3/6/2018,11:10,CST,,,,0.984,,,,,,,16.80,9010.00,5.10,,,,,,,,,,,,,,,,,,,,COASTAL ESTUARY SERVICES LLC,,29.23103519,-89.25938076
CRMS2634-P03,,4/30/2018,12:50,CST,,,,0.328,,,,,,,,,,,,,,,,,,,,,,,,,,,,,COASTAL ESTUARY SERVICES LLC,clogged,29.23103519,-89.25938076
CRMS2634-P03,,4/30/2018,12:50,CST,,,,0.984,,,,,,,,,,,,,,,,,,,,,,,,,,,,,COASTAL ESTUARY SERVICES LLC,clogged,29.23103519,-89.25938076
CRMS2634-P03,,6/5/2018,10:10,CST,,,,0.328,,,,,,,27.80,2983.00,1.50,,,,,,,,,,,,,,,,,,,,COASTAL ESTUARY SERVICES LLC,,29.23103519,-89.25938076
CRMS2634-P03,,6/5/2018,10:10,CST,,,,0.984,,,,,,,26.50,3950.00,2.00,,,,,,,,,,,,,,,,,,,,COASTAL ESTUARY SERVICES LLC,,29.23103519,-89.25938076
CRMS2634-P03,,7/25/2018,12:45,CST,,,,0.328,,,,,,,29.20,3170.00,1.60,,,,,,,,,,,,,,,,,,,,COASTAL ESTUARY SERVICES LLC,Depth of water on marsh = 0.5ft,29.23103519,-89.25938076
CRMS2634-P03,,7/25/2018,12:45,CST,,,,0.984,,,,,,,28.80,4150.00,2.20,,,,,,,,,,,,,,,,,,,,COASTAL ESTUARY SERVICES LLC,Depth of water on marsh = 0.5ft,29.23103519,-89.25938076
CRMS2634-P03,,8/27/2018,11:52,CST,,,,0.328,,,,,,,28.60,3258.00,1.70,,,,,,,,,,,,,,,,,,,,COASTAL ESTUARY SERVICES LLC,,29.23103519,-89.25938076
CRMS2634-P03,,8/27/2018,11:52,CST,,,,0.984,,,,,,,,,,,,,,,,,,,,,,,,,,,,,COASTAL ESTUARY SERVICES LLC,Clogged at 30 cm.,29.23103519,-89.25938076
CRMS2634-P03,,10/16/2018,15:00,CST,,,,0.328,,,,,,,27.10,6240.00,3.40,,,,,,,,,,,,,,,,,,,,COASTAL ESTUARY SERVICES LLC,,29.23103519,-89.25938076
CRMS2634-P03,,10/16/2018,15:00,CST,,,,0.984,,,,,,,27.10,6140.00,3.30,,,,,,,,,,,,,,,,,,,,COASTAL ESTUARY SERVICES LLC,,29.23103519,-89.25938076
CRMS2634-P03,,2/14/2019,11:30,CST,,,,0.328,,,,,,,12.90,3772.00,2.00,,,,,,,,,,,,,,,,,,,,COASTAL ESTUARY SERVICES LLC,,29.23103519,-89.25938076
CRMS2634-P03,,2/14/2019,11:30,CST,,,,0.984,,,,,,,,,,,,,,,,,,,,,,,,,,,,,COASTAL ESTUARY SERVICES LLC,clogged,29.23103519,-89.25938076
CRMS2634-P03,,4/3/2019,09:10,CST,,,,0.328,,,,,,,,,,,,,,,,,,,,,,,,,,,,,COASTAL ESTUARY SERVICES LLC,clogged,29.23103519,-89.25938076
CRMS2634-P03,,4/3/2019,09:10,CST,,,,0.984,,,,,,,15.00,5260.00,2.90,,,,,,,,,,,,,,,,,,,,COASTAL ESTUARY SERVICES LLC,,29.23103519,-89.25938076
CRMS2634-P03,,5/6/2019,14:15,CST,,,,0.328,,,,,,,21.30,2767.00,1.40,,,,,,,,,,,,,,,,,,,,COASTAL ESTUARY SERVICES LLC,,29.23103519,-89.25938076
CRMS2634-P03,,5/6/2019,14:15,CST,,,,0.984,,,,,,,22.00,5031.00,2.70,,,,,,,,,,,,,,,,,,,,COASTAL ESTUARY SERVICES LLC,,29.23103519,-89.25938076
CRMS2634-P03,,6/10/2019,13:36,CST,,,,0.328,,,,,,,27.50,1664.00,0.80,,,,,,,,,,,,,,,,,,,,COASTAL ESTUARY SERVICES LLC,,29.23103519,-89.25938076
CRMS2634-P03,,6/10/2019,13:36,CST,,,,0.984,,,,,,,26.10,1966.00,1.00,,,,,,,,,,,,,,,,,,,,COASTAL ESTUARY SERVICES LLC,,29.23103519,-89.25938076
CRMS2634-P03,,9/5/2019,09:45,CST,,,,0.328,,,,,,,30.50,1076.00,0.50,,,,,,,,,,,,,,,,,,,,COASTAL ESTUARY SERVICES LLC,,29.23103519,-89.25938076
CRMS2634-P03,,9/5/2019,09:45,CST,,,,0.984,,,,,,,30.30,1113.00,0.50,,,,,,,,,,,,,,,,,,,,COASTAL ESTUARY SERVICES LLC,,29.23103519,-89.25938076
CRMS2634-P03,,10/8/2019,12:00,CST,,,,0.328,,,,,,,28.00,1630.00,0.80,,,,,,,,,,,,,,,,,,,,COASTAL ESTUARY SERVICES LLC,,29.23103519,-89.25938076
CRMS2634-P03,,10/8/2019,12:00,CST,,,,0.984,,,,,,,27.50,3090.00,1.60,,,,,,,,,,,,,,,,,,,,COASTAL ESTUARY SERVICES LLC,,29.23103519,-89.25938076
CRMS2634-P03,,11/18/2019,16:00,CST,,,,0.328,,,,,,,,,,,,,,,,,,,,,,,,,,,,,COASTAL ESTUARY SERVICES LLC,Clogged,29.23103519,-89.25938076
CRMS2634-P03,,11/18/2019,16:00,CST,,,,0.984,,,,,,,,,,,,,,,,,,,,,,,,,,,,,COASTAL ESTUARY SERVICES LLC,Clogged,29.23103519,-89.25938076
CRMS2634-P03,,1/7/2020,11:30,CST,0.80,GEOID12A,,0.328,,,,,,,15.90,1152.00,0.60,,,,,,,,,,,,,,,,,,,,COASTAL ESTUARY SERVICES LLC,Water depth on marsh: ,29.23103519,-89.25938076
CRMS2634-P03,,1/7/2020,11:30,CST,0.80,GEOID12A,,0.984,,,,,,,14.60,1399.00,0.70,,,,,,,,,,,,,,,,,,,,COASTAL ESTUARY SERVICES LLC,Water depth on marsh: ,29.23103519,-89.25938076
CRMS2634-P03,,2/10/2020,13:30,CST,1.48,GEOID12A,,0.328,,,,,,,15.30,2012.00,1.00,,,,,,,,,,,,,,,,,,,,COASTAL ESTUARY SERVICES LLC,Marsh Not Flooded,29.23103519,-89.25938076
CRMS2634-P03,,2/10/2020,13:30,CST,1.48,GEOID12A,,0.984,,,,,,,16.00,2738.00,1.40,,,,,,,,,,,,,,,,,,,,COASTAL ESTUARY SERVICES LLC,Marsh Not Flooded,29.23103519,-89.25938076
CRMS2634-P03,,5/5/2020,01:05,CST,2.06,GEOID12A,,0.328,,,,,,,22.50,3880.00,2.10,,,,,,,,,,,,,,,,,,,,COASTAL ESTUARY SERVICES LLC,Water depth on marsh: 0.6 ft,29.23103519,-89.25938076
CRMS2634-P03,,5/5/2020,01:05,CST,2.06,GEOID12A,,0.984,,,,,,,22.60,5229.00,2.80,,,,,,,,,,,,,,,,,,,,COASTAL ESTUARY SERVICES LLC,Water depth on marsh: 0.6 ft,29.23103519,-89.25938076
CRMS2634-P03,,6/17/2020,13:55,CST,2.21,GEOID12A,,0.328,,,,,,,,,,,,,,,,,,,,,,,,,,,,,COASTAL ESTUARY SERVICES LLC,clogged,29.23103519,-89.25938076
CRMS2634-P03,,6/17/2020,13:55,CST,2.21,GEOID12A,,0.984,,,,,,,25.30,2871.00,1.50,,,,,,,,,,,,,,,,,,,,COASTAL ESTUARY SERVICES LLC,,29.23103519,-89.25938076
CRMS2634-P03,,8/4/2020,11:55,CST,1.55,GEOID12A,,0.328,,,,,,,31.20,2042.00,1.00,,,,,,,,,,,,,,,,,,,,COASTAL ESTUARY SERVICES LLC,Marsh Not Flooded,29.23103519,-89.25938076
CRMS2634-P03,,8/4/2020,11:55,CST,1.55,GEOID12A,,0.984,,,,,,,,,,,,,,,,,,,,,,,,,,,,,COASTAL ESTUARY SERVICES LLC,Marsh Not Flooded; Dry for 10cm,29.23103519,-89.25938076
CRMS2634-P03,,9/30/2020,13:57,CST,1.47,GEOID12A,,0.328,,,,,,,24.80,4217.00,2.20,,,,,,,,,,,,,,,,,,,,COASTAL ESTUARY SERVICES LLC,Water depth on marsh: 0.1 ft,29.23103519,-89.25938076
CRMS2634-P03,,9/30/2020,13:57,CST,1.47,GEOID12A,,0.984,,,,,,,24.90,5080.00,2.70,,,,,,,,,,,,,,,,,,,,COASTAL ESTUARY SERVICES LLC,Water depth on marsh: 0.1 ft,29.23103519,-89.25938076
CRMS2634-P03,,3/15/2021,14:20,CST,1.32,GEOID12A,,0.328,,,,,,,21.40,6580.00,3.60,,,,,,,,,,,,,,,,,,,,COASTAL ESTUARY SERVICES LLC,Marsh Not Flooded,29.23103519,-89.25938076
CRMS2634-P03,,3/15/2021,14:20,CST,1.32,GEOID12A,,0.984,,,,,,,22.80,6960.00,3.80,,,,,,,,,,,,,,,,,,,,COASTAL ESTUARY SERVICES LLC,Marsh Not Flooded,29.23103519,-89.25938076
CRMS2634-P03,,3/30/2021,11:57,CST,1.74,GEOID12A,,0.328,,,,,,,21.90,4095.00,2.20,,,,,,,,,,,,,,,,,,,,COASTAL ESTUARY SERVICES LLC,Water depth on marsh: 0.1 ft,29.23103519,-89.25938076
CRMS2634-P03,,3/30/2021,11:57,CST,1.74,GEOID12A,,0.984,,,,,,,22.30,5377.00,2.90,,,,,,,,,,,,,,,,,,,,COASTAL ESTUARY SERVICES LLC,Water depth on marsh: 0.1 ft,29.23103519,-89.25938076
CRMS2634-P04,,1/15/2019,11:35,CST,,,,0.328,,,,,,,10.20,1790.00,0.90,,,,,,,,,,,,,,,,,,,,COASTAL ESTUARY SERVICES LLC,E863636 N3239345,29.23077688,-89.25949294
CRMS2634-P04,,1/15/2019,11:35,CST,,,,0.984,,,,,,,10.60,1988.00,1.00,,,,,,,,,,,,,,,,,,,,COASTAL ESTUARY SERVICES LLC,E863636 N3239345,29.23077688,-89.25949294
CRMS2634-P04,,7/17/2019,16:00,CST,2.44,GEOID12A,,0.328,,,,,,,,,,,,,,,,,,,,,,,,,,,,,COASTAL ESTUARY SERVICES LLC,10cm clogged,29.23077688,-89.25949294
CRMS2634-P04,,7/17/2019,16:00,CST,2.44,GEOID12A,,0.984,,,,,,,,,,,,,,,,,,,,,,,,,,,,,COASTAL ESTUARY SERVICES LLC,30cm clogged ,29.23077688,-89.25949294
CRMS2634-P04,,11/3/2020,14:00,CST,0.70,GEOID12A,,0.328,,,,,,,,,,,,,,,,,,,,,,,,,,,,,COASTAL ESTUARY SERVICES LLC,Clogged at 10cm.; Marsh Not Flooded,29.23077688,-89.25949294
CRMS2634-P04,,11/3/2020,14:00,CST,0.70,GEOID12A,,0.984,,,,,,,22.70,2898.00,1.50,,,,,,,,,,,,,,,,,,,,COASTAL ESTUARY SERVICES LLC,Marsh Not Flooded,29.23077688,-89.25949294
CRMS2634-P04,,12/8/2020,11:35,CST,0.37,GEOID12A,,0.328,,,,,,,,,,,,,,,,,,,,,,,,,,,,,COASTAL ESTUARY SERVICES LLC,dry; Marsh Not Flooded,29.23077688,-89.25949294
CRMS2634-P04,,12/8/2020,11:35,CST,0.37,GEOID12A,,0.984,,,,,,,,,,,,,,,,,,,,,,,,,,,,,COASTAL ESTUARY SERVICES LLC,dry; Marsh Not Flooded,29.23077688,-89.25949294
CRMS2634-P04,,1/20/2021,14:25,CST,0.64,GEOID12A,,0.328,,,,,,,,,,,,,,,,,,,,,,,,,,,,,COASTAL ESTUARY SERVICES LLC,Marsh is not flooded.  dry,29.23077688,-89.25949294
CRMS2634-P04,,1/20/2021,14:25,CST,0.64,GEOID12A,,0.984,,,,,,,15.90,2600.00,1.40,,,,,,,,,,,,,,,,,,,,COASTAL ESTUARY SERVICES LLC,Marsh is not flooded.  ,29.23077688,-89.25949294
CRMS2634-P05,,1/15/2019,11:36,CST,,,,0.328,,,,,,,10.20,1807.00,0.90,,,,,,,,,,,,,,,,,,,,COASTAL ESTUARY SERVICES LLC,E863636 N3239345,29.23077688,-89.25949294
CRMS2634-P05,,1/15/2019,11:36,CST,,,,0.984,,,,,,,10.50,2024.00,1.00,,,,,,,,,,,,,,,,,,,,COASTAL ESTUARY SERVICES LLC,E863636 N3239345,29.23077688,-89.25949294
CRMS2634-P05,,7/17/2019,16:00,CST,2.44,GEOID12A,,0.328,,,,,,,,,,,,,,,,,,,,,,,,,,,,,COASTAL ESTUARY SERVICES LLC,10cm clogged,29.23077688,-89.25949294
CRMS2634-P05,,7/17/2019,16:00,CST,2.44,GEOID12A,,0.984,,,,,,,,,,,,,,,,,,,,,,,,,,,,,COASTAL ESTUARY SERVICES LLC,30cm clogged ,29.23077688,-89.25949294
CRMS2634-P05,,11/3/2020,14:00,CST,0.70,GEOID12A,,0.328,,,,,,,,,,,,,,,,,,,,,,,,,,,,,COASTAL ESTUARY SERVICES LLC,Clogged at 10cm.; Marsh Not Flooded,29.23077688,-89.25949294
CRMS2634-P05,,11/3/2020,14:00,CST,0.70,GEOID12A,,0.984,,,,,,,22.30,3284.00,1.70,,,,,,,,,,,,,,,,,,,,COASTAL ESTUARY SERVICES LLC,Marsh Not Flooded,29.23077688,-89.25949294
CRMS2634-P05,,12/8/2020,11:35,CST,0.37,GEOID12A,,0.328,,,,,,,,,,,,,,,,,,,,,,,,,,,,,COASTAL ESTUARY SERVICES LLC,dry; Marsh Not Flooded,29.23077688,-89.25949294
CRMS2634-P05,,12/8/2020,11:35,CST,0.37,GEOID12A,,0.984,,,,,,,,,,,,,,,,,,,,,,,,,,,,,COASTAL ESTUARY SERVICES LLC,dry; Marsh Not Flooded,29.23077688,-89.25949294
CRMS2634-P05,,1/20/2021,14:25,CST,0.64,GEOID12A,,0.328,,,,,,,,,,,,,,,,,,,,,,,,,,,,,COASTAL ESTUARY SERVICES LLC,Marsh is not flooded.  dry,29.23077688,-89.25949294
CRMS2634-P05,,1/20/2021,14:25,CST,0.64,GEOID12A,,0.984,,,,,,,15.90,2992.00,1.60,,,,,,,,,,,,,,,,,,,,COASTAL ESTUARY SERVICES LLC,Marsh is not flooded.  ,29.23077688,-89.25949294
CRMS2634-P06,,1/15/2019,11:37,CST,,,,0.328,,,,,,,10.10,1790.00,0.90,,,,,,,,,,,,,,,,,,,,COASTAL ESTUARY SERVICES LLC,E863636 N3239345,29.23077688,-89.25949294
CRMS2634-P06,,1/15/2019,11:37,CST,,,,0.984,,,,,,,10.50,1975.00,1.00,,,,,,,,,,,,,,,,,,,,COASTAL ESTUARY SERVICES LLC,E863636 N3239345,29.23077688,-89.25949294
CRMS2634-P06,,7/17/2019,16:00,CST,2.44,GEOID12A,,0.328,,,,,,,,,,,,,,,,,,,,,,,,,,,,,COASTAL ESTUARY SERVICES LLC,10cm clogged,29.23077688,-89.25949294
CRMS2634-P06,,7/17/2019,16:00,CST,2.44,GEOID12A,,0.984,,,,,,,,,,,,,,,,,,,,,,,,,,,,,COASTAL ESTUARY SERVICES LLC,30cm clogged ,29.23077688,-89.25949294
CRMS2634-P06,,11/3/2020,14:00,CST,0.70,GEOID12A,,0.328,,,,,,,,,,,,,,,,,,,,,,,,,,,,,COASTAL ESTUARY SERVICES LLC,Clogged at 10cm.; Marsh Not Flooded,29.23077688,-89.25949294
CRMS2634-P06,,11/3/2020,14:00,CST,0.70,GEOID12A,,0.984,,,,,,,21.80,3439.00,1.80,,,,,,,,,,,,,,,,,,,,COASTAL ESTUARY SERVICES LLC,Marsh Not Flooded,29.23077688,-89.25949294
CRMS2634-P06,,12/8/2020,11:35,CST,0.37,GEOID12A,,0.328,,,,,,,,,,,,,,,,,,,,,,,,,,,,,COASTAL ESTUARY SERVICES LLC,dry; Marsh Not Flooded,29.23077688,-89.25949294
CRMS2634-P06,,12/8/2020,11:35,CST,0.37,GEOID12A,,0.984,,,,,,,,,,,,,,,,,,,,,,,,,,,,,COASTAL ESTUARY SERVICES LLC,dry; Marsh Not Flooded,29.23077688,-89.25949294
CRMS2634-P06,,1/20/2021,14:25,CST,0.64,GEOID12A,,0.328,,,,,,,,,,,,,,,,,,,,,,,,,,,,,COASTAL ESTUARY SERVICES LLC,Marsh is not flooded.  dry,29.23077688,-89.25949294
CRMS2634-P06,,1/20/2021,14:25,CST,0.64,GEOID12A,,0.984,,,,,,,15.00,3212.00,1.70,,,,,,,,,,,,,,,,,,,,COASTAL ESTUARY SERVICES LLC,Marsh is not flooded.  ,29.23077688,-89.25949294
CRMS2634-V10,,8/29/2007,14:45,CST,,,,0.328,,,,,,,33.20,3796.00,2.00,,,,,,,,,,,,,,,,,,,,COASTAL ESTUARY SERVICES LLC,,29.23169682,-89.26006910
CRMS2634-V10,,8/20/2008,15:30,CST,,,,,,,,,,,,,,,,,,,,,,,,,,,,,,,,,COASTAL ESTUARY SERVICES LLC,,29.23169682,-89.26006910
CRMS2634-V10,,8/12/2009,08:00,CST,,,,0.328,,,,,,,29.30,3051.00,1.60,,,,,,,,,,,,,,,,,,,,COASTAL ESTUARY SERVICES LLC,,29.23169682,-89.26006910
CRMS2634-V10,,8/12/2009,08:00,CST,,,,0.984,,,,,,,29.20,2557.00,1.30,,,,,,,,,,,,,,,,,,,,COASTAL ESTUARY SERVICES LLC,,29.23169682,-89.26006910
CRMS2634-V10,,6/24/2010,12:50,CST,,,,,,,,,,,,,,,,,,,,,,,,,,,,,,,,,COASTAL ESTUARY SERVICES LLC,,29.23169682,-89.26006910
CRMS2634-V10,,7/19/2011,13:35,CST,,,,,,,,,,,,,,,,,,,,,,,,,,,,,,,,,COASTAL ESTUARY SERVICES LLC,,29.23169682,-89.26006910
CRMS2634-V10,,7/24/2012,10:21,CST,,,,,,,,,,,,,,,,,,,,,,,,,,,,,,,,,COASTAL ESTUARY SERVICES LLC,,29.23169682,-89.26006910
CRMS2634-V10,,7/15/2013,10:21,CST,,,,0.328,,,,,,,29.10,3561.00,1.90,,,,,,,,,,,,,,,,,,,,COASTAL ESTUARY SERVICES LLC,,29.23169682,-89.26006910
CRMS2634-V10,,7/15/2013,10:21,CST,,,,0.984,,,,,,,28.50,8784.00,4.90,,,,,,,,,,,,,,,,,,,,COASTAL ESTUARY SERVICES LLC,,29.23169682,-89.26006910
CRMS2634-V10,,7/16/2014,09:06,CST,,,,,,,,,,,,,,,,,,,,,,,,,,,,,,,,,COASTAL ESTUARY SERVICES LLC,Clogged at 30 cm and 10 cm,29.23169682,-89.26006910
CRMS2634-V10,,7/8/2015,09:17,CST,,,,,,,,,,,,,,,,,,,,,,,,,,,,,,,,,COASTAL ESTUARY SERVICES LLC,plot inaccessible due to Phragmites australis; porewater not taken,29.23169682,-89.26006910
CRMS2634-V10,,8/9/2016,11:05,CST,,,,,,,,,,,,,,,,,,,,,,,,,,,,,,,,,COASTAL ESTUARY SERVICES LLC,100% Phragmites australis - did not access,29.23169682,-89.26006910
CRMS2634-V10,,7/19/2017,12:44,CST,,,,0.328,,,,,,,,,,,,,,,,,,,,,,,,,,,,,COASTAL ESTUARY SERVICES LLC,Clogged,29.23169682,-89.26006910
CRMS2634-V10,,7/19/2017,12:44,CST,,,,0.984,,,,,,,,,,,,,,,,,,,,,,,,,,,,,COASTAL ESTUARY SERVICES LLC,Clogged,29.23169682,-89.26006910
CRMS2634-V10,,7/25/2018,11:57,CST,,,,0.328,,,,,,,29.40,6330.00,3.40,,,,,,,,,,,,,,,,,,,,COASTAL ESTUARY SERVICES LLC,Depth of water on marsh = 0.7ft,29.23169682,-89.26006910
CRMS2634-V10,,7/25/2018,11:57,CST,,,,0.984,,,,,,,28.90,6553.00,3.60,,,,,,,,,,,,,,,,,,,,COASTAL ESTUARY SERVICES LLC,Depth of water on marsh = 0.7ft,29.23169682,-89.26006910
CRMS2634-V10,,7/17/2019,16:59,CST,2.44,GEOID12A,,0.328,,,,,,,30.70,3283.00,1.70,,,,,,,,,,,,,,,,,,,,COASTAL ESTUARY SERVICES LLC,,29.23169682,-89.26006910
CRMS2634-V10,,7/17/2019,16:59,CST,2.44,GEOID12A,,0.984,,,,,,,28.70,6139.00,3.30,,,,,,,,,,,,,,,,,,,,COASTAL ESTUARY SERVICES LLC,,29.23169682,-89.26006910
CRMS2634-V10,,6/17/2020,13:16,CST,2.21,GEOID12A,,0.328,,,,,,,24.80,1992.00,1.00,,,,,,,,,,,,,,,,,,,,COASTAL ESTUARY SERVICES LLC,1.1 ft of water on marsh,29.23169682,-89.26006910
CRMS2634-V10,,6/17/2020,13:16,CST,2.21,GEOID12A,,0.984,,,,,,,22.80,2515.00,1.30,,,,,,,,,,,,,,,,,,,,COASTAL ESTUARY SERVICES LLC,1.1 ft of water on marsh,29.23169682,-89.26006910
CRMS2634-V10,,6/8/2021,16:16,CST,,,,0.328,,,,,,,27.30,6519.00,3.50,,,,,,,,,,,,,,,,,,,,COASTAL ESTUARY SERVICES LLC,Marsh Not Flooded; ,29.23169682,-89.26006910
CRMS2634-V10,,6/8/2021,16:16,CST,,,,0.984,,,,,,,29.10,7025.00,3.80,,,,,,,,,,,,,,,,,,,,COASTAL ESTUARY SERVICES LLC,Marsh Not Flooded; ,29.23169682,-89.26006910
CRMS2634-V100,,7/19/2017,14:12,CST,,,,0.328,,,,,,,,,,,,,,,,,,,,,,,,,,,,,COASTAL ESTUARY SERVICES LLC,Clogged,29.23067733,-89.25915738
CRMS2634-V100,,7/19/2017,14:12,CST,,,,0.984,,,,,,,,,,,,,,,,,,,,,,,,,,,,,COASTAL ESTUARY SERVICES LLC,Clogged,29.23067733,-89.25915738
CRMS2634-V100,,7/25/2018,13:51,CST,,,,0.328,,,,,,,31.40,1754.00,0.90,,,,,,,,,,,,,,,,,,,,COASTAL ESTUARY SERVICES LLC,no water on marsh,29.23067733,-89.25915738
CRMS2634-V100,,7/25/2018,13:51,CST,,,,0.984,,,,,,,28.80,3238.00,1.70,,,,,,,,,,,,,,,,,,,,COASTAL ESTUARY SERVICES LLC,no water on marsh,29.23067733,-89.25915738
CRMS2634-V100,,7/17/2019,16:25,CST,2.44,GEOID12A,,0.328,,,,,,,29.00,1204.00,0.60,,,,,,,,,,,,,,,,,,,,COASTAL ESTUARY SERVICES LLC,,29.23067733,-89.25915738
CRMS2634-V100,,7/17/2019,16:25,CST,2.44,GEOID12A,,0.984,,,,,,,29.10,2164.00,1.10,,,,,,,,,,,,,,,,,,,,COASTAL ESTUARY SERVICES LLC,,29.23067733,-89.25915738
CRMS2634-V100,,6/8/2021,15:51,CST,,,,0.328,,,,,,,28.60,2213.00,1.10,,,,,,,,,,,,,,,,,,,,COASTAL ESTUARY SERVICES LLC,Marsh Not Flooded; ,29.23067733,-89.25915738
CRMS2634-V100,,6/8/2021,15:51,CST,,,,0.984,,,,,,,28.30,2635.00,1.40,,,,,,,,,,,,,,,,,,,,COASTAL ESTUARY SERVICES LLC,Marsh Not Flooded; ,29.23067733,-89.25915738
CRMS2634-V101,,7/19/2017,14:02,CST,,,,0.328,,,,,,,,,,,,,,,,,,,,,,,,,,,,,COASTAL ESTUARY SERVICES LLC,Clogged,29.23060240,-89.25905732
CRMS2634-V101,,7/19/2017,14:02,CST,,,,0.984,,,,,,,,,,,,,,,,,,,,,,,,,,,,,COASTAL ESTUARY SERVICES LLC,Clogged,29.23060240,-89.25905732
CRMS2634-V101,,7/25/2018,13:43,CST,,,,0.328,,,,,,,32.20,1076.00,0.50,,,,,,,,,,,,,,,,,,,,COASTAL ESTUARY SERVICES LLC,no water on marsh,29.23060240,-89.25905732
CRMS2634-V101,,7/25/2018,13:43,CST,,,,0.984,,,,,,,28.90,3449.00,1.80,,,,,,,,,,,,,,,,,,,,COASTAL ESTUARY SERVICES LLC,no water on marsh,29.23060240,-89.25905732
CRMS2634-V101,,7/17/2019,16:17,CST,2.44,GEOID12A,,0.328,,,,,,,28.60,3900.00,2.00,,,,,,,,,,,,,,,,,,,,COASTAL ESTUARY SERVICES LLC,,29.23060240,-89.25905732
CRMS2634-V101,,7/17/2019,16:17,CST,2.44,GEOID12A,,0.984,,,,,,,28.60,3674.00,1.90,,,,,,,,,,,,,,,,,,,,COASTAL ESTUARY SERVICES LLC,,29.23060240,-89.25905732
CRMS2634-V101,,6/17/2020,13:45,CST,2.21,GEOID12A,,0.328,,,,,,,28.50,1834.00,0.90,,,,,,,,,,,,,,,,,,,,COASTAL ESTUARY SERVICES LLC,0.6 ft of water on marsh,29.23060240,-89.25905732
CRMS2634-V101,,6/17/2020,13:45,CST,2.21,GEOID12A,,0.984,,,,,,,29.90,2078.00,1.10,,,,,,,,,,,,,,,,,,,,COASTAL ESTUARY SERVICES LLC,0.6 ft of water on marsh,29.23060240,-89.25905732
CRMS2634-V101,,6/8/2021,15:59,CST,,,,0.328,,,,,,,29.80,2270.00,1.20,,,,,,,,,,,,,,,,,,,,COASTAL ESTUARY SERVICES LLC,Marsh Not Flooded; ,29.23060240,-89.25905732
CRMS2634-V101,,6/8/2021,15:59,CST,,,,0.984,,,,,,,28.30,2534.00,1.30,,,,,,,,,,,,,,,,,,,,COASTAL ESTUARY SERVICES LLC,Marsh Not Flooded; ,29.23060240,-89.25905732
CRMS2634-V14,,8/12/2009,08:04,CST,,,,0.328,,,,,,,28.40,4049.00,2.10,,,,,,,,,,,,,,,,,,,,COASTAL ESTUARY SERVICES LLC,,29.23161783,-89.25998461
CRMS2634-V14,,6/24/2010,13:05,CST,,,,0.328,,,,,,,31.40,2242.00,1.10,,,,,,,,,,,,,,,,,,,,COASTAL ESTUARY SERVICES LLC,,29.23161783,-89.25998461
CRMS2634-V14,,6/24/2010,13:05,CST,,,,0.984,,,,,,,31.80,5160.00,2.80,,,,,,,,,,,,,,,,,,,,COASTAL ESTUARY SERVICES LLC,,29.23161783,-89.25998461
CRMS2634-V14,,7/19/2011,13:44,CST,,,,0.984,,,,,,,30.20,3637.00,1.90,,,,,,,,,,,,,,,,,,,,COASTAL ESTUARY SERVICES LLC,,29.23161783,-89.25998461
CRMS2634-V14,,7/24/2012,10:29,CST,,,,,,,,,,,,,,,,,,,,,,,,,,,,,,,,,COASTAL ESTUARY SERVICES LLC,,29.23161783,-89.25998461
CRMS2634-V14,,7/15/2013,10:35,CST,,,,0.328,,,,,,,28.50,4448.00,2.40,,,,,,,,,,,,,,,,,,,,COASTAL ESTUARY SERVICES LLC,,29.23161783,-89.25998461
CRMS2634-V14,,7/15/2013,10:35,CST,,,,0.984,,,,,,,27.50,10680.00,6.00,,,,,,,,,,,,,,,,,,,,COASTAL ESTUARY SERVICES LLC,,29.23161783,-89.25998461
CRMS2634-V14,,7/16/2014,09:10,CST,,,,,,,,,,,,,,,,,,,,,,,,,,,,,,,,,COASTAL ESTUARY SERVICES LLC,Clogged at 30 cm and 10 cm,29.23161783,-89.25998461
CRMS2634-V14,,7/8/2015,09:12,CST,,,,,,,,,,,,,,,,,,,,,,,,,,,,,,,,,COASTAL ESTUARY SERVICES LLC,clogged at 10 cm and 30cm,29.23161783,-89.25998461
CRMS2634-V14,,8/9/2016,11:05,CST,,,,,,,,,,,,,,,,,,,,,,,,,,,,,,,,,COASTAL ESTUARY SERVICES LLC,100% Phragmites australis - did not access,29.23161783,-89.25998461
CRMS2634-V14,,7/19/2017,12:57,CST,,,,0.328,,,,,,,,,,,,,,,,,,,,,,,,,,,,,COASTAL ESTUARY SERVICES LLC,Clogged,29.23161783,-89.25998461
CRMS2634-V14,,7/19/2017,12:57,CST,,,,0.984,,,,,,,,,,,,,,,,,,,,,,,,,,,,,COASTAL ESTUARY SERVICES LLC,Clogged,29.23161783,-89.25998461
CRMS2634-V14,,7/25/2018,12:21,CST,,,,0.328,,,,,,,30.20,6456.00,3.50,,,,,,,,,,,,,,,,,,,,COASTAL ESTUARY SERVICES LLC,Depth of water on marsh = 0.6ft,29.23161783,-89.25998461
CRMS2634-V14,,7/25/2018,12:21,CST,,,,0.984,,,,,,,29.00,7684.00,4.20,,,,,,,,,,,,,,,,,,,,COASTAL ESTUARY SERVICES LLC,Depth of water on marsh = 0.6ft,29.23161783,-89.25998461
CRMS2634-V14,,7/17/2019,17:05,CST,2.44,GEOID12A,,0.328,,,,,,,29.70,2803.00,1.40,,,,,,,,,,,,,,,,,,,,COASTAL ESTUARY SERVICES LLC,,29.23161783,-89.25998461
CRMS2634-V14,,7/17/2019,17:05,CST,2.44,GEOID12A,,0.984,,,,,,,29.00,5761.00,3.10,,,,,,,,,,,,,,,,,,,,COASTAL ESTUARY SERVICES LLC,,29.23161783,-89.25998461
CRMS2634-V14,,6/8/2021,16:08,CST,,,,0.328,,,,,,,28.80,5091.00,2.70,,,,,,,,,,,,,,,,,,,,COASTAL ESTUARY SERVICES LLC,Marsh Not Flooded; ,29.23161783,-89.25998461
CRMS2634-V14,,6/8/2021,16:08,CST,,,,0.984,,,,,,,28.80,5558.00,3.00,,,,,,,,,,,,,,,,,,,,COASTAL ESTUARY SERVICES LLC,Marsh Not Flooded; ,29.23161783,-89.25998461
CRMS2634-V19,,8/29/2007,14:35,CST,,,,0.328,,,,,,,32.90,3979.00,2.10,,,,,,,,,,,,,,,,,,,,COASTAL ESTUARY SERVICES LLC,,29.23152021,-89.25987895
CRMS2634-V19,,8/29/2007,14:35,CST,,,,0.984,,,,,,,31.80,4286.00,2.30,,,,,,,,,,,,,,,,,,,,COASTAL ESTUARY SERVICES LLC,,29.23152021,-89.25987895
CRMS2634-V19,,8/20/2008,15:44,CST,,,,,,,,,,,,,,,,,,,,,,,,,,,,,,,,,COASTAL ESTUARY SERVICES LLC,,29.23152021,-89.25987895
CRMS2634-V19,,8/12/2009,08:10,CST,,,,0.328,,,,,,,28.80,3188.00,1.70,,,,,,,,,,,,,,,,,,,,COASTAL ESTUARY SERVICES LLC,,29.23152021,-89.25987895
CRMS2634-V19,,6/24/2010,13:15,CST,,,,,,,,,,,,,,,,,,,,,,,,,,,,,,,,,COASTAL ESTUARY SERVICES LLC,,29.23152021,-89.25987895
CRMS2634-V19,,7/19/2011,13:58,CST,,,,0.328,,,,,,,29.30,963.00,0.50,,,,,,,,,,,,,,,,,,,,COASTAL ESTUARY SERVICES LLC,,29.23152021,-89.25987895
CRMS2634-V19,,7/24/2012,11:37,CST,,,,,,,,,,,,,,,,,,,,,,,,,,,,,,,,,COASTAL ESTUARY SERVICES LLC,,29.23152021,-89.25987895
CRMS2634-V19,,7/15/2013,10:44,CST,,,,0.328,,,,,,,28.90,826.00,0.40,,,,,,,,,,,,,,,,,,,,COASTAL ESTUARY SERVICES LLC,30 cm clogged,29.23152021,-89.25987895
CRMS2634-V19,,7/16/2014,09:13,CST,,,,,,,,,,,,,,,,,,,,,,,,,,,,,,,,,COASTAL ESTUARY SERVICES LLC,Clogged at 30 cm and 10 cm,29.23152021,-89.25987895
CRMS2634-V19,,7/8/2015,09:07,CST,,,,0.328,,,,,,,30.10,2329.00,1.20,,,,,,,,,,,,,,,,,,,,COASTAL ESTUARY SERVICES LLC,clogged at 30cm,29.23152021,-89.25987895
CRMS2634-V19,,8/9/2016,11:10,CST,,,,,,,,,,,,,,,,,,,,,,,,,,,,,,,,,COASTAL ESTUARY SERVICES LLC,Clogged at 10cm and 30cm ,29.23152021,-89.25987895
CRMS2634-V19,,7/19/2017,13:07,CST,,,,0.328,,,,,,,,,,,,,,,,,,,,,,,,,,,,,COASTAL ESTUARY SERVICES LLC,Clogged,29.23152021,-89.25987895
CRMS2634-V19,,7/19/2017,13:07,CST,,,,0.984,,,,,,,,,,,,,,,,,,,,,,,,,,,,,COASTAL ESTUARY SERVICES LLC,Clogged,29.23152021,-89.25987895
CRMS2634-V19,,7/25/2018,12:28,CST,,,,0.328,,,,,,,30.20,3473.00,1.80,,,,,,,,,,,,,,,,,,,,COASTAL ESTUARY SERVICES LLC,Depth of water on marsh = 0.5ft,29.23152021,-89.25987895
CRMS2634-V19,,7/25/2018,12:28,CST,,,,0.984,,,,,,,28.80,3500.00,1.70,,,,,,,,,,,,,,,,,,,,COASTAL ESTUARY SERVICES LLC,Depth of water on marsh = 0.5ft,29.23152021,-89.25987895
CRMS2634-V19,,7/17/2019,17:01,CST,2.44,GEOID12A,,0.328,,,,,,,29.20,3431.00,1.80,,,,,,,,,,,,,,,,,,,,COASTAL ESTUARY SERVICES LLC,,29.23152021,-89.25987895
CRMS2634-V19,,7/17/2019,17:01,CST,2.44,GEOID12A,,0.984,,,,,,,29.90,4760.00,2.50,,,,,,,,,,,,,,,,,,,,COASTAL ESTUARY SERVICES LLC,,29.23152021,-89.25987895
CRMS2634-V19,,6/17/2020,13:22,CST,2.21,GEOID12A,,0.328,,,,,,,30.30,1824.00,0.90,,,,,,,,,,,,,,,,,,,,COASTAL ESTUARY SERVICES LLC,1.1 ft of water on marsh,29.23152021,-89.25987895
CRMS2634-V19,,6/17/2020,13:22,CST,2.21,GEOID12A,,0.984,,,,,,,25.30,2338.00,1.20,,,,,,,,,,,,,,,,,,,,COASTAL ESTUARY SERVICES LLC,1.1 ft of water on marsh,29.23152021,-89.25987895
CRMS2634-V19,,6/8/2021,16:00,CST,,,,0.328,,,,,,,28.60,7622.00,4.20,,,,,,,,,,,,,,,,,,,,COASTAL ESTUARY SERVICES LLC,Marsh Not Flooded; ,29.23152021,-89.25987895
CRMS2634-V19,,6/8/2021,16:00,CST,,,,0.984,,,,,,,32.60,8720.00,4.80,,,,,,,,,,,,,,,,,,,,COASTAL ESTUARY SERVICES LLC,Marsh Not Flooded; ,29.23152021,-89.25987895
CRMS2634-V27,,8/12/2009,08:15,CST,,,,0.328,,,,,,,29.30,2119.00,1.00,,,,,,,,,,,,,,,,,,,,COASTAL ESTUARY SERVICES LLC,,29.23136223,-89.25971061
CRMS2634-V27,,6/24/2010,13:30,CST,,,,,,,,,,,,,,,,,,,,,,,,,,,,,,,,,COASTAL ESTUARY SERVICES LLC,,29.23136223,-89.25971061
CRMS2634-V27,,7/19/2011,14:06,CST,,,,0.328,,,,,,,30.20,2120.00,1.10,,,,,,,,,,,,,,,,,,,,COASTAL ESTUARY SERVICES LLC,,29.23136223,-89.25971061
CRMS2634-V27,,7/19/2011,14:06,CST,,,,0.984,,,,,,,29.40,3930.00,2.10,,,,,,,,,,,,,,,,,,,,COASTAL ESTUARY SERVICES LLC,,29.23136223,-89.25971061
CRMS2634-V27,,7/24/2012,11:47,CST,,,,,,,,,,,,,,,,,,,,,,,,,,,,,,,,,COASTAL ESTUARY SERVICES LLC,,29.23136223,-89.25971061
CRMS2634-V27,,7/15/2013,10:57,CST,,,,,,,,,,,,,,,,,,,,,,,,,,,,,,,,,COASTAL ESTUARY SERVICES LLC,10 cm and 30 cm clogged,29.23136223,-89.25971061
CRMS2634-V27,,7/16/2014,09:27,CST,,,,,,,,,,,,,,,,,,,,,,,,,,,,,,,,,COASTAL ESTUARY SERVICES LLC,Clogged at 30 cm and 10 cm,29.23136223,-89.25971061
CRMS2634-V27,,7/8/2015,09:05,CST,,,,,,,,,,,,,,,,,,,,,,,,,,,,,,,,,COASTAL ESTUARY SERVICES LLC,clogged at 10 cm and 30cm,29.23136223,-89.25971061
CRMS2634-V27,,8/9/2016,11:15,CST,,,,,,,,,,,,,,,,,,,,,,,,,,,,,,,,,COASTAL ESTUARY SERVICES LLC,Clogged at 10cm and 30cm ,29.23136223,-89.25971061
CRMS2634-V27,,7/19/2017,13:19,CST,,,,0.328,,,,,,,34.00,2552.00,1.30,,,,,,,,,,,,,,,,,,,,COASTAL ESTUARY SERVICES LLC,,29.23136223,-89.25971061
CRMS2634-V27,,7/19/2017,13:19,CST,,,,0.984,,,,,,,,,,,,,,,,,,,,,,,,,,,,,COASTAL ESTUARY SERVICES LLC,Clogged,29.23136223,-89.25971061
CRMS2634-V27,,7/25/2018,12:53,CST,,,,0.328,,,,,,,29.80,3154.00,1.60,,,,,,,,,,,,,,,,,,,,COASTAL ESTUARY SERVICES LLC,Depth of water on marsh = 0.5ft,29.23136223,-89.25971061
CRMS2634-V27,,7/25/2018,12:53,CST,,,,0.984,,,,,,,29.80,4785.00,2.50,,,,,,,,,,,,,,,,,,,,COASTAL ESTUARY SERVICES LLC,Depth of water on marsh = 0.5ft,29.23136223,-89.25971061
CRMS2634-V27,,7/17/2019,16:40,CST,2.44,GEOID12A,,0.328,,,,,,,28.90,2065.00,1.00,,,,,,,,,,,,,,,,,,,,COASTAL ESTUARY SERVICES LLC,,29.23136223,-89.25971061
CRMS2634-V27,,7/17/2019,16:40,CST,2.44,GEOID12A,,0.984,,,,,,,29.40,3768.00,2.00,,,,,,,,,,,,,,,,,,,,COASTAL ESTUARY SERVICES LLC,,29.23136223,-89.25971061
CRMS2634-V27,,6/8/2021,15:56,CST,,,,0.328,,,,,,,29.00,7511.00,4.10,,,,,,,,,,,,,,,,,,,,COASTAL ESTUARY SERVICES LLC,Water Level: 0.3 ft Above Marsh; ,29.23136223,-89.25971061
CRMS2634-V27,,6/8/2021,15:56,CST,,,,0.984,,,,,,,29.00,7789.00,4.30,,,,,,,,,,,,,,,,,,,,COASTAL ESTUARY SERVICES LLC,Water Level: 0.3 ft Above Marsh; ,29.23136223,-89.25971061
CRMS2634-V29,,8/29/2007,14:25,CST,,,,0.328,,,,,,,30.80,4178.00,2.20,,,,,,,,,,,,,,,,,,,,COASTAL ESTUARY SERVICES LLC,,29.23132273,-89.25966836
CRMS2634-V29,,8/20/2008,15:50,CST,,,,,,,,,,,,,,,,,,,,,,,,,,,,,,,,,COASTAL ESTUARY SERVICES LLC,,29.23132273,-89.25966836
CRMS2634-V29,,8/12/2009,08:19,CST,,,,,,,,,,,,,,,,,,,,,,,,,,,,,,,,,COASTAL ESTUARY SERVICES LLC,,29.23132273,-89.25966836
CRMS2634-V29,,6/24/2010,13:25,CST,,,,,,,,,,,,,,,,,,,,,,,,,,,,,,,,,COASTAL ESTUARY SERVICES LLC,,29.23132273,-89.25966836
CRMS2634-V29,,7/19/2011,14:12,CST,,,,,,,,,,,,,,,,,,,,,,,,,,,,,,,,,COASTAL ESTUARY SERVICES LLC,,29.23132273,-89.25966836
CRMS2634-V29,,7/24/2012,11:54,CST,,,,,,,,,,,,,,,,,,,,,,,,,,,,,,,,,COASTAL ESTUARY SERVICES LLC,,29.23132273,-89.25966836
CRMS2634-V29,,7/15/2013,11:10,CST,,,,,,,,,,,,,,,,,,,,,,,,,,,,,,,,,COASTAL ESTUARY SERVICES LLC,10 cm and 30 cm clogged,29.23132273,-89.25966836
CRMS2634-V29,,7/16/2014,09:42,CST,,,,,,,,,,,,,,,,,,,,,,,,,,,,,,,,,COASTAL ESTUARY SERVICES LLC,Clogged at 30 cm and 10 cm,29.23132273,-89.25966836
CRMS2634-V29,,7/8/2015,08:56,CST,,,,0.328,,,,,,,29.90,942.00,0.50,,,,,,,,,,,,,,,,,,,,COASTAL ESTUARY SERVICES LLC,,29.23132273,-89.25966836
CRMS2634-V29,,7/8/2015,08:56,CST,,,,0.984,,,,,,,30.90,3750.00,2.00,,,,,,,,,,,,,,,,,,,,COASTAL ESTUARY SERVICES LLC,,29.23132273,-89.25966836
CRMS2634-V29,,8/9/2016,11:19,CST,,,,,,,,,,,,,,,,,,,,,,,,,,,,,,,,,COASTAL ESTUARY SERVICES LLC,Clogged at 10cm and 30cm ,29.23132273,-89.25966836
CRMS2634-V29,,7/19/2017,13:33,CST,,,,0.328,,,,,,,32.70,3407.00,1.80,,,,,,,,,,,,,,,,,,,,COASTAL ESTUARY SERVICES LLC,,29.23132273,-89.25966836
CRMS2634-V29,,7/19/2017,13:33,CST,,,,0.984,,,,,,,,,,,,,,,,,,,,,,,,,,,,,COASTAL ESTUARY SERVICES LLC,Clogged at 30cm,29.23132273,-89.25966836
CRMS2634-V29,,7/25/2018,12:47,CST,,,,0.328,,,,,,,28.60,4275.00,2.30,,,,,,,,,,,,,,,,,,,,COASTAL ESTUARY SERVICES LLC,Depth of water on marsh = 0.6ft,29.23132273,-89.25966836
CRMS2634-V29,,7/25/2018,12:47,CST,,,,0.984,,,,,,,28.80,4275.00,2.30,,,,,,,,,,,,,,,,,,,,COASTAL ESTUARY SERVICES LLC,Depth of water on marsh = 0.6ft,29.23132273,-89.25966836
CRMS2634-V29,,7/17/2019,16:45,CST,2.44,GEOID12A,,0.328,,,,,,,29.60,1101.00,0.50,,,,,,,,,,,,,,,,,,,,COASTAL ESTUARY SERVICES LLC,,29.23132273,-89.25966836
CRMS2634-V29,,7/17/2019,16:45,CST,2.44,GEOID12A,,0.984,,,,,,,,,,,,,,,,,,,,,,,,,,,,,COASTAL ESTUARY SERVICES LLC,30cm clogged.,29.23132273,-89.25966836
CRMS2634-V29,,6/17/2020,13:31,CST,2.21,GEOID12A,,0.328,,,,,,,27.30,2164.00,1.10,,,,,,,,,,,,,,,,,,,,COASTAL ESTUARY SERVICES LLC,1.2 ft of water on marsh,29.23132273,-89.25966836
CRMS2634-V29,,6/17/2020,13:31,CST,2.21,GEOID12A,,0.984,,,,,,,,,,,,,,,,,,,,,,,,,,,,,COASTAL ESTUARY SERVICES LLC,clogged; 1.2 ft of water on marsh,29.23132273,-89.25966836
CRMS2634-V29,,6/8/2021,15:46,CST,,,,0.328,,,,,,,30.20,7714.00,4.20,,,,,,,,,,,,,,,,,,,,COASTAL ESTUARY SERVICES LLC,Water Level: 0.35 ft Above Marsh; ,29.23132273,-89.25966836
CRMS2634-V29,,6/8/2021,15:46,CST,,,,0.984,,,,,,,32.20,6645.00,3.60,,,,,,,,,,,,,,,,,,,,COASTAL ESTUARY SERVICES LLC,Water Level: 0.35 ft Above Marsh; ,29.23132273,-89.25966836
CRMS2634-V33,,8/12/2009,08:39,CST,,,,0.328,,,,,,,29.30,2422.00,1.20,,,,,,,,,,,,,,,,,,,,COASTAL ESTUARY SERVICES LLC,,29.23124373,-89.25958387
CRMS2634-V33,,6/24/2010,13:47,CST,,,,,,,,,,,,,,,,,,,,,,,,,,,,,,,,,COASTAL ESTUARY SERVICES LLC,,29.23124373,-89.25958387
CRMS2634-V33,,7/19/2011,14:20,CST,,,,0.984,,,,,,,29.70,3241.00,1.70,,,,,,,,,,,,,,,,,,,,COASTAL ESTUARY SERVICES LLC,,29.23124373,-89.25958387
CRMS2634-V33,,7/24/2012,12:05,CST,,,,,,,,,,,,,,,,,,,,,,,,,,,,,,,,,COASTAL ESTUARY SERVICES LLC,,29.23124373,-89.25958387
CRMS2634-V33,,7/15/2013,11:20,CST,,,,,,,,,,,,,,,,,,,,,,,,,,,,,,,,,COASTAL ESTUARY SERVICES LLC,10 cm and 30 cm clogged,29.23124373,-89.25958387
CRMS2634-V33,,7/16/2014,10:01,CST,,,,,,,,,,,,,,,,,,,,,,,,,,,,,,,,,COASTAL ESTUARY SERVICES LLC,Clogged at 30 cm and 10 cm,29.23124373,-89.25958387
CRMS2634-V33,,7/8/2015,08:48,CST,,,,0.328,,,,,,,30.10,708.00,0.30,,,,,,,,,,,,,,,,,,,,COASTAL ESTUARY SERVICES LLC,clogged at 30cm,29.23124373,-89.25958387
CRMS2634-V33,,8/9/2016,11:27,CST,,,,,,,,,,,,,,,,,,,,,,,,,,,,,,,,,COASTAL ESTUARY SERVICES LLC,Clogged at 10cm and 30cm ,29.23124373,-89.25958387
CRMS2634-V33,,7/19/2017,13:43,CST,,,,0.328,,,,,,,33.40,1840.00,0.90,,,,,,,,,,,,,,,,,,,,COASTAL ESTUARY SERVICES LLC,,29.23124373,-89.25958387
CRMS2634-V33,,7/19/2017,13:43,CST,,,,0.984,,,,,,,34.30,3530.00,1.80,,,,,,,,,,,,,,,,,,,,COASTAL ESTUARY SERVICES LLC,,29.23124373,-89.25958387
CRMS2634-V33,,7/25/2018,12:37,CST,,,,0.328,,,,,,,29.30,3045.00,1.60,,,,,,,,,,,,,,,,,,,,COASTAL ESTUARY SERVICES LLC,Depth of water on marsh = 0.6ft,29.23124373,-89.25958387
CRMS2634-V33,,7/25/2018,12:37,CST,,,,0.984,,,,,,,29.30,4492.00,2.40,,,,,,,,,,,,,,,,,,,,COASTAL ESTUARY SERVICES LLC,Depth of water on marsh = 0.6ft,29.23124373,-89.25958387
CRMS2634-V33,,7/17/2019,17:10,CST,2.44,GEOID12A,,0.328,,,,,,,,,,,,,,,,,,,,,,,,,,,,,COASTAL ESTUARY SERVICES LLC,10cm clogged.,29.23124373,-89.25958387
CRMS2634-V33,,7/17/2019,17:10,CST,2.44,GEOID12A,,0.984,,,,,,,,,,,,,,,,,,,,,,,,,,,,,COASTAL ESTUARY SERVICES LLC,30cm clogged.,29.23124373,-89.25958387
CRMS2634-V33,,6/8/2021,14:32,CST,,,,0.328,,,,,,,31.50,3166.00,1.60,,,,,,,,,,,,,,,,,,,,COASTAL ESTUARY SERVICES LLC,Water Level: 0.7 ft Above Marsh; ,29.23124373,-89.25958387
CRMS2634-V33,,6/8/2021,14:32,CST,,,,0.984,,,,,,,30.70,6580.00,3.60,,,,,,,,,,,,,,,,,,,,COASTAL ESTUARY SERVICES LLC,Water Level: 0.7 ft Above Marsh; ,29.23124373,-89.25958387
CRMS2634-V56,,8/29/2007,14:10,CST,,,,0.984,,,,,,,29.90,5270.00,2.80,,,,,,,,,,,,,,,,,,,,COASTAL ESTUARY SERVICES LLC,,29.23079065,-89.25909929
CRMS2634-V56,,8/20/2008,16:03,CST,,,,,,,,,,,,,,,,,,,,,,,,,,,,,,,,,COASTAL ESTUARY SERVICES LLC,,29.23079065,-89.25909929
CRMS2634-V56,,8/12/2009,08:24,CST,,,,0.328,,,,,,,29.00,2625.00,1.30,,,,,,,,,,,,,,,,,,,,COASTAL ESTUARY SERVICES LLC,,29.23079065,-89.25909929
CRMS2634-V56,,8/12/2009,08:24,CST,,,,0.984,,,,,,,29.00,2903.00,1.50,,,,,,,,,,,,,,,,,,,,COASTAL ESTUARY SERVICES LLC,,29.23079065,-89.25909929
CRMS2634-V56,,6/24/2010,14:00,CST,,,,,,,,,,,,,,,,,,,,,,,,,,,,,,,,,COASTAL ESTUARY SERVICES LLC,,29.23079065,-89.25909929
CRMS2634-V56,,7/19/2011,14:28,CST,,,,0.984,,,,,,,31.80,2998.00,1.50,,,,,,,,,,,,,,,,,,,,COASTAL ESTUARY SERVICES LLC,,29.23079065,-89.25909929
CRMS2634-V56,,7/16/2014,10:24,CST,,,,,,,,,,,,,,,,,,,,,,,,,,,,,,,,,COASTAL ESTUARY SERVICES LLC,Clogged at 30 cm and 10 cm,29.23079065,-89.25909929
CRMS2634-V56,,7/8/2015,09:25,CST,,,,,,,,,,,,,,,,,,,,,,,,,,,,,,,,,COASTAL ESTUARY SERVICES LLC,plot inaccessible due to Phragmites australis; porewater not taken,29.23079065,-89.25909929
CRMS2634-V56,,8/9/2016,11:32,CST,,,,,,,,,,,,,,,,,,,,,,,,,,,,,,,,,COASTAL ESTUARY SERVICES LLC,100% Phragmites australis - did not access,29.23079065,-89.25909929
CRMS2634-V62,,8/12/2009,08:30,CST,,,,0.328,,,,,,,29.10,1752.00,0.90,,,,,,,,,,,,,,,,,,,,COASTAL ESTUARY SERVICES LLC,,29.23067215,-89.25897256
CRMS2634-V62,,6/24/2010,14:15,CST,,,,,,,,,,,,,,,,,,,,,,,,,,,,,,,,,COASTAL ESTUARY SERVICES LLC,,29.23067215,-89.25897256
CRMS2634-V62,,7/19/2011,14:33,CST,,,,,,,,,,,,,,,,,,,,,,,,,,,,,,,,,COASTAL ESTUARY SERVICES LLC,,29.23067215,-89.25897256
CRMS2634-V62,,7/16/2014,10:37,CST,,,,,,,,,,,,,,,,,,,,,,,,,,,,,,,,,COASTAL ESTUARY SERVICES LLC,Clogged at 30 cm and 10 cm,29.23067215,-89.25897256
CRMS2634-V62,,7/8/2015,09:25,CST,,,,,,,,,,,,,,,,,,,,,,,,,,,,,,,,,COASTAL ESTUARY SERVICES LLC,plot inaccessible due to Phragmites australis; porewater not taken,29.23067215,-89.25897256
CRMS2634-V62,,8/9/2016,11:40,CST,,,,,,,,,,,,,,,,,,,,,,,,,,,,,,,,,COASTAL ESTUARY SERVICES LLC,100% Phragmites australis - did not access,29.23067215,-89.25897256
CRMS2634-V69,,8/29/2007,13:55,CST,,,,0.328,,,,,,,30.90,4419.00,2.30,,,,,,,,,,,,,,,,,,,,COASTAL ESTUARY SERVICES LLC,,29.23053503,-89.25882466
CRMS2634-V69,,8/29/2007,13:55,CST,,,,0.984,,,,,,,29.70,3283.00,1.70,,,,,,,,,,,,,,,,,,,,COASTAL ESTUARY SERVICES LLC,,29.23053503,-89.25882466
CRMS2634-V69,,8/20/2008,16:15,CST,,,,,,,,,,,,,,,,,,,,,,,,,,,,,,,,,COASTAL ESTUARY SERVICES LLC,,29.23053503,-89.25882466
CRMS2634-V69,,8/12/2009,08:49,CST,,,,0.328,,,,,,,27.70,2636.00,1.40,,,,,,,,,,,,,,,,,,,,COASTAL ESTUARY SERVICES LLC,,29.23053503,-89.25882466
CRMS2634-V69,,8/12/2009,08:49,CST,,,,0.984,,,,,,,27.40,3580.00,1.90,,,,,,,,,,,,,,,,,,,,COASTAL ESTUARY SERVICES LLC,,29.23053503,-89.25882466
CRMS2634-V69,,6/24/2010,14:22,CST,,,,0.328,,,,,,,29.60,3491.00,1.80,,,,,,,,,,,,,,,,,,,,COASTAL ESTUARY SERVICES LLC,,29.23053503,-89.25882466
CRMS2634-V69,,6/24/2010,14:22,CST,,,,0.984,,,,,,,29.90,3510.00,1.80,,,,,,,,,,,,,,,,,,,,COASTAL ESTUARY SERVICES LLC,,29.23053503,-89.25882466
CRMS2634-V69,,7/19/2011,14:35,CST,,,,,,,,,,,,,,,,,,,,,,,,,,,,,,,,,COASTAL ESTUARY SERVICES LLC,,29.23053503,-89.25882466
CRMS2634-V69,,7/16/2014,10:45,CST,,,,,,,,,,,,,,,,,,,,,,,,,,,,,,,,,COASTAL ESTUARY SERVICES LLC,plots inaccessible due to Phragmites australis; porewater not taken,29.23053503,-89.25882466
CRMS2634-V69,,7/8/2015,09:25,CST,,,,,,,,,,,,,,,,,,,,,,,,,,,,,,,,,COASTAL ESTUARY SERVICES LLC,plot inaccessible due to Phragmites australis; porewater not taken,29.23053503,-89.25882466
CRMS2634-V69,,8/9/2016,11:40,CST,,,,,,,,,,,,,,,,,,,,,,,,,,,,,,,,,COASTAL ESTUARY SERVICES LLC,100% Phragmites australis - did not access,29.23053503,-89.25882466
CRMS2634-V69,,7/19/2017,14:34,CST,,,,0.328,,,,,,,30.50,2204.00,1.10,,,,,,,,,,,,,,,,,,,,COASTAL ESTUARY SERVICES LLC,,29.23053503,-89.25882466
CRMS2634-V69,,7/19/2017,14:34,CST,,,,0.984,,,,,,,33.40,2678.00,1.40,,,,,,,,,,,,,,,,,,,,COASTAL ESTUARY SERVICES LLC,,29.23053503,-89.25882466
CRMS2634-V69,,7/25/2018,13:35,CST,,,,0.328,,,,,,,28.70,3192.00,1.70,,,,,,,,,,,,,,,,,,,,COASTAL ESTUARY SERVICES LLC,no water on marsh,29.23053503,-89.25882466
CRMS2634-V69,,7/25/2018,13:35,CST,,,,0.984,,,,,,,29.50,4202.00,2.20,,,,,,,,,,,,,,,,,,,,COASTAL ESTUARY SERVICES LLC,no water on marsh,29.23053503,-89.25882466
CRMS2634-V69,,7/17/2019,16:09,CST,2.44,GEOID12A,,0.328,,,,,,,28.50,3400.00,1.80,,,,,,,,,,,,,,,,,,,,COASTAL ESTUARY SERVICES LLC,,29.23053503,-89.25882466
CRMS2634-V69,,7/17/2019,16:09,CST,2.44,GEOID12A,,0.984,,,,,,,29.10,4037.00,2.10,,,,,,,,,,,,,,,,,,,,COASTAL ESTUARY SERVICES LLC,,29.23053503,-89.25882466
CRMS2634-V69,,6/17/2020,13:46,CST,2.21,GEOID12A,,0.328,,,,,,,16.10,2224.00,1.10,,,,,,,,,,,,,,,,,,,,COASTAL ESTUARY SERVICES LLC,0.6 ft of water on marsh,29.23053503,-89.25882466
CRMS2634-V69,,6/17/2020,13:46,CST,2.21,GEOID12A,,0.984,,,,,,,14.90,2539.00,1.30,,,,,,,,,,,,,,,,,,,,COASTAL ESTUARY SERVICES LLC,0.6 ft of water on marsh,29.23053503,-89.25882466
CRMS2634-V69,,6/8/2021,15:42,CST,,,,0.328,,,,,,,29.20,2279.00,1.00,,,,,,,,,,,,,,,,,,,,COASTAL ESTUARY SERVICES LLC,Marsh Not Flooded; ,29.23053503,-89.25882466
CRMS2634-V69,,6/8/2021,15:42,CST,,,,0.984,,,,,,,28.30,2631.00,1.30,,,,,,,,,,,,,,,,,,,,COASTAL ESTUARY SERVICES LLC,Marsh Not Flooded; ,29.23053503,-89.25882466
CRMS2634-V70,,8/12/2009,08:54,CST,,,,0.328,,,,,,,27.30,4245.00,2.30,,,,,,,,,,,,,,,,,,,,COASTAL ESTUARY SERVICES LLC,,29.23051416,-89.25880358
CRMS2634-V70,,8/12/2009,08:54,CST,,,,0.984,,,,,,,27.30,4780.00,2.50,,,,,,,,,,,,,,,,,,,,COASTAL ESTUARY SERVICES LLC,,29.23051416,-89.25880358
CRMS2634-V70,,6/24/2010,14:30,CST,,,,0.328,,,,,,,29.70,3555.00,1.80,,,,,,,,,,,,,,,,,,,,COASTAL ESTUARY SERVICES LLC,,29.23051416,-89.25880358
CRMS2634-V70,,6/24/2010,14:30,CST,,,,0.984,,,,,,,29.90,3612.00,1.80,,,,,,,,,,,,,,,,,,,,COASTAL ESTUARY SERVICES LLC,,29.23051416,-89.25880358
CRMS2634-V70,,7/19/2011,14:39,CST,,,,,,,,,,,,,,,,,,,,,,,,,,,,,,,,,COASTAL ESTUARY SERVICES LLC,,29.23051416,-89.25880358
CRMS2634-V70,,7/16/2014,10:40,CST,,,,,,,,,,,,,,,,,,,,,,,,,,,,,,,,,COASTAL ESTUARY SERVICES LLC,plots inaccessible due to Phragmites australis; porewater not taken,29.23051416,-89.25880358
CRMS2634-V70,,7/8/2015,09:25,CST,,,,,,,,,,,,,,,,,,,,,,,,,,,,,,,,,COASTAL ESTUARY SERVICES LLC,plot inaccessible due to Phragmites australis; porewater not taken,29.23051416,-89.25880358
CRMS2634-V70,,8/9/2016,11:40,CST,,,,,,,,,,,,,,,,,,,,,,,,,,,,,,,,,COASTAL ESTUARY SERVICES LLC,100% Phragmites australis - did not access,29.23051416,-89.25880358
CRMS2634-V70,,7/19/2017,14:29,CST,,,,0.328,,,,,,,32.70,2582.00,1.30,,,,,,,,,,,,,,,,,,,,COASTAL ESTUARY SERVICES LLC,,29.23051416,-89.25880358
CRMS2634-V70,,7/19/2017,14:29,CST,,,,0.984,,,,,,,30.20,2505.00,1.30,,,,,,,,,,,,,,,,,,,,COASTAL ESTUARY SERVICES LLC,,29.23051416,-89.25880358
CRMS2634-V70,,7/25/2018,13:28,CST,,,,0.328,,,,,,,30.50,2312.00,1.20,,,,,,,,,,,,,,,,,,,,COASTAL ESTUARY SERVICES LLC,no water on marsh,29.23051416,-89.25880358
CRMS2634-V70,,7/25/2018,13:28,CST,,,,0.984,,,,,,,29.10,4311.00,2.30,,,,,,,,,,,,,,,,,,,,COASTAL ESTUARY SERVICES LLC,no water on marsh,29.23051416,-89.25880358
CRMS2634-V70,,7/17/2019,16:05,CST,2.44,GEOID12A,,0.328,,,,,,,29.60,1389.00,0.70,,,,,,,,,,,,,,,,,,,,COASTAL ESTUARY SERVICES LLC,,29.23051416,-89.25880358
CRMS2634-V70,,7/17/2019,16:05,CST,2.44,GEOID12A,,0.984,,,,,,,29.20,4269.00,2.30,,,,,,,,,,,,,,,,,,,,COASTAL ESTUARY SERVICES LLC,,29.23051416,-89.25880358
CRMS2634-V70,,6/8/2021,15:32,CST,,,,0.328,,,,,,,30.00,2750.00,1.40,,,,,,,,,,,,,,,,,,,,COASTAL ESTUARY SERVICES LLC,Marsh Not Flooded; ,29.23051416,-89.25880358
CRMS2634-V70,,6/8/2021,15:32,CST,,,,0.984,,,,,,,29.30,2732.00,1.40,,,,,,,,,,,,,,,,,,,,COASTAL ESTUARY SERVICES LLC,Marsh Not Flooded; ,29.23051416,-89.25880358

