CPRA Station ID,Original Collector Station ID,Date (mm/dd/yyyy),Time (hh:mm),Time Zone,Staff Gauge (ft),Geoid,Station Depth (ft),Measurement Depth (ft),Water Temperature (�C),Specific Conductance (uS/cm),Salinity (ppt),Dissolved Oxygen (mg/L),pH (pH units),Velocity (ft/sec),Soil Porewater Temperature (�C),Soil Porewater Specific Conductance (uS/cm),Soil Porewater Salinity (ppt),Turbidity (FNU),Chlorophyll a (ug/L),Total Nitrogen (mg/L),Total Kjeldahl Nitrogen (mg/L),Nitrate as N (mg/L),Nitrite as N (mg/L),Nitrate+Nitrite as N (unfiltered; mg/L),Nitrate+Nitrite as N (filtered; mg/L),Ammonium as N (unfiltered; mg/L),Ammonium as N (filtered; mg/L),Total Phosphorus (mg/L),Orthophosphate as P (unfiltered; mg/L),Orthophosphate as P (filtered; mg/L),Silica (unfiltered; mg/L),Silica (filtered; mg/L),Total Suspended Solids (mg/L),Volatile Suspended Solids (mg/L),Secchi (ft),Fecal Coliform (MPN/100ml),Organization Name,Comments,Latitude,Longitude
CRMS0154-P01,,6/25/2007,14:27,CST,,,,0.328,,,,,,,27.90,2725.00,1.40,,,,,,,,,,,,,,,,,,,,COASTAL ESTUARY SERVICES LLC,,29.11499300,-89.20005239
CRMS0154-P01,,6/25/2007,14:27,CST,,,,0.984,,,,,,,29.70,3638.00,1.90,,,,,,,,,,,,,,,,,,,,COASTAL ESTUARY SERVICES LLC,,29.11499300,-89.20005239
CRMS0154-P01,,7/26/2007,11:38,CST,,,,0.328,,,,,,,29.10,2211.00,1.10,,,,,,,,,,,,,,,,,,,,COASTAL ESTUARY SERVICES LLC,,29.11499300,-89.20005239
CRMS0154-P01,,7/26/2007,11:38,CST,,,,0.984,,,,,,,27.50,2818.00,1.50,,,,,,,,,,,,,,,,,,,,COASTAL ESTUARY SERVICES LLC,,29.11499300,-89.20005239
CRMS0154-P01,,8/27/2007,12:50,CST,,,,0.328,,,,,,,30.30,3771.00,2.00,,,,,,,,,,,,,,,,,,,,COASTAL ESTUARY SERVICES LLC,,29.11499300,-89.20005239
CRMS0154-P01,,8/27/2007,12:50,CST,,,,0.984,,,,,,,29.30,3294.00,1.70,,,,,,,,,,,,,,,,,,,,COASTAL ESTUARY SERVICES LLC,,29.11499300,-89.20005239
CRMS0154-P01,,9/27/2007,10:15,CST,,,,0.328,,,,,,,29.60,3921.00,2.10,,,,,,,,,,,,,,,,,,,,COASTAL ESTUARY SERVICES LLC,,29.11499300,-89.20005239
CRMS0154-P01,,9/27/2007,10:15,CST,,,,0.984,,,,,,,31.60,3440.00,1.80,,,,,,,,,,,,,,,,,,,,COASTAL ESTUARY SERVICES LLC,,29.11499300,-89.20005239
CRMS0154-P01,,10/24/2007,10:30,CST,,,,0.328,,,,,,,21.80,5510.00,3.00,,,,,,,,,,,,,,,,,,,,COASTAL ESTUARY SERVICES LLC,,29.11499300,-89.20005239
CRMS0154-P01,,10/24/2007,10:30,CST,,,,0.984,,,,,,,24.60,4463.00,2.40,,,,,,,,,,,,,,,,,,,,COASTAL ESTUARY SERVICES LLC,,29.11499300,-89.20005239
CRMS0154-P01,,2/27/2008,11:55,CST,,,,0.984,,,,,,,17.00,4223.00,2.30,,,,,,,,,,,,,,,,,,,,COASTAL ESTUARY SERVICES LLC,,29.11499300,-89.20005239
CRMS0154-P01,,3/26/2008,11:15,CST,,,,,,,,,,,,,,,,,,,,,,,,,,,,,,,,,COASTAL ESTUARY SERVICES LLC,,29.11499300,-89.20005239
CRMS0154-P01,,6/25/2008,11:40,CST,,,,0.984,,,,,,,30.60,3249.00,1.70,,,,,,,,,,,,,,,,,,,,COASTAL ESTUARY SERVICES LLC,,29.11499300,-89.20005239
CRMS0154-P01,,7/22/2008,09:50,CST,,,,0.328,,,,,,,26.70,2143.00,1.10,,,,,,,,,,,,,,,,,,,,COASTAL ESTUARY SERVICES LLC,,29.11499300,-89.20005239
CRMS0154-P01,,7/22/2008,09:50,CST,,,,0.984,,,,,,,26.30,2501.00,1.30,,,,,,,,,,,,,,,,,,,,COASTAL ESTUARY SERVICES LLC,,29.11499300,-89.20005239
CRMS0154-P01,,8/19/2008,16:16,CST,,,,0.984,,,,,,,28.20,3494.00,1.80,,,,,,,,,,,,,,,,,,,,COASTAL ESTUARY SERVICES LLC,,29.11499300,-89.20005239
CRMS0154-P01,,1/29/2009,11:00,CST,,,,,,,,,,,,,,,,,,,,,,,,,,,,,,,,,COASTAL ESTUARY SERVICES LLC,,29.11499300,-89.20005239
CRMS0154-P01,,5/27/2009,08:04,CST,,,,0.328,,,,,,,24.30,3537.00,1.90,,,,,,,,,,,,,,,,,,,,COASTAL ESTUARY SERVICES LLC,,29.11499300,-89.20005239
CRMS0154-P01,,5/27/2009,08:04,CST,,,,0.984,,,,,,,24.10,3138.00,1.60,,,,,,,,,,,,,,,,,,,,COASTAL ESTUARY SERVICES LLC,,29.11499300,-89.20005239
CRMS0154-P01,,6/24/2009,07:13,CST,,,,0.328,,,,,,,28.00,1690.00,0.80,,,,,,,,,,,,,,,,,,,,COASTAL ESTUARY SERVICES LLC,,29.11499300,-89.20005239
CRMS0154-P01,,6/24/2009,07:13,CST,,,,0.984,,,,,,,26.40,2643.00,1.40,,,,,,,,,,,,,,,,,,,,COASTAL ESTUARY SERVICES LLC,,29.11499300,-89.20005239
CRMS0154-P01,,8/10/2009,16:15,CST,,,,0.984,,,,,,,28.00,1821.00,0.90,,,,,,,,,,,,,,,,,,,,COASTAL ESTUARY SERVICES LLC,,29.11499300,-89.20005239
CRMS0154-P01,,2/2/2010,11:20,CST,,,,0.328,,,,,,,16.30,1920.00,1.00,,,,,,,,,,,,,,,,,,,,COASTAL ESTUARY SERVICES LLC,,29.11499300,-89.20005239
CRMS0154-P01,,2/2/2010,11:20,CST,,,,0.984,,,,,,,14.60,1965.00,1.00,,,,,,,,,,,,,,,,,,,,COASTAL ESTUARY SERVICES LLC,,29.11499300,-89.20005239
CRMS0154-P01,,3/18/2010,11:05,CST,,,,,,,,,,,,,,,,,,,,,,,,,,,,,,,,,COASTAL ESTUARY SERVICES LLC,,29.11499300,-89.20005239
CRMS0154-P01,,4/27/2010,13:50,CST,,,,,,,,,,,,,,,,,,,,,,,,,,,,,,,,,COASTAL ESTUARY SERVICES LLC,,29.11499300,-89.20005239
CRMS0154-P01,,5/19/2010,09:15,CST,,,,0.328,,,,,,,25.70,1420.00,0.70,,,,,,,,,,,,,,,,,,,,COASTAL ESTUARY SERVICES LLC,,29.11499300,-89.20005239
CRMS0154-P01,,5/19/2010,09:15,CST,,,,0.984,,,,,,,24.20,2071.00,1.10,,,,,,,,,,,,,,,,,,,,COASTAL ESTUARY SERVICES LLC,,29.11499300,-89.20005239
CRMS0154-P01,,7/14/2010,10:05,CST,,,,0.328,,,,,,,33.70,2675.00,1.40,,,,,,,,,,,,,,,,,,,,COASTAL ESTUARY SERVICES LLC,,29.11499300,-89.20005239
CRMS0154-P01,,7/14/2010,10:05,CST,,,,0.984,,,,,,,29.70,2039.00,1.00,,,,,,,,,,,,,,,,,,,,COASTAL ESTUARY SERVICES LLC,,29.11499300,-89.20005239
CRMS0154-P01,,8/19/2010,11:45,CST,,,,0.328,,,,,,,31.70,1823.00,0.90,,,,,,,,,,,,,,,,,,,,COASTAL ESTUARY SERVICES LLC,,29.11499300,-89.20005239
CRMS0154-P01,,8/19/2010,11:45,CST,,,,0.984,,,,,,,30.80,1987.00,1.00,,,,,,,,,,,,,,,,,,,,COASTAL ESTUARY SERVICES LLC,,29.11499300,-89.20005239
CRMS0154-P01,,10/4/2010,14:30,CST,,,,,,,,,,,,,,,,,,,,,,,,,,,,,,,,,COASTAL ESTUARY SERVICES LLC,,29.11499300,-89.20005239
CRMS0154-P01,,12/10/2010,09:55,CST,,,,0.984,,,,,,,16.90,2203.00,1.10,,,,,,,,,,,,,,,,,,,,COASTAL ESTUARY SERVICES LLC,,29.11499300,-89.20005239
CRMS0154-P01,,2/22/2011,16:00,CST,,,,0.984,,,,,,,23.50,2844.00,1.50,,,,,,,,,,,,,,,,,,,,COASTAL ESTUARY SERVICES LLC,,29.11499300,-89.20005239
CRMS0154-P01,,3/22/2011,11:50,CST,,,,0.328,,,,,,,22.00,1921.00,1.00,,,,,,,,,,,,,,,,,,,,COASTAL ESTUARY SERVICES LLC,,29.11499300,-89.20005239
CRMS0154-P01,,3/22/2011,11:50,CST,,,,0.984,,,,,,,21.90,2540.00,1.30,,,,,,,,,,,,,,,,,,,,COASTAL ESTUARY SERVICES LLC,,29.11499300,-89.20005239
CRMS0154-P01,,4/19/2011,09:00,CST,,,,0.328,,,,,,,21.50,2358.00,1.20,,,,,,,,,,,,,,,,,,,,COASTAL ESTUARY SERVICES LLC,,29.11499300,-89.20005239
CRMS0154-P01,,4/19/2011,09:00,CST,,,,0.984,,,,,,,20.50,2341.00,1.20,,,,,,,,,,,,,,,,,,,,COASTAL ESTUARY SERVICES LLC,,29.11499300,-89.20005239
CRMS0154-P01,,7/19/2011,10:35,CST,,,,0.328,,,,,,,33.41,2599.00,1.36,,,,,,,,,,,,,,,,,,,,COASTAL ESTUARY SERVICES LLC,,29.11499300,-89.20005239
CRMS0154-P01,,7/20/2011,10:00,CST,,,,,,,,,,,,,,,,,,,,,,,,,,,,,,,,,COASTAL ESTUARY SERVICES LLC,,29.11499300,-89.20005239
CRMS0154-P01,,10/4/2011,11:30,CST,,,,,,,,,,,,,,,,,,,,,,,,,,,,,,,,,COASTAL ESTUARY SERVICES LLC,,29.11499300,-89.20005239
CRMS0154-P01,,11/2/2011,09:07,CST,,,,0.328,,,,,,,22.30,4675.00,2.50,,,,,,,,,,,,,,,,,,,,COASTAL ESTUARY SERVICES LLC,,29.11499300,-89.20005239
CRMS0154-P01,,1/25/2012,10:40,CST,,,,,,,,,,,,,,,,,,,,,,,,,,,,,,,,,COASTAL ESTUARY SERVICES LLC,,29.11499300,-89.20005239
CRMS0154-P01,,2/14/2012,10:55,CST,,,,0.328,,,,,,,18.00,1500.00,0.80,,,,,,,,,,,,,,,,,,,,COASTAL ESTUARY SERVICES LLC,,29.11499300,-89.20005239
CRMS0154-P01,,2/14/2012,10:55,CST,,,,0.984,,,,,,,18.30,3033.00,1.60,,,,,,,,,,,,,,,,,,,,COASTAL ESTUARY SERVICES LLC,,29.11499300,-89.20005239
CRMS0154-P01,,3/27/2012,12:03,CST,,,,,,,,,,,,,,,,,,,,,,,,,,,,,,,,,COASTAL ESTUARY SERVICES LLC,,29.11499300,-89.20005239
CRMS0154-P01,,4/24/2012,11:34,CST,,,,0.328,,,,,,,20.90,1407.00,0.70,,,,,,,,,,,,,,,,,,,,COASTAL ESTUARY SERVICES LLC,,29.11499300,-89.20005239
CRMS0154-P01,,4/24/2012,11:34,CST,,,,0.984,,,,,,,20.80,1648.00,0.80,,,,,,,,,,,,,,,,,,,,COASTAL ESTUARY SERVICES LLC,,29.11499300,-89.20005239
CRMS0154-P01,,5/22/2012,09:20,CST,,,,0.328,,,,,,,26.80,753.00,0.40,,,,,,,,,,,,,,,,,,,,COASTAL ESTUARY SERVICES LLC,,29.11499300,-89.20005239
CRMS0154-P01,,5/22/2012,09:20,CST,,,,0.984,,,,,,,26.20,1855.00,0.90,,,,,,,,,,,,,,,,,,,,COASTAL ESTUARY SERVICES LLC,,29.11499300,-89.20005239
CRMS0154-P01,,7/24/2012,10:32,CST,,,,0.328,,,,,,,27.50,4940.00,2.60,,,,,,,,,,,,,,,,,,,,COASTAL ESTUARY SERVICES LLC,,29.11499300,-89.20005239
CRMS0154-P01,,7/24/2012,10:32,CST,,,,0.984,,,,,,,27.50,4681.00,2.50,,,,,,,,,,,,,,,,,,,,COASTAL ESTUARY SERVICES LLC,,29.11499300,-89.20005239
CRMS0154-P01,,10/9/2012,09:30,CST,,,,,,,,,,,,,,,,,,,,,,,,,,,,,,,,,COASTAL ESTUARY SERVICES LLC,,29.11499300,-89.20005239
CRMS0154-P01,,3/19/2013,11:40,CST,,,,0.328,,,,,,,21.30,5090.00,2.70,,,,,,,,,,,,,,,,,,,,COASTAL ESTUARY SERVICES LLC,,29.11499300,-89.20005239
CRMS0154-P01,,3/19/2013,11:40,CST,,,,0.984,,,,,,,20.00,7210.00,4.00,,,,,,,,,,,,,,,,,,,,COASTAL ESTUARY SERVICES LLC,,29.11499300,-89.20005239
CRMS0154-P01,,4/23/2013,10:35,CST,,,,,,,,,,,,,,,,,,,,,,,,,,,,,,,,,COASTAL ESTUARY SERVICES LLC,10 cm and 30 cm reading clogging,29.11499300,-89.20005239
CRMS0154-P01,,5/21/2013,08:15,CST,,,,,,,,,,,,,,,,,,,,,,,,,,,,,,,,,COASTAL ESTUARY SERVICES LLC,clogged @ 10cm & 30cm,29.11499300,-89.20005239
CRMS0154-P01,,6/18/2013,08:20,CST,,,,0.328,,,,,,,27.50,1590.00,0.80,,,,,,,,,,,,,,,,,,,,COASTAL ESTUARY SERVICES LLC,,29.11499300,-89.20005239
CRMS0154-P01,,6/18/2013,08:20,CST,,,,0.984,,,,,,,26.50,2340.00,1.20,,,,,,,,,,,,,,,,,,,,COASTAL ESTUARY SERVICES LLC,,29.11499300,-89.20005239
CRMS0154-P01,,10/9/2013,12:00,CST,,,,0.328,,,,,,,29.80,4135.00,2.20,,,,,,,,,,,,,,,,,,,,COASTAL ESTUARY SERVICES LLC,,29.11499300,-89.20005239
CRMS0154-P01,,10/9/2013,12:00,CST,,,,0.984,,,,,,,29.80,4057.00,2.10,,,,,,,,,,,,,,,,,,,,COASTAL ESTUARY SERVICES LLC,,29.11499300,-89.20005239
CRMS0154-P01,,3/17/2014,12:35,CST,,,,0.328,,,,,,,14.40,1566.00,0.80,,,,,,,,,,,,,,,,,,,,COASTAL ESTUARY SERVICES LLC,,29.11499300,-89.20005239
CRMS0154-P01,,3/17/2014,12:35,CST,,,,0.984,,,,,,,14.90,1368.00,0.70,,,,,,,,,,,,,,,,,,,,COASTAL ESTUARY SERVICES LLC,,29.11499300,-89.20005239
CRMS0154-P01,,4/22/2014,09:35,CST,,,,0.328,,,,,,,19.40,2116.00,1.10,,,,,,,,,,,,,,,,,,,,COASTAL ESTUARY SERVICES LLC,,29.11499300,-89.20005239
CRMS0154-P01,,4/22/2014,09:35,CST,,,,0.984,,,,,,,19.90,4106.00,2.20,,,,,,,,,,,,,,,,,,,,COASTAL ESTUARY SERVICES LLC,,29.11499300,-89.20005239
CRMS0154-P01,,5/20/2014,10:57,CST,,,,0.984,,,,,,,27.60,2370.00,1.20,,,,,,,,,,,,,,,,,,,,COASTAL ESTUARY SERVICES LLC,Clogged at 10 cm,29.11499300,-89.20005239
CRMS0154-P01,,7/17/2014,11:36,CST,,,,0.984,,,,,,,29.50,2295.00,1.20,,,,,,,,,,,,,,,,,,,,COASTAL ESTUARY SERVICES LLC,Dry at 10cm,29.11499300,-89.20005239
CRMS0154-P01,,2/3/2015,13:15,CST,,,,0.328,,,,,,,12.30,2142.00,1.10,,,,,,,,,,,,,,,,,,,,COASTAL ESTUARY SERVICES LLC,,29.11499300,-89.20005239
CRMS0154-P01,,2/3/2015,13:15,CST,,,,0.984,,,,,,,14.00,2295.00,1.20,,,,,,,,,,,,,,,,,,,,COASTAL ESTUARY SERVICES LLC,,29.11499300,-89.20005239
CRMS0154-P01,,7/7/2015,09:22,CST,,,,0.328,,,,,,,29.70,1704.00,0.90,,,,,,,,,,,,,,,,,,,,COASTAL ESTUARY SERVICES LLC,Clogged at 30cm,29.11499300,-89.20005239
CRMS0154-P01,,3/1/2016,11:17,CST,,,,,,,,,,,,,,,,,,,,,,,,,,,,,,,,,COASTAL ESTUARY SERVICES LLC,Clogged at 30 cm and 10 cm,29.11499300,-89.20005239
CRMS0154-P01,,8/8/2016,12:15,CST,,,,0.328,,,,,,,30.20,1883.00,0.90,,,,,,,,,,,,,,,,,,,,COASTAL ESTUARY SERVICES LLC,,29.11499300,-89.20005239
CRMS0154-P01,,8/8/2016,12:15,CST,,,,0.984,,,,,,,30.20,2375.00,1.20,,,,,,,,,,,,,,,,,,,,COASTAL ESTUARY SERVICES LLC,,29.11499300,-89.20005239
CRMS0154-P01,,9/26/2016,11:28,CST,,,,0.328,,,,,,,30.80,1980.00,1.00,,,,,,,,,,,,,,,,,,,,COASTAL ESTUARY SERVICES LLC,,29.11499300,-89.20005239
CRMS0154-P01,,9/26/2016,11:28,CST,,,,0.984,,,,,,,30.20,2231.00,1.10,,,,,,,,,,,,,,,,,,,,COASTAL ESTUARY SERVICES LLC,,29.11499300,-89.20005239
CRMS0154-P01,,12/20/2016,10:31,CST,,,,0.328,,,,,,,13.10,3065.00,1.60,,,,,,,,,,,,,,,,,,,,COASTAL ESTUARY SERVICES LLC,,29.11499300,-89.20005239
CRMS0154-P01,,12/20/2016,10:31,CST,,,,0.984,,,,,,,14.20,2990.00,1.60,,,,,,,,,,,,,,,,,,,,COASTAL ESTUARY SERVICES LLC,,29.11499300,-89.20005239
CRMS0154-P01,,1/24/2017,10:14,CST,,,,0.328,,,,,,,15.20,2183.00,1.10,,,,,,,,,,,,,,,,,,,,COASTAL ESTUARY SERVICES LLC,,29.11499300,-89.20005239
CRMS0154-P01,,1/24/2017,10:14,CST,,,,0.984,,,,,,,16.70,2634.00,1.40,,,,,,,,,,,,,,,,,,,,COASTAL ESTUARY SERVICES LLC,,29.11499300,-89.20005239
CRMS0154-P01,,3/14/2017,09:25,CST,,,,0.328,,,,,,,15.70,1630.00,0.80,,,,,,,,,,,,,,,,,,,,COASTAL ESTUARY SERVICES LLC,,29.11499300,-89.20005239
CRMS0154-P01,,3/14/2017,09:25,CST,,,,0.984,,,,,,,,,,,,,,,,,,,,,,,,,,,,,COASTAL ESTUARY SERVICES LLC,clogged,29.11499300,-89.20005239
CRMS0154-P01,,4/25/2017,08:59,CST,,,,0.328,,,,,,,21.10,1367.00,0.70,,,,,,,,,,,,,,,,,,,,COASTAL ESTUARY SERVICES LLC,,29.11499300,-89.20005239
CRMS0154-P01,,4/25/2017,08:59,CST,,,,0.984,,,,,,,20.90,1493.00,0.80,,,,,,,,,,,,,,,,,,,,COASTAL ESTUARY SERVICES LLC,,29.11499300,-89.20005239
CRMS0154-P01,,5/25/2017,08:20,CST,,,,0.328,,,,,,,,,,,,,,,,,,,,,,,,,,,,,COASTAL ESTUARY SERVICES LLC,Clogged,29.11499300,-89.20005239
CRMS0154-P01,,5/25/2017,08:20,CST,,,,0.984,,,,,,,,,,,,,,,,,,,,,,,,,,,,,COASTAL ESTUARY SERVICES LLC,Clogged,29.11499300,-89.20005239
CRMS0154-P01,,6/27/2017,10:00,CST,,,,0.328,,,,,,,26.50,1741.00,0.90,,,,,,,,,,,,,,,,,,,,COASTAL ESTUARY SERVICES LLC,,29.11499300,-89.20005239
CRMS0154-P01,,6/27/2017,10:00,CST,,,,0.984,,,,,,,25.90,1643.00,0.80,,,,,,,,,,,,,,,,,,,,COASTAL ESTUARY SERVICES LLC,,29.11499300,-89.20005239
CRMS0154-P01,,7/18/2017,14:30,CST,,,,0.328,,,,,,,30.90,1283.00,0.60,,,,,,,,,,,,,,,,,,,,COASTAL ESTUARY SERVICES LLC,,29.11499300,-89.20005239
CRMS0154-P01,,7/18/2017,14:30,CST,,,,0.984,,,,,,,28.60,1870.00,0.90,,,,,,,,,,,,,,,,,,,,COASTAL ESTUARY SERVICES LLC,,29.11499300,-89.20005239
CRMS0154-P01,,8/22/2017,07:50,CST,,,,0.328,,,,,,,30.40,1060.00,0.50,,,,,,,,,,,,,,,,,,,,COASTAL ESTUARY SERVICES LLC,,29.11499300,-89.20005239
CRMS0154-P01,,8/22/2017,07:50,CST,,,,0.984,,,,,,,30.60,1579.00,0.80,,,,,,,,,,,,,,,,,,,,COASTAL ESTUARY SERVICES LLC,,29.11499300,-89.20005239
CRMS0154-P01,,10/11/2017,10:50,CST,,,,0.328,,,,,,,30.20,3111.00,1.60,,,,,,,,,,,,,,,,,,,,COASTAL ESTUARY SERVICES LLC,,29.11499300,-89.20005239
CRMS0154-P01,,10/11/2017,10:50,CST,,,,0.984,,,,,,,28.20,2638.00,1.40,,,,,,,,,,,,,,,,,,,,COASTAL ESTUARY SERVICES LLC,,29.11499300,-89.20005239
CRMS0154-P01,,11/29/2017,10:50,CST,,,,0.328,,,,,,,,,,,,,,,,,,,,,,,,,,,,,COASTAL ESTUARY SERVICES LLC,Dry,29.11499300,-89.20005239
CRMS0154-P01,,11/29/2017,10:50,CST,,,,0.984,,,,,,,,,,,,,,,,,,,,,,,,,,,,,COASTAL ESTUARY SERVICES LLC,Dry,29.11499300,-89.20005239
CRMS0154-P01,,2/8/2018,09:20,CST,,,,0.328,,,,,,,11.30,1698.00,0.90,,,,,,,,,,,,,,,,,,,,COASTAL ESTUARY SERVICES LLC,,29.11499300,-89.20005239
CRMS0154-P01,,2/8/2018,09:20,CST,,,,0.984,,,,,,,11.30,2267.00,1.20,,,,,,,,,,,,,,,,,,,,COASTAL ESTUARY SERVICES LLC,,29.11499300,-89.20005239
CRMS0154-P01,,3/7/2018,13:20,CST,,,,0.328,,,,,,,14.80,1428.00,0.70,,,,,,,,,,,,,,,,,,,,COASTAL ESTUARY SERVICES LLC,,29.11499300,-89.20005239
CRMS0154-P01,,3/7/2018,13:20,CST,,,,0.984,,,,,,,17.80,1713.00,0.90,,,,,,,,,,,,,,,,,,,,COASTAL ESTUARY SERVICES LLC,,29.11499300,-89.20005239
CRMS0154-P01,,5/1/2018,11:25,CST,,,,0.328,,,,,,,,,,,,,,,,,,,,,,,,,,,,,COASTAL ESTUARY SERVICES LLC,Clogged at 10cm,29.11499300,-89.20005239
CRMS0154-P01,,5/1/2018,11:25,CST,,,,0.984,,,,,,,,,,,,,,,,,,,,,,,,,,,,,COASTAL ESTUARY SERVICES LLC,Clogged at 30cm,29.11499300,-89.20005239
CRMS0154-P01,,6/7/2018,10:15,CST,,,,0.328,,,,,,,,,,,,,,,,,,,,,,,,,,,,,COASTAL ESTUARY SERVICES LLC,Clogged at 10cm,29.11499300,-89.20005239
CRMS0154-P01,,6/7/2018,10:15,CST,,,,0.984,,,,,,,,,,,,,,,,,,,,,,,,,,,,,COASTAL ESTUARY SERVICES LLC,Clogged at 30cm,29.11499300,-89.20005239
CRMS0154-P01,,7/24/2018,13:15,CST,,,,0.328,,,,,,,,,,,,,,,,,,,,,,,,,,,,,COASTAL ESTUARY SERVICES LLC,"Depth of water on marsh = 0ft, dry at 10cm.",29.11499300,-89.20005239
CRMS0154-P01,,7/24/2018,13:15,CST,,,,0.984,,,,,,,29.90,2086.00,1.10,,,,,,,,,,,,,,,,,,,,COASTAL ESTUARY SERVICES LLC,Depth of water on marsh = 0ft,29.11499300,-89.20005239
CRMS0154-P01,,2/14/2019,11:25,CST,,,,0.328,,,,,,,14.30,826.00,0.40,,,,,,,,,,,,,,,,,,,,COASTAL ESTUARY SERVICES LLC,,29.11499300,-89.20005239
CRMS0154-P01,,2/14/2019,11:25,CST,,,,0.984,,,,,,,16.30,1899.00,0.70,,,,,,,,,,,,,,,,,,,,COASTAL ESTUARY SERVICES LLC,,29.11499300,-89.20005239
CRMS0154-P01,,5/7/2019,08:55,CST,,,,0.328,,,,,,,,,,,,,,,,,,,,,,,,,,,,,COASTAL ESTUARY SERVICES LLC,Clogged,29.11499300,-89.20005239
CRMS0154-P01,,5/7/2019,08:55,CST,,,,0.984,,,,,,,,,,,,,,,,,,,,,,,,,,,,,COASTAL ESTUARY SERVICES LLC,Clogged,29.11499300,-89.20005239
CRMS0154-P01,,7/16/2019,09:30,CST,2.40,GEOID12A,,0.328,,,,,,,31.00,2460.00,1.20,,,,,,,,,,,,,,,,,,,,COASTAL ESTUARY SERVICES LLC,water on marsh 1.5ft,29.11499300,-89.20005239
CRMS0154-P01,,7/16/2019,09:30,CST,2.40,GEOID12A,,0.984,,,,,,,30.30,2326.00,1.20,,,,,,,,,,,,,,,,,,,,COASTAL ESTUARY SERVICES LLC,,29.11499300,-89.20005239
CRMS0154-P01,,10/8/2019,10:30,CST,,,,0.328,,,,,,,27.90,1774.00,0.90,,,,,,,,,,,,,,,,,,,,COASTAL ESTUARY SERVICES LLC,,29.11499300,-89.20005239
CRMS0154-P01,,10/8/2019,10:30,CST,,,,0.984,,,,,,,28.60,2021.00,1.00,,,,,,,,,,,,,,,,,,,,COASTAL ESTUARY SERVICES LLC,,29.11499300,-89.20005239
CRMS0154-P01,,1/7/2020,11:40,CST,0.80,GEOID12A,,0.328,,,,,,,,,,,,,,,,,,,,,,,,,,,,,COASTAL ESTUARY SERVICES LLC,Clogged,29.11499300,-89.20005239
CRMS0154-P01,,1/7/2020,11:40,CST,0.80,GEOID12A,,0.984,,,,,,,,,,,,,,,,,,,,,,,,,,,,,COASTAL ESTUARY SERVICES LLC,Clogged,29.11499300,-89.20005239
CRMS0154-P01,,6/16/2020,09:10,CST,2.00,GEOID12A,,0.328,,,,,,,26.40,2935.00,1.50,,,,,,,,,,,,,,,,,,,,COASTAL ESTUARY SERVICES LLC,Water on marsh 0.8 ft.,29.11499300,-89.20005239
CRMS0154-P01,,6/16/2020,09:10,CST,2.00,GEOID12A,,0.984,,,,,,,31.50,3650.00,1.90,,,,,,,,,,,,,,,,,,,,COASTAL ESTUARY SERVICES LLC,Water on marsh 0.8 ft.,29.11499300,-89.20005239
CRMS0154-P01,,8/4/2020,09:20,CST,1.78,GEOID12A,,0.328,,,,,,,28.50,1889.00,1.00,,,,,,,,,,,,,,,,,,,,COASTAL ESTUARY SERVICES LLC,Marsh Not Flooded,29.11499300,-89.20005239
CRMS0154-P01,,8/4/2020,09:20,CST,1.78,GEOID12A,,0.984,,,,,,,30.80,2557.00,1.30,,,,,,,,,,,,,,,,,,,,COASTAL ESTUARY SERVICES LLC,Marsh Not Flooded,29.11499300,-89.20005239
CRMS0154-P01,,9/30/2020,11:40,CST,1.94,GEOID12A,,0.328,,,,,,,26.60,2690.00,1.40,,,,,,,,,,,,,,,,,,,,COASTAL ESTUARY SERVICES LLC,Water depth on marsh: 1.25 ft,29.11499300,-89.20005239
CRMS0154-P01,,9/30/2020,11:40,CST,1.94,GEOID12A,,0.984,,,,,,,28.40,2352.00,1.20,,,,,,,,,,,,,,,,,,,,COASTAL ESTUARY SERVICES LLC,Water depth on marsh: 1.25 ft,29.11499300,-89.20005239
CRMS0154-P01,,11/4/2020,09:58,CST,,,,0.328,,,,,,,,,,,,,,,,,,,,,,,,,,,,,COASTAL ESTUARY SERVICES LLC,Clogged at 10cm. Marsh Not Flooded,29.11499300,-89.20005239
CRMS0154-P01,,11/4/2020,09:58,CST,,,,0.984,,,,,,,23.50,2772.00,1.40,,,,,,,,,,,,,,,,,,,,COASTAL ESTUARY SERVICES LLC,Marsh Not Flooded,29.11499300,-89.20005239
CRMS0154-P01,,1/20/2021,10:05,CST,0.48,GEOID12A,,0.328,,,,,,,13.50,1198.00,0.60,,,,,,,,,,,,,,,,,,,,COASTAL ESTUARY SERVICES LLC,Marsh Not Flooded,29.11499300,-89.20005239
CRMS0154-P01,,1/20/2021,10:05,CST,0.48,GEOID12A,,0.984,,,,,,,12.00,1983.00,1.00,,,,,,,,,,,,,,,,,,,,COASTAL ESTUARY SERVICES LLC,Marsh Not Flooded,29.11499300,-89.20005239
CRMS0154-P01,,6/9/2021,10:05,CST,1.77,GEOID12A,,0.328,,,,,,,30.10,2960.00,1.50,,,,,,,,,,,,,,,,,,,,COASTAL ESTUARY SERVICES LLC,Water Level is 0.4 ft above marsh.,29.11499300,-89.20005239
CRMS0154-P01,,6/9/2021,10:05,CST,1.77,GEOID12A,,0.984,,,,,,,28.50,4560.00,2.40,,,,,,,,,,,,,,,,,,,,COASTAL ESTUARY SERVICES LLC,Water Level is 0.4 ft above marsh.,29.11499300,-89.20005239
CRMS0154-P02,,6/25/2007,14:27,CST,,,,0.328,,,,,,,28.10,2223.00,1.10,,,,,,,,,,,,,,,,,,,,COASTAL ESTUARY SERVICES LLC,,29.11499300,-89.20005239
CRMS0154-P02,,6/25/2007,14:27,CST,,,,0.984,,,,,,,27.60,3617.00,1.90,,,,,,,,,,,,,,,,,,,,COASTAL ESTUARY SERVICES LLC,,29.11499300,-89.20005239
CRMS0154-P02,,7/26/2007,11:38,CST,,,,0.328,,,,,,,28.00,2460.00,1.30,,,,,,,,,,,,,,,,,,,,COASTAL ESTUARY SERVICES LLC,,29.11499300,-89.20005239
CRMS0154-P02,,7/26/2007,11:38,CST,,,,0.984,,,,,,,27.00,3071.00,1.60,,,,,,,,,,,,,,,,,,,,COASTAL ESTUARY SERVICES LLC,,29.11499300,-89.20005239
CRMS0154-P02,,8/27/2007,12:50,CST,,,,0.328,,,,,,,29.90,3896.00,1.90,,,,,,,,,,,,,,,,,,,,COASTAL ESTUARY SERVICES LLC,,29.11499300,-89.20005239
CRMS0154-P02,,8/27/2007,12:50,CST,,,,0.984,,,,,,,29.30,3609.00,1.70,,,,,,,,,,,,,,,,,,,,COASTAL ESTUARY SERVICES LLC,,29.11499300,-89.20005239
CRMS0154-P02,,9/27/2007,10:15,CST,,,,0.328,,,,,,,29.40,3789.00,2.00,,,,,,,,,,,,,,,,,,,,COASTAL ESTUARY SERVICES LLC,,29.11499300,-89.20005239
CRMS0154-P02,,9/27/2007,10:15,CST,,,,0.984,,,,,,,29.10,3567.00,1.90,,,,,,,,,,,,,,,,,,,,COASTAL ESTUARY SERVICES LLC,,29.11499300,-89.20005239
CRMS0154-P02,,10/24/2007,10:30,CST,,,,0.328,,,,,,,21.90,5600.00,3.00,,,,,,,,,,,,,,,,,,,,COASTAL ESTUARY SERVICES LLC,,29.11499300,-89.20005239
CRMS0154-P02,,10/24/2007,10:30,CST,,,,0.984,,,,,,,23.10,4569.00,2.40,,,,,,,,,,,,,,,,,,,,COASTAL ESTUARY SERVICES LLC,,29.11499300,-89.20005239
CRMS0154-P02,,2/27/2008,11:55,CST,,,,0.984,,,,,,,16.80,4658.00,2.50,,,,,,,,,,,,,,,,,,,,COASTAL ESTUARY SERVICES LLC,,29.11499300,-89.20005239
CRMS0154-P02,,3/26/2008,11:15,CST,,,,,,,,,,,,,,,,,,,,,,,,,,,,,,,,,COASTAL ESTUARY SERVICES LLC,,29.11499300,-89.20005239
CRMS0154-P02,,6/25/2008,11:42,CST,,,,0.984,,,,,,,27.30,3450.00,1.80,,,,,,,,,,,,,,,,,,,,COASTAL ESTUARY SERVICES LLC,,29.11499300,-89.20005239
CRMS0154-P02,,7/22/2008,09:50,CST,,,,0.328,,,,,,,26.30,1916.00,1.00,,,,,,,,,,,,,,,,,,,,COASTAL ESTUARY SERVICES LLC,,29.11499300,-89.20005239
CRMS0154-P02,,7/22/2008,09:50,CST,,,,0.984,,,,,,,26.10,1891.00,1.00,,,,,,,,,,,,,,,,,,,,COASTAL ESTUARY SERVICES LLC,,29.11499300,-89.20005239
CRMS0154-P02,,8/19/2008,16:16,CST,,,,0.984,,,,,,,27.50,3413.00,1.80,,,,,,,,,,,,,,,,,,,,COASTAL ESTUARY SERVICES LLC,,29.11499300,-89.20005239
CRMS0154-P02,,1/29/2009,11:00,CST,,,,,,,,,,,,,,,,,,,,,,,,,,,,,,,,,COASTAL ESTUARY SERVICES LLC,,29.11499300,-89.20005239
CRMS0154-P02,,5/27/2009,08:04,CST,,,,0.328,,,,,,,23.10,1942.00,1.00,,,,,,,,,,,,,,,,,,,,COASTAL ESTUARY SERVICES LLC,,29.11499300,-89.20005239
CRMS0154-P02,,5/27/2009,08:04,CST,,,,0.984,,,,,,,22.70,3472.00,1.80,,,,,,,,,,,,,,,,,,,,COASTAL ESTUARY SERVICES LLC,,29.11499300,-89.20005239
CRMS0154-P02,,6/24/2009,07:13,CST,,,,0.328,,,,,,,27.90,780.00,0.40,,,,,,,,,,,,,,,,,,,,COASTAL ESTUARY SERVICES LLC,,29.11499300,-89.20005239
CRMS0154-P02,,6/24/2009,07:13,CST,,,,0.984,,,,,,,26.00,2052.00,1.00,,,,,,,,,,,,,,,,,,,,COASTAL ESTUARY SERVICES LLC,,29.11499300,-89.20005239
CRMS0154-P02,,8/10/2009,16:15,CST,,,,0.984,,,,,,,28.50,1859.00,0.90,,,,,,,,,,,,,,,,,,,,COASTAL ESTUARY SERVICES LLC,,29.11499300,-89.20005239
CRMS0154-P02,,2/2/2010,11:20,CST,,,,0.328,,,,,,,13.80,1765.00,0.90,,,,,,,,,,,,,,,,,,,,COASTAL ESTUARY SERVICES LLC,,29.11499300,-89.20005239
CRMS0154-P02,,2/2/2010,11:20,CST,,,,0.984,,,,,,,14.80,1813.00,0.90,,,,,,,,,,,,,,,,,,,,COASTAL ESTUARY SERVICES LLC,,29.11499300,-89.20005239
CRMS0154-P02,,3/18/2010,11:05,CST,,,,,,,,,,,,,,,,,,,,,,,,,,,,,,,,,COASTAL ESTUARY SERVICES LLC,,29.11499300,-89.20005239
CRMS0154-P02,,4/27/2010,13:50,CST,,,,,,,,,,,,,,,,,,,,,,,,,,,,,,,,,COASTAL ESTUARY SERVICES LLC,,29.11499300,-89.20005239
CRMS0154-P02,,5/19/2010,09:15,CST,,,,0.328,,,,,,,23.70,1388.00,0.70,,,,,,,,,,,,,,,,,,,,COASTAL ESTUARY SERVICES LLC,,29.11499300,-89.20005239
CRMS0154-P02,,5/19/2010,09:15,CST,,,,0.984,,,,,,,23.80,2074.00,1.10,,,,,,,,,,,,,,,,,,,,COASTAL ESTUARY SERVICES LLC,,29.11499300,-89.20005239
CRMS0154-P02,,7/14/2010,10:05,CST,,,,0.328,,,,,,,29.60,1932.00,1.00,,,,,,,,,,,,,,,,,,,,COASTAL ESTUARY SERVICES LLC,,29.11499300,-89.20005239
CRMS0154-P02,,7/14/2010,10:05,CST,,,,0.984,,,,,,,29.80,1971.00,1.00,,,,,,,,,,,,,,,,,,,,COASTAL ESTUARY SERVICES LLC,,29.11499300,-89.20005239
CRMS0154-P02,,8/19/2010,11:45,CST,,,,0.328,,,,,,,31.40,1933.00,1.00,,,,,,,,,,,,,,,,,,,,COASTAL ESTUARY SERVICES LLC,,29.11499300,-89.20005239
CRMS0154-P02,,8/19/2010,11:45,CST,,,,0.984,,,,,,,30.90,1930.00,1.00,,,,,,,,,,,,,,,,,,,,COASTAL ESTUARY SERVICES LLC,,29.11499300,-89.20005239
CRMS0154-P02,,10/4/2010,14:30,CST,,,,,,,,,,,,,,,,,,,,,,,,,,,,,,,,,COASTAL ESTUARY SERVICES LLC,,29.11499300,-89.20005239
CRMS0154-P02,,12/10/2010,09:55,CST,,,,,,,,,,,,,,,,,,,,,,,,,,,,,,,,,COASTAL ESTUARY SERVICES LLC,,29.11499300,-89.20005239
CRMS0154-P02,,2/22/2011,16:00,CST,,,,0.984,,,,,,,21.80,2873.00,1.50,,,,,,,,,,,,,,,,,,,,COASTAL ESTUARY SERVICES LLC,,29.11499300,-89.20005239
CRMS0154-P02,,3/22/2011,11:50,CST,,,,0.328,,,,,,,21.20,1778.00,0.90,,,,,,,,,,,,,,,,,,,,COASTAL ESTUARY SERVICES LLC,,29.11499300,-89.20005239
CRMS0154-P02,,3/22/2011,11:50,CST,,,,0.984,,,,,,,19.80,2670.00,1.40,,,,,,,,,,,,,,,,,,,,COASTAL ESTUARY SERVICES LLC,,29.11499300,-89.20005239
CRMS0154-P02,,4/19/2011,09:00,CST,,,,0.328,,,,,,,21.00,2205.00,1.10,,,,,,,,,,,,,,,,,,,,COASTAL ESTUARY SERVICES LLC,,29.11499300,-89.20005239
CRMS0154-P02,,4/19/2011,09:00,CST,,,,0.984,,,,,,,20.70,2255.00,1.20,,,,,,,,,,,,,,,,,,,,COASTAL ESTUARY SERVICES LLC,,29.11499300,-89.20005239
CRMS0154-P02,,7/19/2011,10:35,CST,,,,0.328,,,,,,,30.11,1949.00,1.01,,,,,,,,,,,,,,,,,,,,COASTAL ESTUARY SERVICES LLC,,29.11499300,-89.20005239
CRMS0154-P02,,10/4/2011,11:30,CST,,,,,,,,,,,,,,,,,,,,,,,,,,,,,,,,,COASTAL ESTUARY SERVICES LLC,,29.11499300,-89.20005239
CRMS0154-P02,,11/2/2011,09:08,CST,,,,0.328,,,,,,,21.90,4122.00,2.20,,,,,,,,,,,,,,,,,,,,COASTAL ESTUARY SERVICES LLC,,29.11499300,-89.20005239
CRMS0154-P02,,1/25/2012,10:40,CST,,,,,,,,,,,,,,,,,,,,,,,,,,,,,,,,,COASTAL ESTUARY SERVICES LLC,,29.11499300,-89.20005239
CRMS0154-P02,,2/14/2012,10:55,CST,,,,0.328,,,,,,,18.80,1002.00,0.50,,,,,,,,,,,,,,,,,,,,COASTAL ESTUARY SERVICES LLC,,29.11499300,-89.20005239
CRMS0154-P02,,2/14/2012,10:55,CST,,,,0.984,,,,,,,18.40,2922.00,1.50,,,,,,,,,,,,,,,,,,,,COASTAL ESTUARY SERVICES LLC,,29.11499300,-89.20005239
CRMS0154-P02,,3/27/2012,12:03,CST,,,,,,,,,,,,,,,,,,,,,,,,,,,,,,,,,COASTAL ESTUARY SERVICES LLC,,29.11499300,-89.20005239
CRMS0154-P02,,4/24/2012,11:34,CST,,,,0.328,,,,,,,20.60,2508.00,1.30,,,,,,,,,,,,,,,,,,,,COASTAL ESTUARY SERVICES LLC,,29.11499300,-89.20005239
CRMS0154-P02,,4/24/2012,11:34,CST,,,,0.984,,,,,,,20.10,2698.00,1.40,,,,,,,,,,,,,,,,,,,,COASTAL ESTUARY SERVICES LLC,,29.11499300,-89.20005239
CRMS0154-P02,,5/22/2012,09:20,CST,,,,0.984,,,,,,,24.90,1910.00,1.00,,,,,,,,,,,,,,,,,,,,COASTAL ESTUARY SERVICES LLC,,29.11499300,-89.20005239
CRMS0154-P02,,7/24/2012,10:32,CST,,,,0.328,,,,,,,27.40,4733.00,2.50,,,,,,,,,,,,,,,,,,,,COASTAL ESTUARY SERVICES LLC,,29.11499300,-89.20005239
CRMS0154-P02,,7/24/2012,10:32,CST,,,,0.984,,,,,,,27.60,4542.00,2.40,,,,,,,,,,,,,,,,,,,,COASTAL ESTUARY SERVICES LLC,,29.11499300,-89.20005239
CRMS0154-P02,,10/9/2012,09:30,CST,,,,,,,,,,,,,,,,,,,,,,,,,,,,,,,,,COASTAL ESTUARY SERVICES LLC,,29.11499300,-89.20005239
CRMS0154-P02,,3/19/2013,11:40,CST,,,,0.328,,,,,,,21.60,6630.00,3.60,,,,,,,,,,,,,,,,,,,,COASTAL ESTUARY SERVICES LLC,,29.11499300,-89.20005239
CRMS0154-P02,,3/19/2013,11:40,CST,,,,0.984,,,,,,,19.50,7550.00,4.20,,,,,,,,,,,,,,,,,,,,COASTAL ESTUARY SERVICES LLC,,29.11499300,-89.20005239
CRMS0154-P02,,4/23/2013,10:35,CST,,,,,,,,,,,,,,,,,,,,,,,,,,,,,,,,,COASTAL ESTUARY SERVICES LLC,10 cm and 30 cm reading clogging,29.11499300,-89.20005239
CRMS0154-P02,,5/21/2013,08:15,CST,,,,,,,,,,,,,,,,,,,,,,,,,,,,,,,,,COASTAL ESTUARY SERVICES LLC,clogged @ 10cm & 30cm,29.11499300,-89.20005239
CRMS0154-P02,,6/18/2013,08:20,CST,,,,0.328,,,,,,,27.50,1410.00,0.70,,,,,,,,,,,,,,,,,,,,COASTAL ESTUARY SERVICES LLC,,29.11499300,-89.20005239
CRMS0154-P02,,6/18/2013,08:20,CST,,,,0.984,,,,,,,26.50,2341.00,1.20,,,,,,,,,,,,,,,,,,,,COASTAL ESTUARY SERVICES LLC,,29.11499300,-89.20005239
CRMS0154-P02,,10/9/2013,12:00,CST,,,,0.328,,,,,,,28.90,3791.00,2.00,,,,,,,,,,,,,,,,,,,,COASTAL ESTUARY SERVICES LLC,,29.11499300,-89.20005239
CRMS0154-P02,,10/9/2013,12:00,CST,,,,0.984,,,,,,,28.40,4075.00,2.10,,,,,,,,,,,,,,,,,,,,COASTAL ESTUARY SERVICES LLC,,29.11499300,-89.20005239
CRMS0154-P02,,3/17/2014,12:35,CST,,,,0.328,,,,,,,14.60,1668.00,0.80,,,,,,,,,,,,,,,,,,,,COASTAL ESTUARY SERVICES LLC,,29.11499300,-89.20005239
CRMS0154-P02,,3/17/2014,12:35,CST,,,,0.984,,,,,,,14.90,1489.00,0.80,,,,,,,,,,,,,,,,,,,,COASTAL ESTUARY SERVICES LLC,,29.11499300,-89.20005239
CRMS0154-P02,,4/22/2014,09:35,CST,,,,0.328,,,,,,,19.00,2051.00,1.10,,,,,,,,,,,,,,,,,,,,COASTAL ESTUARY SERVICES LLC,30cm clogging,29.11499300,-89.20005239
CRMS0154-P02,,5/20/2014,10:57,CST,,,,,,,,,,,,,,,,,,,,,,,,,,,,,,,,,COASTAL ESTUARY SERVICES LLC,Clogged at 10 cm and 30 cm,29.11499300,-89.20005239
CRMS0154-P02,,7/17/2014,11:36,CST,,,,0.984,,,,,,,28.50,2489.00,1.30,,,,,,,,,,,,,,,,,,,,COASTAL ESTUARY SERVICES LLC,Dry at 10cm,29.11499300,-89.20005239
CRMS0154-P02,,2/3/2015,13:15,CST,,,,0.328,,,,,,,11.80,1856.00,0.90,,,,,,,,,,,,,,,,,,,,COASTAL ESTUARY SERVICES LLC,,29.11499300,-89.20005239
CRMS0154-P02,,2/3/2015,13:15,CST,,,,0.984,,,,,,,13.30,2656.00,1.40,,,,,,,,,,,,,,,,,,,,COASTAL ESTUARY SERVICES LLC,,29.11499300,-89.20005239
CRMS0154-P02,,7/7/2015,09:22,CST,,,,0.328,,,,,,,28.10,1424.00,0.70,,,,,,,,,,,,,,,,,,,,COASTAL ESTUARY SERVICES LLC,Clogged at 30cm,29.11499300,-89.20005239
CRMS0154-P02,,3/1/2016,11:17,CST,,,,,,,,,,,,,,,,,,,,,,,,,,,,,,,,,COASTAL ESTUARY SERVICES LLC,Clogged at 30 cm and 10 cm,29.11499300,-89.20005239
CRMS0154-P02,,8/8/2016,12:15,CST,,,,0.328,,,,,,,30.70,1800.00,0.90,,,,,,,,,,,,,,,,,,,,COASTAL ESTUARY SERVICES LLC,,29.11499300,-89.20005239
CRMS0154-P02,,8/8/2016,12:15,CST,,,,0.984,,,,,,,30.20,1825.00,0.90,,,,,,,,,,,,,,,,,,,,COASTAL ESTUARY SERVICES LLC,,29.11499300,-89.20005239
CRMS0154-P02,,9/26/2016,11:28,CST,,,,0.328,,,,,,,30.00,1898.00,1.00,,,,,,,,,,,,,,,,,,,,COASTAL ESTUARY SERVICES LLC,,29.11499300,-89.20005239
CRMS0154-P02,,9/26/2016,11:28,CST,,,,0.984,,,,,,,30.20,2121.00,1.10,,,,,,,,,,,,,,,,,,,,COASTAL ESTUARY SERVICES LLC,,29.11499300,-89.20005239
CRMS0154-P02,,12/20/2016,10:31,CST,,,,0.328,,,,,,,13.00,3078.00,1.60,,,,,,,,,,,,,,,,,,,,COASTAL ESTUARY SERVICES LLC,,29.11499300,-89.20005239
CRMS0154-P02,,12/20/2016,10:31,CST,,,,0.984,,,,,,,14.20,2930.00,1.50,,,,,,,,,,,,,,,,,,,,COASTAL ESTUARY SERVICES LLC,,29.11499300,-89.20005239
CRMS0154-P02,,1/24/2017,10:14,CST,,,,0.328,,,,,,,15.00,2327.00,1.20,,,,,,,,,,,,,,,,,,,,COASTAL ESTUARY SERVICES LLC,,29.11499300,-89.20005239
CRMS0154-P02,,1/24/2017,10:14,CST,,,,0.984,,,,,,,16.50,2558.00,1.30,,,,,,,,,,,,,,,,,,,,COASTAL ESTUARY SERVICES LLC,,29.11499300,-89.20005239
CRMS0154-P02,,3/14/2017,09:25,CST,,,,0.328,,,,,,,15.90,1480.00,0.70,,,,,,,,,,,,,,,,,,,,COASTAL ESTUARY SERVICES LLC,,29.11499300,-89.20005239
CRMS0154-P02,,3/14/2017,09:25,CST,,,,0.984,,,,,,,,,,,,,,,,,,,,,,,,,,,,,COASTAL ESTUARY SERVICES LLC,clogged,29.11499300,-89.20005239
CRMS0154-P02,,4/25/2017,08:59,CST,,,,0.328,,,,,,,21.40,1335.00,0.70,,,,,,,,,,,,,,,,,,,,COASTAL ESTUARY SERVICES LLC,,29.11499300,-89.20005239
CRMS0154-P02,,4/25/2017,08:59,CST,,,,0.984,,,,,,,22.00,1559.00,0.80,,,,,,,,,,,,,,,,,,,,COASTAL ESTUARY SERVICES LLC,,29.11499300,-89.20005239
CRMS0154-P02,,5/25/2017,08:20,CST,,,,0.328,,,,,,,,,,,,,,,,,,,,,,,,,,,,,COASTAL ESTUARY SERVICES LLC,Clogged,29.11499300,-89.20005239
CRMS0154-P02,,5/25/2017,08:20,CST,,,,0.984,,,,,,,,,,,,,,,,,,,,,,,,,,,,,COASTAL ESTUARY SERVICES LLC,Clogged,29.11499300,-89.20005239
CRMS0154-P02,,6/27/2017,10:00,CST,,,,0.328,,,,,,,26.10,1740.00,0.90,,,,,,,,,,,,,,,,,,,,COASTAL ESTUARY SERVICES LLC,,29.11499300,-89.20005239
CRMS0154-P02,,6/27/2017,10:00,CST,,,,0.984,,,,,,,25.70,1460.00,0.70,,,,,,,,,,,,,,,,,,,,COASTAL ESTUARY SERVICES LLC,,29.11499300,-89.20005239
CRMS0154-P02,,7/18/2017,14:30,CST,,,,0.328,,,,,,,28.10,1588.00,0.80,,,,,,,,,,,,,,,,,,,,COASTAL ESTUARY SERVICES LLC,,29.11499300,-89.20005239
CRMS0154-P02,,7/18/2017,14:30,CST,,,,0.984,,,,,,,28.10,1877.00,0.90,,,,,,,,,,,,,,,,,,,,COASTAL ESTUARY SERVICES LLC,,29.11499300,-89.20005239
CRMS0154-P02,,8/22/2017,07:50,CST,,,,0.328,,,,,,,31.00,1404.00,0.70,,,,,,,,,,,,,,,,,,,,COASTAL ESTUARY SERVICES LLC,,29.11499300,-89.20005239
CRMS0154-P02,,8/22/2017,07:50,CST,,,,0.984,,,,,,,30.80,1816.00,0.90,,,,,,,,,,,,,,,,,,,,COASTAL ESTUARY SERVICES LLC,,29.11499300,-89.20005239
CRMS0154-P02,,10/11/2017,10:50,CST,,,,0.328,,,,,,,28.50,3395.00,1.80,,,,,,,,,,,,,,,,,,,,COASTAL ESTUARY SERVICES LLC,,29.11499300,-89.20005239
CRMS0154-P02,,10/11/2017,10:50,CST,,,,0.984,,,,,,,27.40,2590.00,1.40,,,,,,,,,,,,,,,,,,,,COASTAL ESTUARY SERVICES LLC,,29.11499300,-89.20005239
CRMS0154-P02,,11/29/2017,10:50,CST,,,,0.328,,,,,,,,,,,,,,,,,,,,,,,,,,,,,COASTAL ESTUARY SERVICES LLC,Dry,29.11499300,-89.20005239
CRMS0154-P02,,11/29/2017,10:50,CST,,,,0.984,,,,,,,,,,,,,,,,,,,,,,,,,,,,,COASTAL ESTUARY SERVICES LLC,Dry,29.11499300,-89.20005239
CRMS0154-P02,,2/8/2018,09:20,CST,,,,0.328,,,,,,,10.90,1951.00,1.20,,,,,,,,,,,,,,,,,,,,COASTAL ESTUARY SERVICES LLC,,29.11499300,-89.20005239
CRMS0154-P02,,2/8/2018,09:20,CST,,,,0.984,,,,,,,11.20,1912.00,1.00,,,,,,,,,,,,,,,,,,,,COASTAL ESTUARY SERVICES LLC,,29.11499300,-89.20005239
CRMS0154-P02,,3/7/2018,13:20,CST,,,,0.328,,,,,,,14.40,1306.00,0.70,,,,,,,,,,,,,,,,,,,,COASTAL ESTUARY SERVICES LLC,,29.11499300,-89.20005239
CRMS0154-P02,,3/7/2018,13:20,CST,,,,0.984,,,,,,,17.50,1986.00,1.00,,,,,,,,,,,,,,,,,,,,COASTAL ESTUARY SERVICES LLC,,29.11499300,-89.20005239
CRMS0154-P02,,5/1/2018,11:25,CST,,,,0.328,,,,,,,,,,,,,,,,,,,,,,,,,,,,,COASTAL ESTUARY SERVICES LLC,Clogged at 10cm,29.11499300,-89.20005239
CRMS0154-P02,,5/1/2018,11:25,CST,,,,0.984,,,,,,,,,,,,,,,,,,,,,,,,,,,,,COASTAL ESTUARY SERVICES LLC,Clogged at 30cm,29.11499300,-89.20005239
CRMS0154-P02,,6/7/2018,10:15,CST,,,,0.328,,,,,,,,,,,,,,,,,,,,,,,,,,,,,COASTAL ESTUARY SERVICES LLC,Clogged at 10cm,29.11499300,-89.20005239
CRMS0154-P02,,6/7/2018,10:15,CST,,,,0.984,,,,,,,,,,,,,,,,,,,,,,,,,,,,,COASTAL ESTUARY SERVICES LLC,Clogged at 30cm,29.11499300,-89.20005239
CRMS0154-P02,,7/24/2018,13:15,CST,,,,0.328,,,,,,,,,,,,,,,,,,,,,,,,,,,,,COASTAL ESTUARY SERVICES LLC,"Depth of water on marsh = 0ft, dry at 10cm.",29.11499300,-89.20005239
CRMS0154-P02,,7/24/2018,13:15,CST,,,,0.984,,,,,,,29.90,1928.00,1.00,,,,,,,,,,,,,,,,,,,,COASTAL ESTUARY SERVICES LLC,Depth of water on marsh = 0ft,29.11499300,-89.20005239
CRMS0154-P02,,2/14/2019,11:25,CST,,,,0.328,,,,,,,12.00,795.00,0.40,,,,,,,,,,,,,,,,,,,,COASTAL ESTUARY SERVICES LLC,,29.11499300,-89.20005239
CRMS0154-P02,,2/14/2019,11:25,CST,,,,0.984,,,,,,,14.30,1557.00,0.80,,,,,,,,,,,,,,,,,,,,COASTAL ESTUARY SERVICES LLC,,29.11499300,-89.20005239
CRMS0154-P02,,5/7/2019,08:55,CST,,,,0.328,,,,,,,,,,,,,,,,,,,,,,,,,,,,,COASTAL ESTUARY SERVICES LLC,Clogged,29.11499300,-89.20005239
CRMS0154-P02,,5/7/2019,08:55,CST,,,,0.984,,,,,,,,,,,,,,,,,,,,,,,,,,,,,COASTAL ESTUARY SERVICES LLC,Clogged,29.11499300,-89.20005239
CRMS0154-P02,,7/16/2019,09:30,CST,2.40,GEOID12A,,0.328,,,,,,,29.70,2422.00,1.20,,,,,,,,,,,,,,,,,,,,COASTAL ESTUARY SERVICES LLC,,29.11499300,-89.20005239
CRMS0154-P02,,7/16/2019,09:30,CST,2.40,GEOID12A,,0.984,,,,,,,29.30,2268.00,1.20,,,,,,,,,,,,,,,,,,,,COASTAL ESTUARY SERVICES LLC,,29.11499300,-89.20005239
CRMS0154-P02,,10/8/2019,10:30,CST,,,,0.328,,,,,,,27.80,1608.00,0.80,,,,,,,,,,,,,,,,,,,,COASTAL ESTUARY SERVICES LLC,,29.11499300,-89.20005239
CRMS0154-P02,,10/8/2019,10:30,CST,,,,0.984,,,,,,,28.20,1981.00,1.00,,,,,,,,,,,,,,,,,,,,COASTAL ESTUARY SERVICES LLC,,29.11499300,-89.20005239
CRMS0154-P02,,1/7/2020,11:40,CST,0.80,GEOID12A,,0.328,,,,,,,,,,,,,,,,,,,,,,,,,,,,,COASTAL ESTUARY SERVICES LLC,Clogged,29.11499300,-89.20005239
CRMS0154-P02,,1/7/2020,11:40,CST,0.80,GEOID12A,,0.984,,,,,,,,,,,,,,,,,,,,,,,,,,,,,COASTAL ESTUARY SERVICES LLC,Clogged,29.11499300,-89.20005239
CRMS0154-P02,,6/16/2020,09:10,CST,2.00,GEOID12A,,0.328,,,,,,,26.10,2639.00,1.40,,,,,,,,,,,,,,,,,,,,COASTAL ESTUARY SERVICES LLC,Water on marsh 0.8 ft.,29.11499300,-89.20005239
CRMS0154-P02,,6/16/2020,09:10,CST,2.00,GEOID12A,,0.984,,,,,,,30.50,3547.00,1.80,,,,,,,,,,,,,,,,,,,,COASTAL ESTUARY SERVICES LLC,Water on marsh 0.8 ft.,29.11499300,-89.20005239
CRMS0154-P02,,8/4/2020,09:20,CST,1.78,GEOID12A,,0.328,,,,,,,28.70,2045.00,1.00,,,,,,,,,,,,,,,,,,,,COASTAL ESTUARY SERVICES LLC,Marsh Not Flooded,29.11499300,-89.20005239
CRMS0154-P02,,8/4/2020,09:20,CST,1.78,GEOID12A,,0.984,,,,,,,28.70,2481.00,1.30,,,,,,,,,,,,,,,,,,,,COASTAL ESTUARY SERVICES LLC,Marsh Not Flooded,29.11499300,-89.20005239
CRMS0154-P02,,9/30/2020,11:40,CST,1.94,GEOID12A,,0.328,,,,,,,27.30,2669.00,1.40,,,,,,,,,,,,,,,,,,,,COASTAL ESTUARY SERVICES LLC,Water depth on marsh: 1.25 ft,29.11499300,-89.20005239
CRMS0154-P02,,9/30/2020,11:40,CST,1.94,GEOID12A,,0.984,,,,,,,28.60,2434.00,1.20,,,,,,,,,,,,,,,,,,,,COASTAL ESTUARY SERVICES LLC,Water depth on marsh: 1.25 ft,29.11499300,-89.20005239
CRMS0154-P02,,11/4/2020,09:58,CST,,,,0.328,,,,,,,,,,,,,,,,,,,,,,,,,,,,,COASTAL ESTUARY SERVICES LLC,Clogged at 10cm. Marsh Not Flooded,29.11499300,-89.20005239
CRMS0154-P02,,11/4/2020,09:58,CST,,,,0.984,,,,,,,22.70,2181.00,1.10,,,,,,,,,,,,,,,,,,,,COASTAL ESTUARY SERVICES LLC,Marsh Not Flooded,29.11499300,-89.20005239
CRMS0154-P02,,1/20/2021,10:05,CST,0.48,GEOID12A,,0.328,,,,,,,14.60,1287.00,0.60,,,,,,,,,,,,,,,,,,,,COASTAL ESTUARY SERVICES LLC,Marsh Not Flooded,29.11499300,-89.20005239
CRMS0154-P02,,1/20/2021,10:05,CST,0.48,GEOID12A,,0.984,,,,,,,12.70,1681.00,0.80,,,,,,,,,,,,,,,,,,,,COASTAL ESTUARY SERVICES LLC,Marsh Not Flooded,29.11499300,-89.20005239
CRMS0154-P03,,6/25/2007,14:27,CST,,,,0.328,,,,,,,27.20,2386.00,1.20,,,,,,,,,,,,,,,,,,,,COASTAL ESTUARY SERVICES LLC,,29.11499300,-89.20005239
CRMS0154-P03,,6/25/2007,14:27,CST,,,,0.984,,,,,,,25.90,3673.00,1.80,,,,,,,,,,,,,,,,,,,,COASTAL ESTUARY SERVICES LLC,,29.11499300,-89.20005239
CRMS0154-P03,,7/26/2007,11:38,CST,,,,0.328,,,,,,,28.00,1590.00,0.80,,,,,,,,,,,,,,,,,,,,COASTAL ESTUARY SERVICES LLC,,29.11499300,-89.20005239
CRMS0154-P03,,7/26/2007,11:38,CST,,,,0.984,,,,,,,27.30,2897.00,1.50,,,,,,,,,,,,,,,,,,,,COASTAL ESTUARY SERVICES LLC,,29.11499300,-89.20005239
CRMS0154-P03,,8/27/2007,12:50,CST,,,,0.328,,,,,,,29.40,3550.00,1.90,,,,,,,,,,,,,,,,,,,,COASTAL ESTUARY SERVICES LLC,,29.11499300,-89.20005239
CRMS0154-P03,,8/27/2007,12:50,CST,,,,0.984,,,,,,,28.90,3463.00,1.80,,,,,,,,,,,,,,,,,,,,COASTAL ESTUARY SERVICES LLC,,29.11499300,-89.20005239
CRMS0154-P03,,9/27/2007,10:15,CST,,,,0.328,,,,,,,28.70,3814.00,2.00,,,,,,,,,,,,,,,,,,,,COASTAL ESTUARY SERVICES LLC,,29.11499300,-89.20005239
CRMS0154-P03,,9/27/2007,10:15,CST,,,,0.984,,,,,,,28.50,3404.00,1.80,,,,,,,,,,,,,,,,,,,,COASTAL ESTUARY SERVICES LLC,,29.11499300,-89.20005239
CRMS0154-P03,,10/24/2007,10:30,CST,,,,0.328,,,,,,,21.80,5200.00,2.80,,,,,,,,,,,,,,,,,,,,COASTAL ESTUARY SERVICES LLC,,29.11499300,-89.20005239
CRMS0154-P03,,10/24/2007,10:30,CST,,,,0.984,,,,,,,23.00,4840.00,2.40,,,,,,,,,,,,,,,,,,,,COASTAL ESTUARY SERVICES LLC,,29.11499300,-89.20005239
CRMS0154-P03,,2/27/2008,11:55,CST,,,,0.984,,,,,,,16.70,4683.00,2.50,,,,,,,,,,,,,,,,,,,,COASTAL ESTUARY SERVICES LLC,,29.11499300,-89.20005239
CRMS0154-P03,,3/26/2008,11:15,CST,,,,,,,,,,,,,,,,,,,,,,,,,,,,,,,,,COASTAL ESTUARY SERVICES LLC,,29.11499300,-89.20005239
CRMS0154-P03,,6/25/2008,11:44,CST,,,,0.984,,,,,,,26.50,3519.00,1.80,,,,,,,,,,,,,,,,,,,,COASTAL ESTUARY SERVICES LLC,,29.11499300,-89.20005239
CRMS0154-P03,,7/22/2008,09:50,CST,,,,0.328,,,,,,,26.30,2755.00,1.40,,,,,,,,,,,,,,,,,,,,COASTAL ESTUARY SERVICES LLC,,29.11499300,-89.20005239
CRMS0154-P03,,7/22/2008,09:50,CST,,,,0.984,,,,,,,26.40,3161.00,1.60,,,,,,,,,,,,,,,,,,,,COASTAL ESTUARY SERVICES LLC,,29.11499300,-89.20005239
CRMS0154-P03,,8/19/2008,16:16,CST,,,,0.984,,,,,,,27.60,3430.00,1.80,,,,,,,,,,,,,,,,,,,,COASTAL ESTUARY SERVICES LLC,,29.11499300,-89.20005239
CRMS0154-P03,,1/29/2009,11:00,CST,,,,,,,,,,,,,,,,,,,,,,,,,,,,,,,,,COASTAL ESTUARY SERVICES LLC,,29.11499300,-89.20005239
CRMS0154-P03,,5/27/2009,08:04,CST,,,,0.328,,,,,,,22.90,2308.00,1.20,,,,,,,,,,,,,,,,,,,,COASTAL ESTUARY SERVICES LLC,,29.11499300,-89.20005239
CRMS0154-P03,,5/27/2009,08:04,CST,,,,0.984,,,,,,,22.80,3192.00,1.70,,,,,,,,,,,,,,,,,,,,COASTAL ESTUARY SERVICES LLC,,29.11499300,-89.20005239
CRMS0154-P03,,6/24/2009,07:13,CST,,,,0.328,,,,,,,27.20,1395.00,0.70,,,,,,,,,,,,,,,,,,,,COASTAL ESTUARY SERVICES LLC,,29.11499300,-89.20005239
CRMS0154-P03,,6/24/2009,07:13,CST,,,,0.984,,,,,,,26.20,2183.00,1.10,,,,,,,,,,,,,,,,,,,,COASTAL ESTUARY SERVICES LLC,,29.11499300,-89.20005239
CRMS0154-P03,,8/10/2009,16:15,CST,,,,0.984,,,,,,,28.60,1752.00,0.90,,,,,,,,,,,,,,,,,,,,COASTAL ESTUARY SERVICES LLC,,29.11499300,-89.20005239
CRMS0154-P03,,2/2/2010,11:20,CST,,,,0.328,,,,,,,15.40,1329.00,0.70,,,,,,,,,,,,,,,,,,,,COASTAL ESTUARY SERVICES LLC,,29.11499300,-89.20005239
CRMS0154-P03,,2/2/2010,11:20,CST,,,,0.984,,,,,,,15.20,1522.00,0.80,,,,,,,,,,,,,,,,,,,,COASTAL ESTUARY SERVICES LLC,,29.11499300,-89.20005239
CRMS0154-P03,,3/18/2010,11:05,CST,,,,,,,,,,,,,,,,,,,,,,,,,,,,,,,,,COASTAL ESTUARY SERVICES LLC,,29.11499300,-89.20005239
CRMS0154-P03,,4/27/2010,13:50,CST,,,,,,,,,,,,,,,,,,,,,,,,,,,,,,,,,COASTAL ESTUARY SERVICES LLC,,29.11499300,-89.20005239
CRMS0154-P03,,5/19/2010,09:15,CST,,,,0.328,,,,,,,24.40,1558.00,0.80,,,,,,,,,,,,,,,,,,,,COASTAL ESTUARY SERVICES LLC,,29.11499300,-89.20005239
CRMS0154-P03,,5/19/2010,09:15,CST,,,,0.984,,,,,,,24.10,2287.00,1.20,,,,,,,,,,,,,,,,,,,,COASTAL ESTUARY SERVICES LLC,,29.11499300,-89.20005239
CRMS0154-P03,,7/14/2010,10:05,CST,,,,0.328,,,,,,,29.70,1912.00,1.00,,,,,,,,,,,,,,,,,,,,COASTAL ESTUARY SERVICES LLC,,29.11499300,-89.20005239
CRMS0154-P03,,7/14/2010,10:05,CST,,,,0.984,,,,,,,29.90,2100.00,1.10,,,,,,,,,,,,,,,,,,,,COASTAL ESTUARY SERVICES LLC,,29.11499300,-89.20005239
CRMS0154-P03,,8/19/2010,11:45,CST,,,,0.328,,,,,,,32.20,1841.00,0.90,,,,,,,,,,,,,,,,,,,,COASTAL ESTUARY SERVICES LLC,,29.11499300,-89.20005239
CRMS0154-P03,,8/19/2010,11:45,CST,,,,0.984,,,,,,,30.50,1943.00,1.00,,,,,,,,,,,,,,,,,,,,COASTAL ESTUARY SERVICES LLC,,29.11499300,-89.20005239
CRMS0154-P03,,10/4/2010,14:30,CST,,,,,,,,,,,,,,,,,,,,,,,,,,,,,,,,,COASTAL ESTUARY SERVICES LLC,,29.11499300,-89.20005239
CRMS0154-P03,,12/10/2010,09:55,CST,,,,,,,,,,,,,,,,,,,,,,,,,,,,,,,,,COASTAL ESTUARY SERVICES LLC,,29.11499300,-89.20005239
CRMS0154-P03,,2/22/2011,16:00,CST,,,,0.984,,,,,,,20.40,2927.00,1.50,,,,,,,,,,,,,,,,,,,,COASTAL ESTUARY SERVICES LLC,,29.11499300,-89.20005239
CRMS0154-P03,,3/22/2011,11:50,CST,,,,0.328,,,,,,,20.70,1885.00,1.00,,,,,,,,,,,,,,,,,,,,COASTAL ESTUARY SERVICES LLC,,29.11499300,-89.20005239
CRMS0154-P03,,3/22/2011,11:50,CST,,,,0.984,,,,,,,19.90,2041.00,1.00,,,,,,,,,,,,,,,,,,,,COASTAL ESTUARY SERVICES LLC,,29.11499300,-89.20005239
CRMS0154-P03,,4/19/2011,09:00,CST,,,,0.328,,,,,,,21.00,2080.00,1.10,,,,,,,,,,,,,,,,,,,,COASTAL ESTUARY SERVICES LLC,,29.11499300,-89.20005239
CRMS0154-P03,,4/19/2011,09:00,CST,,,,0.984,,,,,,,20.50,2145.00,1.10,,,,,,,,,,,,,,,,,,,,COASTAL ESTUARY SERVICES LLC,,29.11499300,-89.20005239
CRMS0154-P03,,7/19/2011,10:35,CST,,,,0.328,,,,,,,29.25,1696.00,0.87,,,,,,,,,,,,,,,,,,,,COASTAL ESTUARY SERVICES LLC,,29.11499300,-89.20005239
CRMS0154-P03,,10/4/2011,11:30,CST,,,,,,,,,,,,,,,,,,,,,,,,,,,,,,,,,COASTAL ESTUARY SERVICES LLC,,29.11499300,-89.20005239
CRMS0154-P03,,11/2/2011,09:09,CST,,,,0.328,,,,,,,21.50,4068.00,2.20,,,,,,,,,,,,,,,,,,,,COASTAL ESTUARY SERVICES LLC,,29.11499300,-89.20005239
CRMS0154-P03,,1/25/2012,10:40,CST,,,,,,,,,,,,,,,,,,,,,,,,,,,,,,,,,COASTAL ESTUARY SERVICES LLC,,29.11499300,-89.20005239
CRMS0154-P03,,2/14/2012,10:55,CST,,,,0.328,,,,,,,17.70,2376.00,1.20,,,,,,,,,,,,,,,,,,,,COASTAL ESTUARY SERVICES LLC,,29.11499300,-89.20005239
CRMS0154-P03,,2/14/2012,10:55,CST,,,,0.984,,,,,,,18.30,3099.00,1.60,,,,,,,,,,,,,,,,,,,,COASTAL ESTUARY SERVICES LLC,,29.11499300,-89.20005239
CRMS0154-P03,,3/27/2012,12:03,CST,,,,,,,,,,,,,,,,,,,,,,,,,,,,,,,,,COASTAL ESTUARY SERVICES LLC,,29.11499300,-89.20005239
CRMS0154-P03,,4/24/2012,11:34,CST,,,,0.328,,,,,,,20.30,1233.00,0.60,,,,,,,,,,,,,,,,,,,,COASTAL ESTUARY SERVICES LLC,,29.11499300,-89.20005239
CRMS0154-P03,,4/24/2012,11:34,CST,,,,0.984,,,,,,,21.10,1887.00,1.00,,,,,,,,,,,,,,,,,,,,COASTAL ESTUARY SERVICES LLC,,29.11499300,-89.20005239
CRMS0154-P03,,5/22/2012,09:20,CST,,,,0.984,,,,,,,24.50,1833.00,0.90,,,,,,,,,,,,,,,,,,,,COASTAL ESTUARY SERVICES LLC,,29.11499300,-89.20005239
CRMS0154-P03,,7/24/2012,10:32,CST,,,,0.328,,,,,,,27.60,5015.00,2.70,,,,,,,,,,,,,,,,,,,,COASTAL ESTUARY SERVICES LLC,,29.11499300,-89.20005239
CRMS0154-P03,,7/24/2012,10:32,CST,,,,0.984,,,,,,,27.20,4707.00,2.50,,,,,,,,,,,,,,,,,,,,COASTAL ESTUARY SERVICES LLC,,29.11499300,-89.20005239
CRMS0154-P03,,10/9/2012,09:30,CST,,,,,,,,,,,,,,,,,,,,,,,,,,,,,,,,,COASTAL ESTUARY SERVICES LLC,,29.11499300,-89.20005239
CRMS0154-P03,,3/19/2013,11:40,CST,,,,0.328,,,,,,,21.60,7440.00,4.10,,,,,,,,,,,,,,,,,,,,COASTAL ESTUARY SERVICES LLC,,29.11499300,-89.20005239
CRMS0154-P03,,3/19/2013,11:40,CST,,,,0.984,,,,,,,19.20,7410.00,4.10,,,,,,,,,,,,,,,,,,,,COASTAL ESTUARY SERVICES LLC,,29.11499300,-89.20005239
CRMS0154-P03,,4/23/2013,10:35,CST,,,,,,,,,,,,,,,,,,,,,,,,,,,,,,,,,COASTAL ESTUARY SERVICES LLC,10 cm and 30 cm reading clogging,29.11499300,-89.20005239
CRMS0154-P03,,5/21/2013,08:15,CST,,,,,,,,,,,,,,,,,,,,,,,,,,,,,,,,,COASTAL ESTUARY SERVICES LLC,clogged @ 10cm & 30cm,29.11499300,-89.20005239
CRMS0154-P03,,6/18/2013,08:20,CST,,,,0.328,,,,,,,27.50,1314.00,0.70,,,,,,,,,,,,,,,,,,,,COASTAL ESTUARY SERVICES LLC,,29.11499300,-89.20005239
CRMS0154-P03,,6/18/2013,08:20,CST,,,,0.984,,,,,,,26.50,2484.00,1.30,,,,,,,,,,,,,,,,,,,,COASTAL ESTUARY SERVICES LLC,,29.11499300,-89.20005239
CRMS0154-P03,,10/9/2013,12:00,CST,,,,0.328,,,,,,,28.50,3989.00,2.10,,,,,,,,,,,,,,,,,,,,COASTAL ESTUARY SERVICES LLC,,29.11499300,-89.20005239
CRMS0154-P03,,10/9/2013,12:00,CST,,,,0.984,,,,,,,28.30,3926.00,2.10,,,,,,,,,,,,,,,,,,,,COASTAL ESTUARY SERVICES LLC,,29.11499300,-89.20005239
CRMS0154-P03,,3/17/2014,12:35,CST,,,,0.328,,,,,,,14.70,1667.00,0.80,,,,,,,,,,,,,,,,,,,,COASTAL ESTUARY SERVICES LLC,,29.11499300,-89.20005239
CRMS0154-P03,,3/17/2014,12:35,CST,,,,0.984,,,,,,,15.40,1501.00,0.80,,,,,,,,,,,,,,,,,,,,COASTAL ESTUARY SERVICES LLC,,29.11499300,-89.20005239
CRMS0154-P03,,4/22/2014,09:35,CST,,,,0.328,,,,,,,20.00,2149.00,1.10,,,,,,,,,,,,,,,,,,,,COASTAL ESTUARY SERVICES LLC,30cm clogging,29.11499300,-89.20005239
CRMS0154-P03,,5/20/2014,10:57,CST,,,,,,,,,,,,,,,,,,,,,,,,,,,,,,,,,COASTAL ESTUARY SERVICES LLC,Clogged at 10 cm and 30 cm,29.11499300,-89.20005239
CRMS0154-P03,,7/17/2014,11:36,CST,,,,0.984,,,,,,,28.60,2817.00,1.50,,,,,,,,,,,,,,,,,,,,COASTAL ESTUARY SERVICES LLC,Dry at 10cm,29.11499300,-89.20005239
CRMS0154-P03,,2/3/2015,13:15,CST,,,,0.328,,,,,,,11.70,1929.00,1.00,,,,,,,,,,,,,,,,,,,,COASTAL ESTUARY SERVICES LLC,,29.11499300,-89.20005239
CRMS0154-P03,,2/3/2015,13:15,CST,,,,0.984,,,,,,,13.10,2963.00,1.60,,,,,,,,,,,,,,,,,,,,COASTAL ESTUARY SERVICES LLC,,29.11499300,-89.20005239
CRMS0154-P03,,7/7/2015,09:22,CST,,,,0.328,,,,,,,28.00,1193.00,0.60,,,,,,,,,,,,,,,,,,,,COASTAL ESTUARY SERVICES LLC,Clogged at 30cm,29.11499300,-89.20005239
CRMS0154-P03,,3/1/2016,11:17,CST,,,,,,,,,,,,,,,,,,,,,,,,,,,,,,,,,COASTAL ESTUARY SERVICES LLC,Clogged at 30 cm and 10 cm,29.11499300,-89.20005239
CRMS0154-P03,,8/8/2016,12:15,CST,,,,0.328,,,,,,,30.40,1909.00,1.00,,,,,,,,,,,,,,,,,,,,COASTAL ESTUARY SERVICES LLC,,29.11499300,-89.20005239
CRMS0154-P03,,8/8/2016,12:15,CST,,,,0.984,,,,,,,30.30,2008.00,1.00,,,,,,,,,,,,,,,,,,,,COASTAL ESTUARY SERVICES LLC,,29.11499300,-89.20005239
CRMS0154-P03,,9/26/2016,11:28,CST,,,,0.328,,,,,,,29.90,1868.00,0.90,,,,,,,,,,,,,,,,,,,,COASTAL ESTUARY SERVICES LLC,,29.11499300,-89.20005239
CRMS0154-P03,,9/26/2016,11:28,CST,,,,0.984,,,,,,,28.60,2148.00,1.10,,,,,,,,,,,,,,,,,,,,COASTAL ESTUARY SERVICES LLC,,29.11499300,-89.20005239
CRMS0154-P03,,12/20/2016,10:31,CST,,,,0.328,,,,,,,12.90,3095.00,1.60,,,,,,,,,,,,,,,,,,,,COASTAL ESTUARY SERVICES LLC,,29.11499300,-89.20005239
CRMS0154-P03,,12/20/2016,10:31,CST,,,,0.984,,,,,,,14.30,2975.00,1.60,,,,,,,,,,,,,,,,,,,,COASTAL ESTUARY SERVICES LLC,,29.11499300,-89.20005239
CRMS0154-P03,,1/24/2017,10:14,CST,,,,0.328,,,,,,,15.60,2220.00,1.10,,,,,,,,,,,,,,,,,,,,COASTAL ESTUARY SERVICES LLC,,29.11499300,-89.20005239
CRMS0154-P03,,1/24/2017,10:14,CST,,,,0.984,,,,,,,16.30,2550.00,1.30,,,,,,,,,,,,,,,,,,,,COASTAL ESTUARY SERVICES LLC,,29.11499300,-89.20005239
CRMS0154-P03,,3/14/2017,09:25,CST,,,,0.328,,,,,,,16.00,1692.00,0.80,,,,,,,,,,,,,,,,,,,,COASTAL ESTUARY SERVICES LLC,,29.11499300,-89.20005239
CRMS0154-P03,,3/14/2017,09:25,CST,,,,0.984,,,,,,,,,,,,,,,,,,,,,,,,,,,,,COASTAL ESTUARY SERVICES LLC,clogged,29.11499300,-89.20005239
CRMS0154-P03,,4/25/2017,08:59,CST,,,,0.328,,,,,,,21.10,1526.00,0.80,,,,,,,,,,,,,,,,,,,,COASTAL ESTUARY SERVICES LLC,,29.11499300,-89.20005239
CRMS0154-P03,,4/25/2017,08:59,CST,,,,0.984,,,,,,,21.20,1472.00,0.70,,,,,,,,,,,,,,,,,,,,COASTAL ESTUARY SERVICES LLC,,29.11499300,-89.20005239
CRMS0154-P03,,5/25/2017,08:20,CST,,,,0.328,,,,,,,,,,,,,,,,,,,,,,,,,,,,,COASTAL ESTUARY SERVICES LLC,Clogged,29.11499300,-89.20005239
CRMS0154-P03,,5/25/2017,08:20,CST,,,,0.984,,,,,,,,,,,,,,,,,,,,,,,,,,,,,COASTAL ESTUARY SERVICES LLC,Clogged,29.11499300,-89.20005239
CRMS0154-P03,,6/27/2017,10:00,CST,,,,0.328,,,,,,,25.90,1603.00,0.80,,,,,,,,,,,,,,,,,,,,COASTAL ESTUARY SERVICES LLC,,29.11499300,-89.20005239
CRMS0154-P03,,6/27/2017,10:00,CST,,,,0.984,,,,,,,25.70,1401.00,0.70,,,,,,,,,,,,,,,,,,,,COASTAL ESTUARY SERVICES LLC,,29.11499300,-89.20005239
CRMS0154-P03,,7/18/2017,14:30,CST,,,,0.328,,,,,,,28.20,1495.00,0.70,,,,,,,,,,,,,,,,,,,,COASTAL ESTUARY SERVICES LLC,,29.11499300,-89.20005239
CRMS0154-P03,,7/18/2017,14:30,CST,,,,0.984,,,,,,,27.30,1840.00,0.90,,,,,,,,,,,,,,,,,,,,COASTAL ESTUARY SERVICES LLC,,29.11499300,-89.20005239
CRMS0154-P03,,8/22/2017,07:50,CST,,,,0.328,,,,,,,30.70,1308.00,0.60,,,,,,,,,,,,,,,,,,,,COASTAL ESTUARY SERVICES LLC,,29.11499300,-89.20005239
CRMS0154-P03,,8/22/2017,07:50,CST,,,,0.984,,,,,,,30.10,1657.00,0.80,,,,,,,,,,,,,,,,,,,,COASTAL ESTUARY SERVICES LLC,,29.11499300,-89.20005239
CRMS0154-P03,,10/11/2017,10:50,CST,,,,0.328,,,,,,,27.90,3370.00,1.80,,,,,,,,,,,,,,,,,,,,COASTAL ESTUARY SERVICES LLC,,29.11499300,-89.20005239
CRMS0154-P03,,10/11/2017,10:50,CST,,,,0.984,,,,,,,27.00,2644.00,1.40,,,,,,,,,,,,,,,,,,,,COASTAL ESTUARY SERVICES LLC,,29.11499300,-89.20005239
CRMS0154-P03,,11/29/2017,10:50,CST,,,,0.328,,,,,,,,,,,,,,,,,,,,,,,,,,,,,COASTAL ESTUARY SERVICES LLC,Dry,29.11499300,-89.20005239
CRMS0154-P03,,11/29/2017,10:50,CST,,,,0.984,,,,,,,,,,,,,,,,,,,,,,,,,,,,,COASTAL ESTUARY SERVICES LLC,Dry,29.11499300,-89.20005239
CRMS0154-P03,,2/8/2018,09:20,CST,,,,0.328,,,,,,,10.90,1944.00,1.00,,,,,,,,,,,,,,,,,,,,COASTAL ESTUARY SERVICES LLC,,29.11499300,-89.20005239
CRMS0154-P03,,2/8/2018,09:20,CST,,,,0.984,,,,,,,11.10,1938.00,1.00,,,,,,,,,,,,,,,,,,,,COASTAL ESTUARY SERVICES LLC,,29.11499300,-89.20005239
CRMS0154-P03,,3/7/2018,13:20,CST,,,,0.328,,,,,,,14.40,1290.00,0.60,,,,,,,,,,,,,,,,,,,,COASTAL ESTUARY SERVICES LLC,,29.11499300,-89.20005239
CRMS0154-P03,,3/7/2018,13:20,CST,,,,0.984,,,,,,,16.20,1996.00,1.00,,,,,,,,,,,,,,,,,,,,COASTAL ESTUARY SERVICES LLC,,29.11499300,-89.20005239
CRMS0154-P03,,5/1/2018,11:25,CST,,,,0.328,,,,,,,,,,,,,,,,,,,,,,,,,,,,,COASTAL ESTUARY SERVICES LLC,Clogged at 10cm,29.11499300,-89.20005239
CRMS0154-P03,,5/1/2018,11:25,CST,,,,0.984,,,,,,,,,,,,,,,,,,,,,,,,,,,,,COASTAL ESTUARY SERVICES LLC,Clogged at 30cm,29.11499300,-89.20005239
CRMS0154-P03,,6/7/2018,10:15,CST,,,,0.328,,,,,,,,,,,,,,,,,,,,,,,,,,,,,COASTAL ESTUARY SERVICES LLC,Clogged at 10cm,29.11499300,-89.20005239
CRMS0154-P03,,6/7/2018,10:15,CST,,,,0.984,,,,,,,,,,,,,,,,,,,,,,,,,,,,,COASTAL ESTUARY SERVICES LLC,Clogged at 30cm,29.11499300,-89.20005239
CRMS0154-P03,,7/24/2018,13:15,CST,,,,0.328,,,,,,,,,,,,,,,,,,,,,,,,,,,,,COASTAL ESTUARY SERVICES LLC,"Depth of water on marsh = 0ft, dry at 10cm.",29.11499300,-89.20005239
CRMS0154-P03,,7/24/2018,13:15,CST,,,,0.984,,,,,,,29.60,1901.00,1.00,,,,,,,,,,,,,,,,,,,,COASTAL ESTUARY SERVICES LLC,Depth of water on marsh = 0ft,29.11499300,-89.20005239
CRMS0154-P03,,2/14/2019,11:25,CST,,,,0.328,,,,,,,12.00,842.00,0.40,,,,,,,,,,,,,,,,,,,,COASTAL ESTUARY SERVICES LLC,,29.11499300,-89.20005239
CRMS0154-P03,,2/14/2019,11:25,CST,,,,0.984,,,,,,,13.50,1512.00,0.80,,,,,,,,,,,,,,,,,,,,COASTAL ESTUARY SERVICES LLC,,29.11499300,-89.20005239
CRMS0154-P03,,5/7/2019,08:55,CST,,,,0.328,,,,,,,,,,,,,,,,,,,,,,,,,,,,,COASTAL ESTUARY SERVICES LLC,Clogged,29.11499300,-89.20005239
CRMS0154-P03,,5/7/2019,08:55,CST,,,,0.984,,,,,,,,,,,,,,,,,,,,,,,,,,,,,COASTAL ESTUARY SERVICES LLC,Clogged,29.11499300,-89.20005239
CRMS0154-P03,,7/16/2019,09:30,CST,2.40,GEOID12A,,0.328,,,,,,,29.00,2306.00,1.20,,,,,,,,,,,,,,,,,,,,COASTAL ESTUARY SERVICES LLC,,29.11499300,-89.20005239
CRMS0154-P03,,7/16/2019,09:30,CST,2.40,GEOID12A,,0.984,,,,,,,28.60,2011.00,1.00,,,,,,,,,,,,,,,,,,,,COASTAL ESTUARY SERVICES LLC,,29.11499300,-89.20005239
CRMS0154-P03,,10/8/2019,10:30,CST,,,,0.328,,,,,,,27.80,1564.00,0.80,,,,,,,,,,,,,,,,,,,,COASTAL ESTUARY SERVICES LLC,,29.11499300,-89.20005239
CRMS0154-P03,,10/8/2019,10:30,CST,,,,0.984,,,,,,,28.00,1867.00,0.90,,,,,,,,,,,,,,,,,,,,COASTAL ESTUARY SERVICES LLC,,29.11499300,-89.20005239
CRMS0154-P03,,1/7/2020,11:40,CST,0.80,GEOID12A,,0.328,,,,,,,,,,,,,,,,,,,,,,,,,,,,,COASTAL ESTUARY SERVICES LLC,Clogged,29.11499300,-89.20005239
CRMS0154-P03,,1/7/2020,11:40,CST,0.80,GEOID12A,,0.984,,,,,,,,,,,,,,,,,,,,,,,,,,,,,COASTAL ESTUARY SERVICES LLC,Clogged,29.11499300,-89.20005239
CRMS0154-P03,,6/16/2020,09:10,CST,2.00,GEOID12A,,0.328,,,,,,,25.90,2330.00,1.20,,,,,,,,,,,,,,,,,,,,COASTAL ESTUARY SERVICES LLC,Water on marsh 0.8 ft.,29.11499300,-89.20005239
CRMS0154-P03,,6/16/2020,09:10,CST,2.00,GEOID12A,,0.984,,,,,,,30.50,3301.00,1.70,,,,,,,,,,,,,,,,,,,,COASTAL ESTUARY SERVICES LLC,Water on marsh 0.8 ft.,29.11499300,-89.20005239
CRMS0154-P03,,8/4/2020,09:20,CST,1.78,GEOID12A,,0.328,,,,,,,28.60,2056.00,1.00,,,,,,,,,,,,,,,,,,,,COASTAL ESTUARY SERVICES LLC,Marsh Not Flooded,29.11499300,-89.20005239
CRMS0154-P03,,8/4/2020,09:20,CST,1.78,GEOID12A,,0.984,,,,,,,28.40,2452.00,1.30,,,,,,,,,,,,,,,,,,,,COASTAL ESTUARY SERVICES LLC,Marsh Not Flooded,29.11499300,-89.20005239
CRMS0154-P03,,9/30/2020,11:40,CST,1.94,GEOID12A,,0.328,,,,,,,26.10,2709.00,1.40,,,,,,,,,,,,,,,,,,,,COASTAL ESTUARY SERVICES LLC,Water depth on marsh: 1.25 ft,29.11499300,-89.20005239
CRMS0154-P03,,9/30/2020,11:40,CST,1.94,GEOID12A,,0.984,,,,,,,28.50,2436.00,1.20,,,,,,,,,,,,,,,,,,,,COASTAL ESTUARY SERVICES LLC,Water depth on marsh: 1.25 ft,29.11499300,-89.20005239
CRMS0154-P03,,11/4/2020,09:58,CST,,,,0.328,,,,,,,,,,,,,,,,,,,,,,,,,,,,,COASTAL ESTUARY SERVICES LLC,Clogged at 10cm. Marsh Not Flooded,29.11499300,-89.20005239
CRMS0154-P03,,11/4/2020,09:58,CST,,,,0.984,,,,,,,22.10,2077.00,1.00,,,,,,,,,,,,,,,,,,,,COASTAL ESTUARY SERVICES LLC,Marsh Not Flooded,29.11499300,-89.20005239
CRMS0154-P03,,1/20/2021,10:05,CST,0.48,GEOID12A,,0.328,,,,,,,14.00,1261.00,0.60,,,,,,,,,,,,,,,,,,,,COASTAL ESTUARY SERVICES LLC,Marsh Not Flooded,29.11499300,-89.20005239
CRMS0154-P03,,1/20/2021,10:05,CST,0.48,GEOID12A,,0.984,,,,,,,12.70,1909.00,1.00,,,,,,,,,,,,,,,,,,,,COASTAL ESTUARY SERVICES LLC,Marsh Not Flooded,29.11499300,-89.20005239
CRMS0154-P04,,8/28/2018,08:40,CST,,,,0.328,,,,,,,30.30,2578.00,1.30,,,,,,,,,,,,,,,,,,,,COASTAL ESTUARY SERVICES LLC," Taken at 869864, 3226800",29.11589794,-89.19985482
CRMS0154-P04,,8/28/2018,08:40,CST,,,,0.984,,,,,,,29.60,1961.00,1.00,,,,,,,,,,,,,,,,,,,,COASTAL ESTUARY SERVICES LLC," Taken at 869864, 3226800",29.11589794,-89.19985482
CRMS0154-P04,,10/16/2018,13:00,CST,,,,0.328,,,,,,,28.60,1330.00,0.70,,,,,,,,,,,,,,,,,,,,COASTAL ESTUARY SERVICES LLC,,29.11589794,-89.19985482
CRMS0154-P04,,10/16/2018,13:00,CST,,,,0.984,,,,,,,28.30,2279.00,1.20,,,,,,,,,,,,,,,,,,,,COASTAL ESTUARY SERVICES LLC,,29.11589794,-89.19985482
CRMS0154-P04,,11/20/2018,12:15,CST,,,,0.328,,,,,,,,,,,,,,,,,,,,,,,,,,,,,COASTAL ESTUARY SERVICES LLC,Clogged,29.11589794,-89.19985482
CRMS0154-P04,,11/20/2018,12:15,CST,,,,0.984,,,,,,,,,,,,,,,,,,,,,,,,,,,,,COASTAL ESTUARY SERVICES LLC,Clogged,29.11589794,-89.19985482
CRMS0154-P04,,1/15/2019,12:10,CST,,,,0.328,,,,,,,10.50,2381.00,1.20,,,,,,,,,,,,,,,,,,,,COASTAL ESTUARY SERVICES LLC,,29.11589794,-89.19985482
CRMS0154-P04,,1/15/2019,12:10,CST,,,,0.984,,,,,,,10.60,2562.00,1.30,,,,,,,,,,,,,,,,,,,,COASTAL ESTUARY SERVICES LLC,,29.11589794,-89.19985482
CRMS0154-P04,,4/2/2019,09:20,CST,,,,0.328,,,,,,,,,,,,,,,,,,,,,,,,,,,,,COASTAL ESTUARY SERVICES LLC,Clogged,29.11589794,-89.19985482
CRMS0154-P04,,4/2/2019,09:20,CST,,,,0.984,,,,,,,,,,,,,,,,,,,,,,,,,,,,,COASTAL ESTUARY SERVICES LLC,Clogged,29.11589794,-89.19985482
CRMS0154-P04,,6/11/2019,09:34,CST,,,,0.328,,,,,,,,,,,,,,,,,,,,,,,,,,,,,COASTAL ESTUARY SERVICES LLC,Clogged,29.11589794,-89.19985482
CRMS0154-P04,,6/11/2019,09:34,CST,,,,0.984,,,,,,,,,,,,,,,,,,,,,,,,,,,,,COASTAL ESTUARY SERVICES LLC,Clogged,29.11589794,-89.19985482
CRMS0154-P04,,9/4/2019,09:30,CST,,,,0.328,,,,,,,30.40,930.00,0.50,,,,,,,,,,,,,,,,,,,,COASTAL ESTUARY SERVICES LLC,,29.11589794,-89.19985482
CRMS0154-P04,,9/4/2019,09:30,CST,,,,0.984,,,,,,,,,,,,,,,,,,,,,,,,,,,,,COASTAL ESTUARY SERVICES LLC,Clogged at 30cm.,29.11589794,-89.19985482
CRMS0154-P04,,11/19/2019,11:40,CST,,,,0.328,,,,,,,,,,,,,,,,,,,,,,,,,,,,,COASTAL ESTUARY SERVICES LLC,CLOGGED,29.11589794,-89.19985482
CRMS0154-P04,,11/19/2019,11:40,CST,,,,0.984,,,,,,,18.80,1646.00,0.80,,,,,,,,,,,,,,,,,,,,COASTAL ESTUARY SERVICES LLC,,29.11589794,-89.19985482
CRMS0154-P04,,2/17/2020,11:08,CST,1.75,GEOID12A,,0.328,,,,,,,15.50,1015.00,0.50,,,,,,,,,,,,,,,,,,,,COASTAL ESTUARY SERVICES LLC,Marsh Not Flooded,29.11589794,-89.19985482
CRMS0154-P04,,2/17/2020,11:08,CST,1.75,GEOID12A,,0.984,,,,,,,15.50,1297.00,0.70,,,,,,,,,,,,,,,,,,,,COASTAL ESTUARY SERVICES LLC,Marsh Not Flooded,29.11589794,-89.19985482
CRMS0154-P04,,5/5/2020,10:26,CST,0.00,GEOID12A,,0.328,,,,,,,21.70,918.00,0.50,,,,,,,,,,,,,,,,,,,,COASTAL ESTUARY SERVICES LLC,Marsh Not Flooded,29.11589794,-89.19985482
CRMS0154-P04,,5/5/2020,10:26,CST,0.00,GEOID12A,,0.984,,,,,,,,,,,,,,,,,,,,,,,,,,,,,COASTAL ESTUARY SERVICES LLC,Clogged,29.11589794,-89.19985482
CRMS0154-P04,,12/8/2020,10:35,CST,0.56,GEOID12A,,0.328,,,,,,,14.60,1377.00,0.70,,,,,,,,,,,,,,,,,,,,COASTAL ESTUARY SERVICES LLC,Marsh Not Flooded,29.11589794,-89.19985482
CRMS0154-P04,,12/8/2020,10:35,CST,0.56,GEOID12A,,0.984,,,,,,,15.00,1881.00,1.00,,,,,,,,,,,,,,,,,,,,COASTAL ESTUARY SERVICES LLC,Marsh Not Flooded,29.11589794,-89.19985482
CRMS0154-P04,,3/16/2021,10:55,CST,1.67,GEOID12A,,0.328,,,,,,,22.30,1426.00,0.70,,,,,,,,,,,,,,,,,,,,COASTAL ESTUARY SERVICES LLC,Marsh is not flooded.  ,29.11589794,-89.19985482
CRMS0154-P04,,3/16/2021,10:55,CST,1.67,GEOID12A,,0.984,,,,,,,29.10,709.00,0.30,,,,,,,,,,,,,,,,,,,,COASTAL ESTUARY SERVICES LLC,Marsh is not flooded.  ,29.11589794,-89.19985482
CRMS0154-P05,,8/28/2018,08:41,CST,,,,0.328,,,,,,,30.00,2633.00,1.30,,,,,,,,,,,,,,,,,,,,COASTAL ESTUARY SERVICES LLC," Taken at 869864, 3226800",29.11589794,-89.19985482
CRMS0154-P05,,8/28/2018,08:41,CST,,,,0.984,,,,,,,29.10,2124.00,1.10,,,,,,,,,,,,,,,,,,,,COASTAL ESTUARY SERVICES LLC," Taken at 869864, 3226800",29.11589794,-89.19985482
CRMS0154-P05,,10/16/2018,13:00,CST,,,,0.328,,,,,,,29.80,1766.00,0.90,,,,,,,,,,,,,,,,,,,,COASTAL ESTUARY SERVICES LLC,,29.11589794,-89.19985482
CRMS0154-P05,,10/16/2018,13:00,CST,,,,0.984,,,,,,,28.00,2371.00,1.20,,,,,,,,,,,,,,,,,,,,COASTAL ESTUARY SERVICES LLC,,29.11589794,-89.19985482
CRMS0154-P05,,11/20/2018,12:15,CST,,,,0.328,,,,,,,,,,,,,,,,,,,,,,,,,,,,,COASTAL ESTUARY SERVICES LLC,Clogged,29.11589794,-89.19985482
CRMS0154-P05,,11/20/2018,12:15,CST,,,,0.984,,,,,,,,,,,,,,,,,,,,,,,,,,,,,COASTAL ESTUARY SERVICES LLC,Clogged,29.11589794,-89.19985482
CRMS0154-P05,,1/15/2019,12:10,CST,,,,0.328,,,,,,,10.30,2402.00,1.30,,,,,,,,,,,,,,,,,,,,COASTAL ESTUARY SERVICES LLC,,29.11589794,-89.19985482
CRMS0154-P05,,1/15/2019,12:10,CST,,,,0.984,,,,,,,10.70,2870.00,1.50,,,,,,,,,,,,,,,,,,,,COASTAL ESTUARY SERVICES LLC,,29.11589794,-89.19985482
CRMS0154-P05,,4/2/2019,09:20,CST,,,,0.328,,,,,,,,,,,,,,,,,,,,,,,,,,,,,COASTAL ESTUARY SERVICES LLC,Clogged,29.11589794,-89.19985482
CRMS0154-P05,,4/2/2019,09:20,CST,,,,0.984,,,,,,,,,,,,,,,,,,,,,,,,,,,,,COASTAL ESTUARY SERVICES LLC,Clogged,29.11589794,-89.19985482
CRMS0154-P05,,6/11/2019,09:34,CST,,,,0.328,,,,,,,,,,,,,,,,,,,,,,,,,,,,,COASTAL ESTUARY SERVICES LLC,Clogged,29.11589794,-89.19985482
CRMS0154-P05,,6/11/2019,09:34,CST,,,,0.984,,,,,,,,,,,,,,,,,,,,,,,,,,,,,COASTAL ESTUARY SERVICES LLC,Clogged,29.11589794,-89.19985482
CRMS0154-P05,,9/4/2019,09:30,CST,,,,0.328,,,,,,,30.40,937.00,0.50,,,,,,,,,,,,,,,,,,,,COASTAL ESTUARY SERVICES LLC,,29.11589794,-89.19985482
CRMS0154-P05,,9/4/2019,09:30,CST,,,,0.984,,,,,,,,,,,,,,,,,,,,,,,,,,,,,COASTAL ESTUARY SERVICES LLC,Clogged at 30cm.,29.11589794,-89.19985482
CRMS0154-P05,,11/19/2019,11:40,CST,,,,0.328,,,,,,,,,,,,,,,,,,,,,,,,,,,,,COASTAL ESTUARY SERVICES LLC,CLOGGED,29.11589794,-89.19985482
CRMS0154-P05,,11/19/2019,11:40,CST,,,,0.984,,,,,,,18.30,1211.00,0.60,,,,,,,,,,,,,,,,,,,,COASTAL ESTUARY SERVICES LLC,,29.11589794,-89.19985482
CRMS0154-P05,,2/17/2020,11:08,CST,1.75,GEOID12A,,0.328,,,,,,,15.60,1151.00,0.60,,,,,,,,,,,,,,,,,,,,COASTAL ESTUARY SERVICES LLC,Marsh Not Flooded,29.11589794,-89.19985482
CRMS0154-P05,,2/17/2020,11:08,CST,1.75,GEOID12A,,0.984,,,,,,,14.80,1303.00,0.70,,,,,,,,,,,,,,,,,,,,COASTAL ESTUARY SERVICES LLC,Marsh Not Flooded,29.11589794,-89.19985482
CRMS0154-P05,,5/5/2020,10:26,CST,0.00,GEOID12A,,0.328,,,,,,,21.40,963.00,0.50,,,,,,,,,,,,,,,,,,,,COASTAL ESTUARY SERVICES LLC,Marsh Not Flooded,29.11589794,-89.19985482
CRMS0154-P05,,5/5/2020,10:26,CST,0.00,GEOID12A,,0.984,,,,,,,,,,,,,,,,,,,,,,,,,,,,,COASTAL ESTUARY SERVICES LLC,Clogged,29.11589794,-89.19985482
CRMS0154-P05,,12/8/2020,10:35,CST,0.56,GEOID12A,,0.328,,,,,,,14.50,1261.00,0.70,,,,,,,,,,,,,,,,,,,,COASTAL ESTUARY SERVICES LLC,Marsh Not Flooded,29.11589794,-89.19985482
CRMS0154-P05,,12/8/2020,10:35,CST,0.56,GEOID12A,,0.984,,,,,,,14.90,1881.00,1.00,,,,,,,,,,,,,,,,,,,,COASTAL ESTUARY SERVICES LLC,Marsh Not Flooded,29.11589794,-89.19985482
CRMS0154-P05,,3/16/2021,10:55,CST,1.67,GEOID12A,,0.328,,,,,,,22.10,1111.00,0.60,,,,,,,,,,,,,,,,,,,,COASTAL ESTUARY SERVICES LLC,Marsh is not flooded.  ,29.11589794,-89.19985482
CRMS0154-P05,,3/16/2021,10:55,CST,1.67,GEOID12A,,0.984,,,,,,,25.10,1962.00,1.00,,,,,,,,,,,,,,,,,,,,COASTAL ESTUARY SERVICES LLC,Marsh is not flooded.  ,29.11589794,-89.19985482
CRMS0154-P06,,8/28/2018,08:42,CST,,,,0.328,,,,,,,29.80,2677.00,1.40,,,,,,,,,,,,,,,,,,,,COASTAL ESTUARY SERVICES LLC," Taken at 869864, 3226800",29.11589794,-89.19985482
CRMS0154-P06,,8/28/2018,08:42,CST,,,,0.984,,,,,,,29.10,2252.00,1.10,,,,,,,,,,,,,,,,,,,,COASTAL ESTUARY SERVICES LLC," Taken at 869864, 3226800",29.11589794,-89.19985482
CRMS0154-P06,,10/16/2018,13:00,CST,,,,0.328,,,,,,,28.60,1391.00,0.70,,,,,,,,,,,,,,,,,,,,COASTAL ESTUARY SERVICES LLC,,29.11589794,-89.19985482
CRMS0154-P06,,10/16/2018,13:00,CST,,,,0.984,,,,,,,28.60,2121.00,1.10,,,,,,,,,,,,,,,,,,,,COASTAL ESTUARY SERVICES LLC,,29.11589794,-89.19985482
CRMS0154-P06,,11/20/2018,12:15,CST,,,,0.328,,,,,,,,,,,,,,,,,,,,,,,,,,,,,COASTAL ESTUARY SERVICES LLC,Clogged,29.11589794,-89.19985482
CRMS0154-P06,,11/20/2018,12:15,CST,,,,0.984,,,,,,,,,,,,,,,,,,,,,,,,,,,,,COASTAL ESTUARY SERVICES LLC,Clogged,29.11589794,-89.19985482
CRMS0154-P06,,1/15/2019,12:10,CST,,,,0.328,,,,,,,10.30,2474.00,1.30,,,,,,,,,,,,,,,,,,,,COASTAL ESTUARY SERVICES LLC,,29.11589794,-89.19985482
CRMS0154-P06,,1/15/2019,12:10,CST,,,,0.984,,,,,,,11.00,2946.00,1.50,,,,,,,,,,,,,,,,,,,,COASTAL ESTUARY SERVICES LLC,,29.11589794,-89.19985482
CRMS0154-P06,,4/2/2019,09:20,CST,,,,0.328,,,,,,,,,,,,,,,,,,,,,,,,,,,,,COASTAL ESTUARY SERVICES LLC,Clogged,29.11589794,-89.19985482
CRMS0154-P06,,4/2/2019,09:20,CST,,,,0.984,,,,,,,,,,,,,,,,,,,,,,,,,,,,,COASTAL ESTUARY SERVICES LLC,Clogged,29.11589794,-89.19985482
CRMS0154-P06,,6/11/2019,09:34,CST,,,,0.328,,,,,,,,,,,,,,,,,,,,,,,,,,,,,COASTAL ESTUARY SERVICES LLC,Clogged,29.11589794,-89.19985482
CRMS0154-P06,,6/11/2019,09:34,CST,,,,0.984,,,,,,,,,,,,,,,,,,,,,,,,,,,,,COASTAL ESTUARY SERVICES LLC,Clogged,29.11589794,-89.19985482
CRMS0154-P06,,9/4/2019,09:30,CST,,,,0.328,,,,,,,30.40,1037.00,0.50,,,,,,,,,,,,,,,,,,,,COASTAL ESTUARY SERVICES LLC,,29.11589794,-89.19985482
CRMS0154-P06,,9/4/2019,09:30,CST,,,,0.984,,,,,,,,,,,,,,,,,,,,,,,,,,,,,COASTAL ESTUARY SERVICES LLC,Clogged at 30cm.,29.11589794,-89.19985482
CRMS0154-P06,,11/19/2019,11:40,CST,,,,0.328,,,,,,,,,,,,,,,,,,,,,,,,,,,,,COASTAL ESTUARY SERVICES LLC,CLOGGED,29.11589794,-89.19985482
CRMS0154-P06,,11/19/2019,11:40,CST,,,,0.984,,,,,,,18.30,1983.00,1.00,,,,,,,,,,,,,,,,,,,,COASTAL ESTUARY SERVICES LLC,,29.11589794,-89.19985482
CRMS0154-P06,,2/17/2020,11:08,CST,1.75,GEOID12A,,0.328,,,,,,,15.70,1215.00,0.60,,,,,,,,,,,,,,,,,,,,COASTAL ESTUARY SERVICES LLC,Marsh Not Flooded,29.11589794,-89.19985482
CRMS0154-P06,,2/17/2020,11:08,CST,1.75,GEOID12A,,0.984,,,,,,,17.40,1277.00,0.60,,,,,,,,,,,,,,,,,,,,COASTAL ESTUARY SERVICES LLC,Marsh Not Flooded,29.11589794,-89.19985482
CRMS0154-P06,,5/5/2020,10:26,CST,0.00,GEOID12A,,0.328,,,,,,,21.40,908.00,0.40,,,,,,,,,,,,,,,,,,,,COASTAL ESTUARY SERVICES LLC,Marsh Not Flooded,29.11589794,-89.19985482
CRMS0154-P06,,5/5/2020,10:26,CST,0.00,GEOID12A,,0.984,,,,,,,,,,,,,,,,,,,,,,,,,,,,,COASTAL ESTUARY SERVICES LLC,Clogged,29.11589794,-89.19985482
CRMS0154-P06,,12/8/2020,10:35,CST,0.56,GEOID12A,,0.328,,,,,,,14.60,1227.00,0.60,,,,,,,,,,,,,,,,,,,,COASTAL ESTUARY SERVICES LLC,Marsh Not Flooded,29.11589794,-89.19985482
CRMS0154-P06,,12/8/2020,10:35,CST,0.56,GEOID12A,,0.984,,,,,,,14.70,1858.00,0.90,,,,,,,,,,,,,,,,,,,,COASTAL ESTUARY SERVICES LLC,Marsh Not Flooded,29.11589794,-89.19985482
CRMS0154-P06,,3/16/2021,10:55,CST,1.67,GEOID12A,,0.328,,,,,,,21.60,854.00,0.40,,,,,,,,,,,,,,,,,,,,COASTAL ESTUARY SERVICES LLC,Marsh is not flooded.  ,29.11589794,-89.19985482
CRMS0154-P06,,3/16/2021,10:55,CST,1.67,GEOID12A,,0.984,,,,,,,25.50,1382.00,0.70,,,,,,,,,,,,,,,,,,,,COASTAL ESTUARY SERVICES LLC,Marsh is not flooded.  ,29.11589794,-89.19985482
CRMS0154-V07,,8/19/2008,15:53,CST,,,,0.984,,,,,,,28.40,2696.00,1.40,,,,,,,,,,,,,,,,,,,,COASTAL ESTUARY SERVICES LLC,,29.11566043,-89.19918919
CRMS0154-V07,,8/10/2009,16:44,CST,,,,0.984,,,,,,,27.30,2091.00,1.00,,,,,,,,,,,,,,,,,,,,COASTAL ESTUARY SERVICES LLC,,29.11566043,-89.19918919
CRMS0154-V07,,10/4/2010,16:32,CST,,,,0.328,,,,,,,20.70,2660.00,1.40,,,,,,,,,,,,,,,,,,,,COASTAL ESTUARY SERVICES LLC,,29.11566043,-89.19918919
CRMS0154-V07,,7/20/2011,10:46,CST,,,,,,,,,,,,,,,,,,,,,,,,,,,,,,,,,COASTAL ESTUARY SERVICES LLC,,29.11566043,-89.19918919
CRMS0154-V07,,7/24/2012,09:10,CST,,,,,,,,,,,,,,,,,,,,,,,,,,,,,,,,,COASTAL ESTUARY SERVICES LLC,,29.11566043,-89.19918919
CRMS0154-V07,,7/17/2014,11:40,CST,,,,,,,,,,,,,,,,,,,,,,,,,,,,,,,,,COASTAL ESTUARY SERVICES LLC,plot inaccessible due to Phragmites australis; porewater not taken,29.11566043,-89.19918919
CRMS0154-V07,,7/7/2015,09:25,CST,,,,,,,,,,,,,,,,,,,,,,,,,,,,,,,,,COASTAL ESTUARY SERVICES LLC,plot inaccessible due to Phragmites australis; porewater not taken,29.11566043,-89.19918919
CRMS0154-V07,,8/8/2016,12:20,CST,,,,,,,,,,,,,,,,,,,,,,,,,,,,,,,,,COASTAL ESTUARY SERVICES LLC,100 % Phragmites australis; did not access,29.11566043,-89.19918919
CRMS0154-V07,,7/18/2017,12:28,CST,,,,0.328,,,,,,,28.70,1878.00,0.90,,,,,,,,,,,,,,,,,,,,COASTAL ESTUARY SERVICES LLC,,29.11566043,-89.19918919
CRMS0154-V07,,7/18/2017,12:28,CST,,,,0.984,,,,,,,30.20,1969.00,1.00,,,,,,,,,,,,,,,,,,,,COASTAL ESTUARY SERVICES LLC,,29.11566043,-89.19918919
CRMS0154-V07,,7/24/2018,12:48,CST,,,,0.328,,,,,,,,,,,,,,,,,,,,,,,,,,,,,COASTAL ESTUARY SERVICES LLC,"Depth of water on marsh = 0ft, dry at 10cm.",29.11566043,-89.19918919
CRMS0154-V07,,7/24/2018,12:48,CST,,,,0.984,,,,,,,31.60,1762.00,0.90,,,,,,,,,,,,,,,,,,,,COASTAL ESTUARY SERVICES LLC,Depth of water on marsh = 0ft,29.11566043,-89.19918919
CRMS0154-V07,,7/16/2019,10:00,CST,2.40,GEOID12A,,0.328,,,,,,,29.90,1851.00,0.90,,,,,,,,,,,,,,,,,,,,COASTAL ESTUARY SERVICES LLC,,29.11566043,-89.19918919
CRMS0154-V07,,7/16/2019,10:00,CST,2.40,GEOID12A,,0.984,,,,,,,30.90,2173.00,1.10,,,,,,,,,,,,,,,,,,,,COASTAL ESTUARY SERVICES LLC,,29.11566043,-89.19918919
CRMS0154-V07,,6/16/2020,09:40,CST,2.00,GEOID12A,,0.328,,,,,,,27.50,794.00,0.40,,,,,,,,,,,,,,,,,,,,COASTAL ESTUARY SERVICES LLC,Water on marsh 0.3 ft.,29.11566043,-89.19918919
CRMS0154-V07,,6/16/2020,09:40,CST,2.00,GEOID12A,,0.984,,,,,,,28.40,1129.00,0.60,,,,,,,,,,,,,,,,,,,,COASTAL ESTUARY SERVICES LLC,Water on marsh 0.3 ft.,29.11566043,-89.19918919
CRMS0154-V07,,6/9/2021,09:12,CST,1.77,GEOID12A,,0.328,,,,,,,25.30,1305.00,0.70,,,,,,,,,,,,,,,,,,,,COASTAL ESTUARY SERVICES LLC,Water Level is 0.4 ft above marsh.,29.11566043,-89.19918919
CRMS0154-V07,,6/9/2021,09:12,CST,1.77,GEOID12A,,0.984,,,,,,,25.60,1663.00,0.80,,,,,,,,,,,,,,,,,,,,COASTAL ESTUARY SERVICES LLC,Water Level is 0.4 ft above marsh.,29.11566043,-89.19918919
CRMS0154-V101,,7/18/2017,14:03,CST,,,,0.328,,,,,,,27.80,1285.00,0.60,,,,,,,,,,,,,,,,,,,,COASTAL ESTUARY SERVICES LLC,,29.11577011,-89.19979793
CRMS0154-V101,,7/18/2017,14:03,CST,,,,0.984,,,,,,,28.70,1821.00,0.90,,,,,,,,,,,,,,,,,,,,COASTAL ESTUARY SERVICES LLC,,29.11577011,-89.19979793
CRMS0154-V101,,7/24/2018,12:14,CST,,,,0.328,,,,,,,,,,,,,,,,,,,,,,,,,,,,,COASTAL ESTUARY SERVICES LLC,"Depth of water on marsh = 0ft, dry at 10cm.",29.11577011,-89.19979793
CRMS0154-V101,,7/24/2018,12:14,CST,,,,0.984,,,,,,,31.90,1696.00,0.80,,,,,,,,,,,,,,,,,,,,COASTAL ESTUARY SERVICES LLC,Depth of water on marsh = 0ft,29.11577011,-89.19979793
CRMS0154-V101,,7/16/2019,10:45,CST,2.40,GEOID12A,,0.328,,,,,,,29.80,1799.00,0.90,,,,,,,,,,,,,,,,,,,,COASTAL ESTUARY SERVICES LLC,,29.11577011,-89.19979793
CRMS0154-V101,,7/16/2019,10:45,CST,2.40,GEOID12A,,0.984,,,,,,,31.00,2055.00,1.00,,,,,,,,,,,,,,,,,,,,COASTAL ESTUARY SERVICES LLC,,29.11577011,-89.19979793
CRMS0154-V101,,6/16/2020,09:55,CST,2.00,GEOID12A,,0.328,,,,,,,26.60,1598.00,0.80,,,,,,,,,,,,,,,,,,,,COASTAL ESTUARY SERVICES LLC,Water on marsh 0.2 ft.,29.11577011,-89.19979793
CRMS0154-V101,,6/16/2020,09:55,CST,2.00,GEOID12A,,0.984,,,,,,,27.50,2275.00,1.20,,,,,,,,,,,,,,,,,,,,COASTAL ESTUARY SERVICES LLC,Water on marsh 0.2 ft.,29.11577011,-89.19979793
CRMS0154-V101,,6/9/2021,10:41,CST,1.77,GEOID12A,,0.328,,,,,,,26.90,1243.00,0.60,,,,,,,,,,,,,,,,,,,,COASTAL ESTUARY SERVICES LLC,Water Level is 0.4 ft above marsh.,29.11577011,-89.19979793
CRMS0154-V101,,6/9/2021,10:41,CST,1.77,GEOID12A,,0.984,,,,,,,27.40,1421.00,0.70,,,,,,,,,,,,,,,,,,,,COASTAL ESTUARY SERVICES LLC,Water Level is 0.4 ft above marsh.,29.11577011,-89.19979793
CRMS0154-V102,,7/18/2017,13:09,CST,,,,0.328,,,,,,,29.70,2344.00,1.20,,,,,,,,,,,,,,,,,,,,COASTAL ESTUARY SERVICES LLC,,29.11571664,-89.19950217
CRMS0154-V102,,7/18/2017,13:09,CST,,,,0.984,,,,,,,29.20,1980.00,1.00,,,,,,,,,,,,,,,,,,,,COASTAL ESTUARY SERVICES LLC,,29.11571664,-89.19950217
CRMS0154-V102,,7/24/2018,12:32,CST,,,,0.328,,,,,,,,,,,,,,,,,,,,,,,,,,,,,COASTAL ESTUARY SERVICES LLC,"Depth of water on marsh = 0ft, dry at 10cm.",29.11571664,-89.19950217
CRMS0154-V102,,7/24/2018,12:32,CST,,,,0.984,,,,,,,31.40,2102.00,1.10,,,,,,,,,,,,,,,,,,,,COASTAL ESTUARY SERVICES LLC,Depth of water on marsh = 0ft,29.11571664,-89.19950217
CRMS0154-V102,,7/16/2019,10:35,CST,2.40,GEOID12A,,0.328,,,,,,,29.40,2104.00,1.10,,,,,,,,,,,,,,,,,,,,COASTAL ESTUARY SERVICES LLC,,29.11571664,-89.19950217
CRMS0154-V102,,7/16/2019,10:35,CST,2.40,GEOID12A,,0.984,,,,,,,33.00,1186.00,0.60,,,,,,,,,,,,,,,,,,,,COASTAL ESTUARY SERVICES LLC,,29.11571664,-89.19950217
CRMS0154-V102,,6/9/2021,09:34,CST,1.77,GEOID12A,,0.328,,,,,,,25.70,1266.00,0.60,,,,,,,,,,,,,,,,,,,,COASTAL ESTUARY SERVICES LLC,Water Level is 0.4 ft above marsh.,29.11571664,-89.19950217
CRMS0154-V102,,6/9/2021,09:34,CST,1.77,GEOID12A,,0.984,,,,,,,25.70,1692.00,0.90,,,,,,,,,,,,,,,,,,,,COASTAL ESTUARY SERVICES LLC,Water Level is 0.4 ft above marsh.,29.11571664,-89.19950217
CRMS0154-V103,,7/18/2017,12:41,CST,,,,0.328,,,,,,,27.70,2849.00,1.40,,,,,,,,,,,,,,,,,,,,COASTAL ESTUARY SERVICES LLC,,29.11471558,-89.20044246
CRMS0154-V103,,7/18/2017,12:41,CST,,,,0.984,,,,,,,27.20,2735.00,1.40,,,,,,,,,,,,,,,,,,,,COASTAL ESTUARY SERVICES LLC,,29.11471558,-89.20044246
CRMS0154-V103,,7/24/2018,13:48,CST,,,,0.328,,,,,,,28.70,3492.00,1.80,,,,,,,,,,,,,,,,,,,,COASTAL ESTUARY SERVICES LLC,Depth of water on marsh = 0ft,29.11471558,-89.20044246
CRMS0154-V103,,7/24/2018,13:48,CST,,,,0.984,,,,,,,28.90,3546.00,1.90,,,,,,,,,,,,,,,,,,,,COASTAL ESTUARY SERVICES LLC,Depth of water on marsh = 0ft,29.11471558,-89.20044246
CRMS0154-V103,,7/16/2019,10:04,CST,2.40,GEOID12A,,0.328,,,,,,,29.20,2036.00,1.00,,,,,,,,,,,,,,,,,,,,COASTAL ESTUARY SERVICES LLC,,29.11471558,-89.20044246
CRMS0154-V103,,7/16/2019,10:04,CST,2.40,GEOID12A,,0.984,,,,,,,30.00,3393.00,1.80,,,,,,,,,,,,,,,,,,,,COASTAL ESTUARY SERVICES LLC,,29.11471558,-89.20044246
CRMS0154-V103,,6/9/2021,10:05,CST,1.77,GEOID12A,,0.328,,,,,,,30.40,3741.00,2.00,,,,,,,,,,,,,,,,,,,,COASTAL ESTUARY SERVICES LLC,Water Level is 0.4 ft above marsh.,29.11471558,-89.20044246
CRMS0154-V103,,6/9/2021,10:05,CST,1.77,GEOID12A,,0.984,,,,,,,29.10,2073.00,1.00,,,,,,,,,,,,,,,,,,,,COASTAL ESTUARY SERVICES LLC,Water Level is 0.4 ft above marsh.,29.11471558,-89.20044246
CRMS0154-V12,,8/27/2007,11:40,CST,,,,0.328,,,,,,,30.00,3554.00,1.90,,,,,,,,,,,,,,,,,,,,COASTAL ESTUARY SERVICES LLC,,29.11556671,-89.19930172
CRMS0154-V12,,8/27/2007,11:40,CST,,,,0.984,,,,,,,29.20,3192.00,1.70,,,,,,,,,,,,,,,,,,,,COASTAL ESTUARY SERVICES LLC,,29.11556671,-89.19930172
CRMS0154-V12,,8/10/2009,16:41,CST,,,,0.328,,,,,,,30.30,3269.00,1.70,,,,,,,,,,,,,,,,,,,,COASTAL ESTUARY SERVICES LLC,,29.11556671,-89.19930172
CRMS0154-V12,,8/10/2009,16:41,CST,,,,0.984,,,,,,,28.80,4850.00,2.60,,,,,,,,,,,,,,,,,,,,COASTAL ESTUARY SERVICES LLC,,29.11556671,-89.19930172
CRMS0154-V12,,10/4/2010,16:26,CST,,,,0.328,,,,,,,20.40,2713.00,1.40,,,,,,,,,,,,,,,,,,,,COASTAL ESTUARY SERVICES LLC,,29.11556671,-89.19930172
CRMS0154-V12,,7/20/2011,10:35,CST,,,,0.328,,,,,,,31.38,1777.00,0.91,,,,,,,,,,,,,,,,,,,,COASTAL ESTUARY SERVICES LLC,,29.11556671,-89.19930172
CRMS0154-V12,,7/20/2011,10:35,CST,,,,0.984,,,,,,,32.08,1863.00,0.96,,,,,,,,,,,,,,,,,,,,COASTAL ESTUARY SERVICES LLC,,29.11556671,-89.19930172
CRMS0154-V12,,7/24/2012,09:21,CST,,,,,,,,,,,,,,,,,,,,,,,,,,,,,,,,,COASTAL ESTUARY SERVICES LLC,,29.11556671,-89.19930172
CRMS0154-V12,,7/17/2014,11:40,CST,,,,,,,,,,,,,,,,,,,,,,,,,,,,,,,,,COASTAL ESTUARY SERVICES LLC,plot inaccessible due to Phragmites australis; porewater not taken,29.11556671,-89.19930172
CRMS0154-V12,,7/7/2015,09:25,CST,,,,,,,,,,,,,,,,,,,,,,,,,,,,,,,,,COASTAL ESTUARY SERVICES LLC,plot inaccessible due to Phragmites australis; porewater not taken,29.11556671,-89.19930172
CRMS0154-V12,,8/8/2016,12:20,CST,,,,,,,,,,,,,,,,,,,,,,,,,,,,,,,,,COASTAL ESTUARY SERVICES LLC,100 % Phragmites australis; did not access,29.11556671,-89.19930172
CRMS0154-V12,,7/18/2017,13:32,CST,,,,0.328,,,,,,,29.00,2013.00,1.00,,,,,,,,,,,,,,,,,,,,COASTAL ESTUARY SERVICES LLC,,29.11556671,-89.19930172
CRMS0154-V12,,7/18/2017,13:32,CST,,,,0.984,,,,,,,29.10,2893.00,1.50,,,,,,,,,,,,,,,,,,,,COASTAL ESTUARY SERVICES LLC,,29.11556671,-89.19930172
CRMS0154-V12,,7/24/2018,12:57,CST,,,,0.328,,,,,,,30.80,1142.00,0.60,,,,,,,,,,,,,,,,,,,,COASTAL ESTUARY SERVICES LLC,Depth of water on marsh = 0ft,29.11556671,-89.19930172
CRMS0154-V12,,7/24/2018,12:57,CST,,,,0.984,,,,,,,,,,,,,,,,,,,,,,,,,,,,,COASTAL ESTUARY SERVICES LLC,"Depth of water on marsh = 0ft, dry at 30cm.",29.11556671,-89.19930172
CRMS0154-V12,,7/16/2019,10:15,CST,2.40,GEOID12A,,0.328,,,,,,,30.30,1955.00,1.00,,,,,,,,,,,,,,,,,,,,COASTAL ESTUARY SERVICES LLC,,29.11556671,-89.19930172
CRMS0154-V12,,7/16/2019,10:15,CST,2.40,GEOID12A,,0.984,,,,,,,30.50,2124.00,1.10,,,,,,,,,,,,,,,,,,,,COASTAL ESTUARY SERVICES LLC,,29.11556671,-89.19930172
CRMS0154-V12,,6/9/2021,09:24,CST,1.77,GEOID12A,,0.328,,,,,,,25.70,1984.00,1.00,,,,,,,,,,,,,,,,,,,,COASTAL ESTUARY SERVICES LLC,Water Level is 0.5 ft above marsh.,29.11556671,-89.19930172
CRMS0154-V12,,6/9/2021,09:24,CST,1.77,GEOID12A,,0.984,,,,,,,27.00,1869.00,0.90,,,,,,,,,,,,,,,,,,,,COASTAL ESTUARY SERVICES LLC,Water Level is 0.5 ft above marsh.,29.11556671,-89.19930172
CRMS0154-V26,,8/19/2008,15:51,CST,,,,0.328,,,,,,,29.30,1447.00,0.70,,,,,,,,,,,,,,,,,,,,COASTAL ESTUARY SERVICES LLC,,29.11530742,-89.19961605
CRMS0154-V26,,8/19/2008,15:51,CST,,,,0.984,,,,,,,28.90,3607.00,1.90,,,,,,,,,,,,,,,,,,,,COASTAL ESTUARY SERVICES LLC,,29.11530742,-89.19961605
CRMS0154-V26,,8/10/2009,16:24,CST,,,,,,,,,,,,,,,,,,,,,,,,,,,,,,,,,COASTAL ESTUARY SERVICES LLC,,29.11530742,-89.19961605
CRMS0154-V26,,10/4/2010,16:21,CST,,,,0.328,,,,,,,22.70,2575.00,1.30,,,,,,,,,,,,,,,,,,,,COASTAL ESTUARY SERVICES LLC,,29.11530742,-89.19961605
CRMS0154-V26,,10/4/2010,16:21,CST,,,,0.984,,,,,,,23.00,2195.00,1.10,,,,,,,,,,,,,,,,,,,,COASTAL ESTUARY SERVICES LLC,,29.11530742,-89.19961605
CRMS0154-V26,,7/20/2011,10:26,CST,,,,0.984,,,,,,,30.22,3820.00,2.04,,,,,,,,,,,,,,,,,,,,COASTAL ESTUARY SERVICES LLC,,29.11530742,-89.19961605
CRMS0154-V26,,7/24/2012,09:33,CST,,,,,,,,,,,,,,,,,,,,,,,,,,,,,,,,,COASTAL ESTUARY SERVICES LLC,,29.11530742,-89.19961605
CRMS0154-V26,,7/17/2014,11:40,CST,,,,,,,,,,,,,,,,,,,,,,,,,,,,,,,,,COASTAL ESTUARY SERVICES LLC,plot inaccessible due to Phragmites australis; porewater not taken,29.11530742,-89.19961605
CRMS0154-V26,,7/7/2015,09:25,CST,,,,,,,,,,,,,,,,,,,,,,,,,,,,,,,,,COASTAL ESTUARY SERVICES LLC,plot inaccessible due to Phragmites australis; porewater not taken,29.11530742,-89.19961605
CRMS0154-V26,,8/8/2016,12:20,CST,,,,,,,,,,,,,,,,,,,,,,,,,,,,,,,,,COASTAL ESTUARY SERVICES LLC,100 % Phragmites australis; did not access,29.11530742,-89.19961605
CRMS0154-V27,,8/27/2007,14:36,CST,,,,0.328,,,,,,,29.20,5370.00,2.90,,,,,,,,,,,,,,,,,,,,COASTAL ESTUARY SERVICES LLC,,29.11529003,-89.19963850
CRMS0154-V27,,8/27/2007,14:36,CST,,,,0.984,,,,,,,30.20,4244.00,2.20,,,,,,,,,,,,,,,,,,,,COASTAL ESTUARY SERVICES LLC,,29.11529003,-89.19963850
CRMS0154-V27,,8/10/2009,16:20,CST,,,,,,,,,,,,,,,,,,,,,,,,,,,,,,,,,COASTAL ESTUARY SERVICES LLC,,29.11529003,-89.19963850
CRMS0154-V27,,10/4/2010,16:14,CST,,,,,,,,,,,,,,,,,,,,,,,,,,,,,,,,,COASTAL ESTUARY SERVICES LLC,,29.11529003,-89.19963850
CRMS0154-V27,,7/20/2011,10:06,CST,,,,0.984,,,,,,,31.01,4455.00,2.42,,,,,,,,,,,,,,,,,,,,COASTAL ESTUARY SERVICES LLC,,29.11529003,-89.19963850
CRMS0154-V27,,7/24/2012,09:38,CST,,,,,,,,,,,,,,,,,,,,,,,,,,,,,,,,,COASTAL ESTUARY SERVICES LLC,,29.11529003,-89.19963850
CRMS0154-V27,,7/17/2014,11:40,CST,,,,,,,,,,,,,,,,,,,,,,,,,,,,,,,,,COASTAL ESTUARY SERVICES LLC,plot inaccessible due to Phragmites australis; porewater not taken,29.11529003,-89.19963850
CRMS0154-V27,,7/7/2015,09:25,CST,,,,,,,,,,,,,,,,,,,,,,,,,,,,,,,,,COASTAL ESTUARY SERVICES LLC,plot inaccessible due to Phragmites australis; porewater not taken,29.11529003,-89.19963850
CRMS0154-V27,,8/8/2016,12:20,CST,,,,,,,,,,,,,,,,,,,,,,,,,,,,,,,,,COASTAL ESTUARY SERVICES LLC,100 % Phragmites australis; did not access,29.11529003,-89.19963850
CRMS0154-V48,,8/19/2008,16:29,CST,,,,,,,,,,,,,,,,,,,,,,,,,,,,,,,,,COASTAL ESTUARY SERVICES LLC,,29.11490224,-89.20011027
CRMS0154-V48,,8/10/2009,16:10,CST,,,,,,,,,,,,,,,,,,,,,,,,,,,,,,,,,COASTAL ESTUARY SERVICES LLC,,29.11490224,-89.20011027
CRMS0154-V48,,10/4/2010,15:55,CST,,,,0.328,,,,,,,22.30,2610.00,1.30,,,,,,,,,,,,,,,,,,,,COASTAL ESTUARY SERVICES LLC,,29.11490224,-89.20011027
CRMS0154-V48,,10/4/2010,15:55,CST,,,,0.984,,,,,,,24.50,2170.00,1.10,,,,,,,,,,,,,,,,,,,,COASTAL ESTUARY SERVICES LLC,,29.11490224,-89.20011027
CRMS0154-V48,,7/20/2011,09:48,CST,,,,,,,,,,,,,,,,,,,,,,,,,,,,,,,,,COASTAL ESTUARY SERVICES LLC,,29.11490224,-89.20011027
CRMS0154-V48,,7/24/2012,10:34,CST,,,,0.984,,,,,,,27.90,5250.00,2.80,,,,,,,,,,,,,,,,,,,,COASTAL ESTUARY SERVICES LLC,,29.11490224,-89.20011027
CRMS0154-V48,,7/17/2014,11:40,CST,,,,,,,,,,,,,,,,,,,,,,,,,,,,,,,,,COASTAL ESTUARY SERVICES LLC,plot inaccessible due to Phragmites australis; porewater not taken,29.11490224,-89.20011027
CRMS0154-V48,,7/7/2015,09:25,CST,,,,,,,,,,,,,,,,,,,,,,,,,,,,,,,,,COASTAL ESTUARY SERVICES LLC,plot inaccessible due to Phragmites australis; porewater not taken,29.11490224,-89.20011027
CRMS0154-V48,,8/8/2016,12:20,CST,,,,,,,,,,,,,,,,,,,,,,,,,,,,,,,,,COASTAL ESTUARY SERVICES LLC,100 % Phragmites australis; did not access,29.11490224,-89.20011027
CRMS0154-V48,,7/18/2017,13:21,CST,,,,0.328,,,,,,,27.90,2870.00,1.50,,,,,,,,,,,,,,,,,,,,COASTAL ESTUARY SERVICES LLC,,29.11490224,-89.20011027
CRMS0154-V48,,7/18/2017,13:21,CST,,,,0.984,,,,,,,28.30,2680.00,1.40,,,,,,,,,,,,,,,,,,,,COASTAL ESTUARY SERVICES LLC,,29.11490224,-89.20011027
CRMS0154-V48,,7/24/2018,13:25,CST,,,,0.328,,,,,,,,,,,,,,,,,,,,,,,,,,,,,COASTAL ESTUARY SERVICES LLC,"Depth of water on marsh = 0ft, dry at 10 cm.",29.11490224,-89.20011027
CRMS0154-V48,,7/24/2018,13:25,CST,,,,0.984,,,,,,,,,,,,,,,,,,,,,,,,,,,,,COASTAL ESTUARY SERVICES LLC,"Depth of water on marsh = 0ft, dry at 30 cm.",29.11490224,-89.20011027
CRMS0154-V48,,7/16/2019,09:38,CST,2.40,GEOID12A,,0.328,,,,,,,29.60,3456.00,1.80,,,,,,,,,,,,,,,,,,,,COASTAL ESTUARY SERVICES LLC,,29.11490224,-89.20011027
CRMS0154-V48,,7/16/2019,09:38,CST,2.40,GEOID12A,,0.984,,,,,,,29.50,4231.00,2.20,,,,,,,,,,,,,,,,,,,,COASTAL ESTUARY SERVICES LLC,,29.11490224,-89.20011027
CRMS0154-V48,,6/9/2021,09:55,CST,1.77,GEOID12A,,0.328,,,,,,,32.60,3600.00,1.90,,,,,,,,,,,,,,,,,,,,COASTAL ESTUARY SERVICES LLC,Water Level is 0.4 ft above marsh.,29.11490224,-89.20011027
CRMS0154-V48,,6/9/2021,09:55,CST,1.77,GEOID12A,,0.984,,,,,,,28.20,4985.00,2.70,,,,,,,,,,,,,,,,,,,,COASTAL ESTUARY SERVICES LLC,Water Level is 0.4 ft above marsh.,29.11490224,-89.20011027
CRMS0154-V50,,8/27/2007,11:20,CST,,,,0.328,,,,,,,32.50,3756.00,2.00,,,,,,,,,,,,,,,,,,,,COASTAL ESTUARY SERVICES LLC,,29.11486520,-89.20015527
CRMS0154-V50,,8/10/2009,16:00,CST,,,,,,,,,,,,,,,,,,,,,,,,,,,,,,,,,COASTAL ESTUARY SERVICES LLC,,29.11486520,-89.20015527
CRMS0154-V50,,10/4/2010,15:33,CST,,,,0.328,,,,,,,22.00,2710.00,1.40,,,,,,,,,,,,,,,,,,,,COASTAL ESTUARY SERVICES LLC,,29.11486520,-89.20015527
CRMS0154-V50,,10/4/2010,15:33,CST,,,,0.984,,,,,,,22.40,2200.00,1.10,,,,,,,,,,,,,,,,,,,,COASTAL ESTUARY SERVICES LLC,,29.11486520,-89.20015527
CRMS0154-V50,,7/20/2011,09:38,CST,,,,0.984,,,,,,,27.31,4804.00,2.61,,,,,,,,,,,,,,,,,,,,COASTAL ESTUARY SERVICES LLC,,29.11486520,-89.20015527
CRMS0154-V50,,7/24/2012,10:30,CST,,,,,,,,,,,,,,,,,,,,,,,,,,,,,,,,,COASTAL ESTUARY SERVICES LLC,,29.11486520,-89.20015527
CRMS0154-V50,,7/17/2014,11:40,CST,,,,,,,,,,,,,,,,,,,,,,,,,,,,,,,,,COASTAL ESTUARY SERVICES LLC,plot inaccessible due to Phragmites australis; porewater not taken,29.11486520,-89.20015527
CRMS0154-V50,,7/7/2015,09:25,CST,,,,,,,,,,,,,,,,,,,,,,,,,,,,,,,,,COASTAL ESTUARY SERVICES LLC,plot inaccessible due to Phragmites australis; porewater not taken,29.11486520,-89.20015527
CRMS0154-V50,,8/8/2016,12:20,CST,,,,,,,,,,,,,,,,,,,,,,,,,,,,,,,,,COASTAL ESTUARY SERVICES LLC,100 % Phragmites australis; did not access,29.11486520,-89.20015527
CRMS0154-V50,,7/18/2017,13:14,CST,,,,0.328,,,,,,,27.80,2839.00,1.50,,,,,,,,,,,,,,,,,,,,COASTAL ESTUARY SERVICES LLC,,29.11486520,-89.20015527
CRMS0154-V50,,7/18/2017,13:14,CST,,,,0.984,,,,,,,27.50,2755.00,1.40,,,,,,,,,,,,,,,,,,,,COASTAL ESTUARY SERVICES LLC,,29.11486520,-89.20015527
CRMS0154-V50,,7/24/2018,13:35,CST,,,,0.328,,,,,,,28.30,2898.00,1.50,,,,,,,,,,,,,,,,,,,,COASTAL ESTUARY SERVICES LLC,Depth of water on marsh = 0ft,29.11486520,-89.20015527
CRMS0154-V50,,7/24/2018,13:35,CST,,,,0.984,,,,,,,28.60,3381.00,1.80,,,,,,,,,,,,,,,,,,,,COASTAL ESTUARY SERVICES LLC,Depth of water on marsh = 0ft,29.11486520,-89.20015527
CRMS0154-V50,,7/16/2019,09:48,CST,2.40,GEOID12A,,0.328,,,,,,,28.30,2512.00,1.30,,,,,,,,,,,,,,,,,,,,COASTAL ESTUARY SERVICES LLC,,29.11486520,-89.20015527
CRMS0154-V50,,7/16/2019,09:48,CST,2.40,GEOID12A,,0.984,,,,,,,28.90,2743.00,1.40,,,,,,,,,,,,,,,,,,,,COASTAL ESTUARY SERVICES LLC,,29.11486520,-89.20015527
CRMS0154-V50,,6/16/2020,09:53,CST,2.00,GEOID12A,,0.328,,,,,,,27.60,2696.00,1.40,,,,,,,,,,,,,,,,,,,,COASTAL ESTUARY SERVICES LLC,Water on marsh 0.3 ft.,29.11486520,-89.20015527
CRMS0154-V50,,6/16/2020,09:53,CST,2.00,GEOID12A,,0.984,,,,,,,25.90,4162.00,2.20,,,,,,,,,,,,,,,,,,,,COASTAL ESTUARY SERVICES LLC,Water on marsh 0.3 ft.,29.11486520,-89.20015527
CRMS0154-V50,,6/9/2021,09:42,CST,1.77,GEOID12A,,0.328,,,,,,,30.00,1336.00,0.70,,,,,,,,,,,,,,,,,,,,COASTAL ESTUARY SERVICES LLC,Water Level is 0.3 ft above marsh.,29.11486520,-89.20015527
CRMS0154-V50,,6/9/2021,09:42,CST,1.77,GEOID12A,,0.984,,,,,,,28.00,3701.00,1.90,,,,,,,,,,,,,,,,,,,,COASTAL ESTUARY SERVICES LLC,Water Level is 0.3 ft above marsh.,29.11486520,-89.20015527
CRMS0154-V53,,8/19/2008,16:26,CST,,,,,,,,,,,,,,,,,,,,,,,,,,,,,,,,,COASTAL ESTUARY SERVICES LLC,,29.11480852,-89.20022280
CRMS0154-V53,,8/10/2009,15:50,CST,,,,0.328,,,,,,,31.50,2898.00,1.50,,,,,,,,,,,,,,,,,,,,COASTAL ESTUARY SERVICES LLC,,29.11480852,-89.20022280
CRMS0154-V53,,8/10/2009,15:50,CST,,,,0.984,,,,,,,29.80,4211.00,2.20,,,,,,,,,,,,,,,,,,,,COASTAL ESTUARY SERVICES LLC,,29.11480852,-89.20022280
CRMS0154-V53,,10/4/2010,15:29,CST,,,,0.984,,,,,,,21.10,2675.00,1.40,,,,,,,,,,,,,,,,,,,,COASTAL ESTUARY SERVICES LLC,,29.11480852,-89.20022280
CRMS0154-V53,,7/20/2011,09:28,CST,,,,0.328,,,,,,,26.83,3177.00,1.68,,,,,,,,,,,,,,,,,,,,COASTAL ESTUARY SERVICES LLC,,29.11480852,-89.20022280
CRMS0154-V53,,7/24/2012,10:25,CST,,,,0.328,,,,,,,33.40,5210.00,2.80,,,,,,,,,,,,,,,,,,,,COASTAL ESTUARY SERVICES LLC,,29.11480852,-89.20022280
CRMS0154-V53,,7/17/2014,11:40,CST,,,,,,,,,,,,,,,,,,,,,,,,,,,,,,,,,COASTAL ESTUARY SERVICES LLC,plot inaccessible due to Phragmites australis; porewater not taken,29.11480852,-89.20022280
CRMS0154-V53,,7/7/2015,09:25,CST,,,,,,,,,,,,,,,,,,,,,,,,,,,,,,,,,COASTAL ESTUARY SERVICES LLC,plot inaccessible due to Phragmites australis; porewater not taken,29.11480852,-89.20022280
CRMS0154-V53,,8/8/2016,12:20,CST,,,,,,,,,,,,,,,,,,,,,,,,,,,,,,,,,COASTAL ESTUARY SERVICES LLC,100 % Phragmites australis; did not access,29.11480852,-89.20022280
CRMS0154-V53,,7/18/2017,13:01,CST,,,,0.328,,,,,,,28.10,2830.00,1.50,,,,,,,,,,,,,,,,,,,,COASTAL ESTUARY SERVICES LLC,,29.11480852,-89.20022280
CRMS0154-V53,,7/18/2017,13:01,CST,,,,0.984,,,,,,,27.90,2735.00,1.40,,,,,,,,,,,,,,,,,,,,COASTAL ESTUARY SERVICES LLC,,29.11480852,-89.20022280
CRMS0154-V53,,7/24/2018,13:44,CST,,,,0.328,,,,,,,,,,,,,,,,,,,,,,,,,,,,,COASTAL ESTUARY SERVICES LLC,"Depth of water on marsh = 0ft, dry at 10cm.",29.11480852,-89.20022280
CRMS0154-V53,,7/24/2018,13:44,CST,,,,0.984,,,,,,,29.00,4088.00,2.20,,,,,,,,,,,,,,,,,,,,COASTAL ESTUARY SERVICES LLC,Depth of water on marsh = 0ft,29.11480852,-89.20022280
CRMS0154-V53,,7/16/2019,09:52,CST,2.40,GEOID12A,,0.328,,,,,,,29.80,3223.00,1.50,,,,,,,,,,,,,,,,,,,,COASTAL ESTUARY SERVICES LLC,,29.11480852,-89.20022280
CRMS0154-V53,,7/16/2019,09:52,CST,2.40,GEOID12A,,0.984,,,,,,,31.80,3846.00,2.00,,,,,,,,,,,,,,,,,,,,COASTAL ESTUARY SERVICES LLC,,29.11480852,-89.20022280
CRMS0154-V53,,6/9/2021,09:32,CST,1.77,GEOID12A,,0.328,,,,,,,28.50,1702.00,0.90,,,,,,,,,,,,,,,,,,,,COASTAL ESTUARY SERVICES LLC,Water Level is 0.7 ft above marsh.,29.11480852,-89.20022280
CRMS0154-V53,,6/9/2021,09:32,CST,1.77,GEOID12A,,0.984,,,,,,,27.20,2365.00,1.20,,,,,,,,,,,,,,,,,,,,COASTAL ESTUARY SERVICES LLC,Water Level is 0.7 ft above marsh.,29.11480852,-89.20022280
CRMS0154-V56,,8/27/2007,11:05,CST,,,,0.328,,,,,,,35.80,3606.00,1.90,,,,,,,,,,,,,,,,,,,,COASTAL ESTUARY SERVICES LLC,,29.11475407,-89.20028961
CRMS0154-V56,,8/27/2007,11:05,CST,,,,0.984,,,,,,,31.30,3108.00,1.60,,,,,,,,,,,,,,,,,,,,COASTAL ESTUARY SERVICES LLC,,29.11475407,-89.20028961
CRMS0154-V56,,8/10/2009,15:46,CST,,,,0.328,,,,,,,31.30,2045.00,1.00,,,,,,,,,,,,,,,,,,,,COASTAL ESTUARY SERVICES LLC,,29.11475407,-89.20028961
CRMS0154-V56,,8/10/2009,15:46,CST,,,,0.984,,,,,,,29.00,3600.00,1.90,,,,,,,,,,,,,,,,,,,,COASTAL ESTUARY SERVICES LLC,,29.11475407,-89.20028961
CRMS0154-V56,,10/4/2010,15:04,CST,,,,,,,,,,,,,,,,,,,,,,,,,,,,,,,,,COASTAL ESTUARY SERVICES LLC,,29.11475407,-89.20028961
CRMS0154-V56,,7/20/2011,09:17,CST,,,,0.328,,,,,,,28.49,2732.00,1.43,,,,,,,,,,,,,,,,,,,,COASTAL ESTUARY SERVICES LLC,,29.11475407,-89.20028961
CRMS0154-V56,,7/20/2011,09:17,CST,,,,0.984,,,,,,,27.55,3732.00,1.99,,,,,,,,,,,,,,,,,,,,COASTAL ESTUARY SERVICES LLC,,29.11475407,-89.20028961
CRMS0154-V56,,7/24/2012,10:16,CST,,,,,,,,,,,,,,,,,,,,,,,,,,,,,,,,,COASTAL ESTUARY SERVICES LLC,,29.11475407,-89.20028961
CRMS0154-V56,,7/17/2014,11:40,CST,,,,,,,,,,,,,,,,,,,,,,,,,,,,,,,,,COASTAL ESTUARY SERVICES LLC,plot inaccessible due to Phragmites australis; porewater not taken,29.11475407,-89.20028961
CRMS0154-V56,,7/7/2015,09:25,CST,,,,,,,,,,,,,,,,,,,,,,,,,,,,,,,,,COASTAL ESTUARY SERVICES LLC,plot inaccessible due to Phragmites australis; porewater not taken,29.11475407,-89.20028961
CRMS0154-V56,,8/8/2016,12:20,CST,,,,,,,,,,,,,,,,,,,,,,,,,,,,,,,,,COASTAL ESTUARY SERVICES LLC,100 % Phragmites australis; did not access,29.11475407,-89.20028961
CRMS0154-V56,,7/18/2017,12:52,CST,,,,0.328,,,,,,,27.80,2874.00,1.50,,,,,,,,,,,,,,,,,,,,COASTAL ESTUARY SERVICES LLC,,29.11475407,-89.20028961
CRMS0154-V56,,7/18/2017,12:52,CST,,,,0.984,,,,,,,28.30,2733.00,1.40,,,,,,,,,,,,,,,,,,,,COASTAL ESTUARY SERVICES LLC,,29.11475407,-89.20028961
CRMS0154-V56,,7/24/2018,13:30,CST,,,,0.328,,,,,,,,,,,,,,,,,,,,,,,,,,,,,COASTAL ESTUARY SERVICES LLC,"Depth of water on marsh = 0ft, dry at 10cm.",29.11475407,-89.20028961
CRMS0154-V56,,7/24/2018,13:30,CST,,,,0.984,,,,,,,28.30,3587.00,1.90,,,,,,,,,,,,,,,,,,,,COASTAL ESTUARY SERVICES LLC,Depth of water on marsh = 0ft,29.11475407,-89.20028961
CRMS0154-V56,,7/16/2019,09:57,CST,2.40,GEOID12A,,0.328,,,,,,,29.40,3601.00,1.90,,,,,,,,,,,,,,,,,,,,COASTAL ESTUARY SERVICES LLC,,29.11475407,-89.20028961
CRMS0154-V56,,7/16/2019,09:57,CST,2.40,GEOID12A,,0.984,,,,,,,30.10,3835.00,1.80,,,,,,,,,,,,,,,,,,,,COASTAL ESTUARY SERVICES LLC,,29.11475407,-89.20028961
CRMS0154-V56,,6/16/2020,09:40,CST,2.00,GEOID12A,,0.328,,,,,,,27.50,2875.00,1.50,,,,,,,,,,,,,,,,,,,,COASTAL ESTUARY SERVICES LLC,Water on marsh 0.8 ft.,29.11475407,-89.20028961
CRMS0154-V56,,6/16/2020,09:40,CST,2.00,GEOID12A,,0.984,,,,,,,26.90,4168.00,2.20,,,,,,,,,,,,,,,,,,,,COASTAL ESTUARY SERVICES LLC,Water on marsh 0.8 ft.,29.11475407,-89.20028961
CRMS0154-V56,,6/9/2021,09:15,CST,1.77,GEOID12A,,0.328,,,,,,,27.80,3209.00,1.70,,,,,,,,,,,,,,,,,,,,COASTAL ESTUARY SERVICES LLC,Water Level is 0.4 ft above marsh.,29.11475407,-89.20028961
CRMS0154-V56,,6/9/2021,09:15,CST,1.77,GEOID12A,,0.984,,,,,,,26.40,3808.00,2.00,,,,,,,,,,,,,,,,,,,,COASTAL ESTUARY SERVICES LLC,Water Level is 0.4 ft above marsh.,29.11475407,-89.20028961
CRMS0154-V63,,8/19/2008,16:24,CST,,,,0.328,,,,,,,29.20,3270.00,1.70,,,,,,,,,,,,,,,,,,,,COASTAL ESTUARY SERVICES LLC,,29.11462331,-89.20044714
CRMS0154-V63,,8/10/2009,15:40,CST,,,,0.328,,,,,,,31.50,2729.00,1.40,,,,,,,,,,,,,,,,,,,,COASTAL ESTUARY SERVICES LLC,,29.11462331,-89.20044714
CRMS0154-V63,,8/10/2009,15:40,CST,,,,0.984,,,,,,,29.70,2915.00,1.50,,,,,,,,,,,,,,,,,,,,COASTAL ESTUARY SERVICES LLC,,29.11462331,-89.20044714
CRMS0154-V63,,10/4/2010,14:45,CST,,,,0.328,,,,,,,23.50,2800.00,1.40,,,,,,,,,,,,,,,,,,,,COASTAL ESTUARY SERVICES LLC,,29.11462331,-89.20044714
CRMS0154-V63,,10/4/2010,14:45,CST,,,,0.984,,,,,,,24.30,2125.00,1.10,,,,,,,,,,,,,,,,,,,,COASTAL ESTUARY SERVICES LLC,,29.11462331,-89.20044714
CRMS0154-V63,,7/20/2011,09:08,CST,,,,,,,,,,,,,,,,,,,,,,,,,,,,,,,,,COASTAL ESTUARY SERVICES LLC,,29.11462331,-89.20044714
CRMS0154-V63,,7/24/2012,10:10,CST,,,,,,,,,,,,,,,,,,,,,,,,,,,,,,,,,COASTAL ESTUARY SERVICES LLC,,29.11462331,-89.20044714
CRMS0154-V63,,7/16/2013,09:42,CST,,,,0.984,,,,,,,27.10,7125.00,3.90,,,,,,,,,,,,,,,,,,,,COASTAL ESTUARY SERVICES LLC,10 cm clogged,29.11462331,-89.20044714
CRMS0154-V63,,7/17/2014,11:40,CST,,,,,,,,,,,,,,,,,,,,,,,,,,,,,,,,,COASTAL ESTUARY SERVICES LLC,plot inaccessible due to Phragmites australis; porewater not taken,29.11462331,-89.20044714
CRMS0154-V63,,7/7/2015,09:25,CST,,,,,,,,,,,,,,,,,,,,,,,,,,,,,,,,,COASTAL ESTUARY SERVICES LLC,plot inaccessible due to Phragmites australis; porewater not taken,29.11462331,-89.20044714
CRMS0154-V63,,8/8/2016,12:20,CST,,,,,,,,,,,,,,,,,,,,,,,,,,,,,,,,,COASTAL ESTUARY SERVICES LLC,100 % Phragmites australis; did not access,29.11462331,-89.20044714
CRMS0154-V63,,7/18/2017,10:02,CST,,,,0.328,,,,,,,28.10,2851.00,1.50,,,,,,,,,,,,,,,,,,,,COASTAL ESTUARY SERVICES LLC,,29.11462331,-89.20044714
CRMS0154-V63,,7/18/2017,10:02,CST,,,,0.984,,,,,,,27.50,2688.00,1.40,,,,,,,,,,,,,,,,,,,,COASTAL ESTUARY SERVICES LLC,,29.11462331,-89.20044714
CRMS0154-V63,,7/24/2018,13:00,CST,,,,0.328,,,,,,,29.80,2943.00,1.50,,,,,,,,,,,,,,,,,,,,COASTAL ESTUARY SERVICES LLC,Depth of water on marsh = 0ft,29.11462331,-89.20044714
CRMS0154-V63,,7/24/2018,13:00,CST,,,,0.984,,,,,,,28.80,3159.00,1.70,,,,,,,,,,,,,,,,,,,,COASTAL ESTUARY SERVICES LLC,Depth of water on marsh = 0ft,29.11462331,-89.20044714
CRMS0154-V63,,7/16/2019,10:10,CST,2.40,GEOID12A,,0.328,,,,,,,29.90,2245.00,1.10,,,,,,,,,,,,,,,,,,,,COASTAL ESTUARY SERVICES LLC,,29.11462331,-89.20044714
CRMS0154-V63,,7/16/2019,10:10,CST,2.40,GEOID12A,,0.984,,,,,,,29.90,2702.00,1.40,,,,,,,,,,,,,,,,,,,,COASTAL ESTUARY SERVICES LLC,,29.11462331,-89.20044714
CRMS0154-V63,,6/16/2020,09:30,CST,2.00,GEOID12A,,0.328,,,,,,,28.10,2980.00,1.50,,,,,,,,,,,,,,,,,,,,COASTAL ESTUARY SERVICES LLC,Water on marsh 0.9 ft.,29.11462331,-89.20044714
CRMS0154-V63,,6/16/2020,09:30,CST,2.00,GEOID12A,,0.984,,,,,,,27.10,4188.00,2.20,,,,,,,,,,,,,,,,,,,,COASTAL ESTUARY SERVICES LLC,Water on marsh 0.9 ft.,29.11462331,-89.20044714
CRMS0154-V63,,7/27/2021,12:34,CST,1.79,GEOID12A,,0.328,,,,,,,30.70,2411.00,1.20,,,,,,,,,,,,,,,,,,,,COASTAL ESTUARY SERVICES LLC,"Water Level is 0.3 ft above marsh; field error, crew did not realize error until back at office; plot surveyed next site visit;",29.11462331,-89.20044714
CRMS0154-V63,,7/27/2021,12:34,CST,1.79,GEOID12A,,0.984,,,,,,,30.40,2857.00,1.50,,,,,,,,,,,,,,,,,,,,COASTAL ESTUARY SERVICES LLC,"Water Level is 0.3 ft above marsh; field error, crew did not realize error until back at office; plot surveyed next site visit;",29.11462331,-89.20044714
CRMS0154-V69,,8/27/2007,10:45,CST,,,,0.328,,,,,,,27.60,5080.00,2.70,,,,,,,,,,,,,,,,,,,,COASTAL ESTUARY SERVICES LLC,,29.11451445,-89.20058204
CRMS0154-V69,,8/27/2007,10:45,CST,,,,0.984,,,,,,,27.20,5610.00,3.00,,,,,,,,,,,,,,,,,,,,COASTAL ESTUARY SERVICES LLC,,29.11451445,-89.20058204
CRMS0154-V69,,8/10/2009,15:27,CST,,,,0.328,,,,,,,30.80,3288.00,1.70,,,,,,,,,,,,,,,,,,,,COASTAL ESTUARY SERVICES LLC,,29.11451445,-89.20058204
CRMS0154-V69,,8/10/2009,15:27,CST,,,,0.984,,,,,,,28.00,4577.00,2.40,,,,,,,,,,,,,,,,,,,,COASTAL ESTUARY SERVICES LLC,,29.11451445,-89.20058204
CRMS0154-V69,,10/4/2010,14:40,CST,,,,0.328,,,,,,,24.30,2585.00,1.30,,,,,,,,,,,,,,,,,,,,COASTAL ESTUARY SERVICES LLC,,29.11451445,-89.20058204
CRMS0154-V69,,10/4/2010,14:40,CST,,,,0.984,,,,,,,24.80,2160.00,1.10,,,,,,,,,,,,,,,,,,,,COASTAL ESTUARY SERVICES LLC,,29.11451445,-89.20058204
CRMS0154-V69,,7/20/2011,08:57,CST,,,,0.328,,,,,,,30.86,1346.00,0.68,,,,,,,,,,,,,,,,,,,,COASTAL ESTUARY SERVICES LLC,,29.11451445,-89.20058204
CRMS0154-V69,,7/20/2011,08:57,CST,,,,0.984,,,,,,,29.87,2727.00,1.43,,,,,,,,,,,,,,,,,,,,COASTAL ESTUARY SERVICES LLC,,29.11451445,-89.20058204
CRMS0154-V69,,7/24/2012,10:05,CST,,,,,,,,,,,,,,,,,,,,,,,,,,,,,,,,,COASTAL ESTUARY SERVICES LLC,,29.11451445,-89.20058204
CRMS0154-V69,,7/16/2013,09:51,CST,,,,0.984,,,,,,,27.00,7867.00,4.30,,,,,,,,,,,,,,,,,,,,COASTAL ESTUARY SERVICES LLC,10 cm clogged,29.11451445,-89.20058204
CRMS0154-V69,,7/17/2014,11:40,CST,,,,,,,,,,,,,,,,,,,,,,,,,,,,,,,,,COASTAL ESTUARY SERVICES LLC,plot inaccessible due to Phragmites australis; porewater not taken,29.11451445,-89.20058204
CRMS0154-V69,,7/7/2015,09:25,CST,,,,,,,,,,,,,,,,,,,,,,,,,,,,,,,,,COASTAL ESTUARY SERVICES LLC,plot inaccessible due to Phragmites australis; porewater not taken,29.11451445,-89.20058204
CRMS0154-V69,,8/8/2016,12:20,CST,,,,,,,,,,,,,,,,,,,,,,,,,,,,,,,,,COASTAL ESTUARY SERVICES LLC,100 % Phragmites australis; did not access,29.11451445,-89.20058204

