CPRA Station ID,Original Collector Station ID,Date (mm/dd/yyyy),Time (hh:mm),Time Zone,Staff Gauge (ft),Geoid,Station Depth (ft),Measurement Depth (ft),Water Temperature (�C),Specific Conductance (uS/cm),Salinity (ppt),Dissolved Oxygen (mg/L),pH (pH units),Velocity (ft/sec),Soil Porewater Temperature (�C),Soil Porewater Specific Conductance (uS/cm),Soil Porewater Salinity (ppt),Turbidity (FNU),Chlorophyll a (ug/L),Total Nitrogen (mg/L),Total Kjeldahl Nitrogen (mg/L),Nitrate as N (mg/L),Nitrite as N (mg/L),Nitrate+Nitrite as N (unfiltered; mg/L),Nitrate+Nitrite as N (filtered; mg/L),Ammonium as N (unfiltered; mg/L),Ammonium as N (filtered; mg/L),Total Phosphorus (mg/L),Orthophosphate as P (unfiltered; mg/L),Orthophosphate as P (filtered; mg/L),Silica (unfiltered; mg/L),Silica (filtered; mg/L),Total Suspended Solids (mg/L),Volatile Suspended Solids (mg/L),Secchi (ft),Fecal Coliform (MPN/100ml),Organization Name,Comments,Latitude,Longitude
CRMS4448-P01,,8/20/2008,08:42,CST,,,,0.328,,,,,,,30.40,6920.00,3.70,,,,,,,,,,,,,,,,,,,,COASTAL ESTUARY SERVICES LLC,,29.21432192,-89.23440007
CRMS4448-P01,,1/29/2009,09:25,CST,,,,0.984,,,,,,,11.70,1448.00,0.70,,,,,,,,,,,,,,,,,,,,COASTAL ESTUARY SERVICES LLC,,29.21432192,-89.23440007
CRMS4448-P01,,5/27/2009,12:42,CST,,,,,,,,,,,,,,,,,,,,,,,,,,,,,,,,,COASTAL ESTUARY SERVICES LLC,,29.21432192,-89.23440007
CRMS4448-P01,,6/24/2009,12:50,CST,,,,0.328,,,,,,,29.50,1609.00,0.80,,,,,,,,,,,,,,,,,,,,COASTAL ESTUARY SERVICES LLC,,29.21432192,-89.23440007
CRMS4448-P01,,8/13/2009,08:54,CST,,,,0.328,,,,,,,28.80,900.00,0.50,,,,,,,,,,,,,,,,,,,,COASTAL ESTUARY SERVICES LLC,,29.21432192,-89.23440007
CRMS4448-P01,,8/13/2009,08:54,CST,,,,0.984,,,,,,,29.20,1408.00,0.70,,,,,,,,,,,,,,,,,,,,COASTAL ESTUARY SERVICES LLC,,29.21432192,-89.23440007
CRMS4448-P01,,3/17/2010,13:20,CST,,,,,,,,,,,,,,,,,,,,,,,,,,,,,,,,,COASTAL ESTUARY SERVICES LLC,,29.21432192,-89.23440007
CRMS4448-P01,,4/28/2010,10:35,CST,,,,,,,,,,,,,,,,,,,,,,,,,,,,,,,,,COASTAL ESTUARY SERVICES LLC,,29.21432192,-89.23440007
CRMS4448-P01,,5/19/2010,08:00,CST,,,,0.328,,,,,,,25.40,1563.00,0.80,,,,,,,,,,,,,,,,,,,,COASTAL ESTUARY SERVICES LLC,,29.21432192,-89.23440007
CRMS4448-P01,,6/24/2010,10:50,CST,,,,,,,,,,,,,,,,,,,,,,,,,,,,,,,,,COASTAL ESTUARY SERVICES LLC,,29.21432192,-89.23440007
CRMS4448-P01,,7/14/2010,12:45,CST,,,,0.328,,,,,,,31.60,404.00,0.20,,,,,,,,,,,,,,,,,,,,COASTAL ESTUARY SERVICES LLC,,29.21432192,-89.23440007
CRMS4448-P01,,12/9/2010,14:40,CST,,,,0.328,,,,,,,12.30,2520.00,1.30,,,,,,,,,,,,,,,,,,,,COASTAL ESTUARY SERVICES LLC,,29.21432192,-89.23440007
CRMS4448-P01,,2/22/2011,12:09,CST,,,,0.328,,,,,,,21.30,2017.00,1.00,,,,,,,,,,,,,,,,,,,,COASTAL ESTUARY SERVICES LLC,,29.21432192,-89.23440007
CRMS4448-P01,,3/23/2011,11:33,CST,,,,,,,,,,,,,,,,,,,,,,,,,,,,,,,,,COASTAL ESTUARY SERVICES LLC,,29.21432192,-89.23440007
CRMS4448-P01,,4/19/2011,14:15,CST,,,,,,,,,,,,,,,,,,,,,,,,,,,,,,,,,COASTAL ESTUARY SERVICES LLC,,29.21432192,-89.23440007
CRMS4448-P01,,6/21/2011,08:32,CST,,,,0.328,,,,,,,30.39,2320.00,1.21,,,,,,,,,,,,,,,,,,,,COASTAL ESTUARY SERVICES LLC,,29.21432192,-89.23440007
CRMS4448-P01,,6/21/2011,08:32,CST,,,,0.984,,,,,,,28.37,2138.00,1.07,,,,,,,,,,,,,,,,,,,,COASTAL ESTUARY SERVICES LLC,,29.21432192,-89.23440007
CRMS4448-P01,,7/19/2011,10:27,CST,,,,0.328,,,,,,,29.30,1435.00,0.60,,,,,,,,,,,,,,,,,,,,COASTAL ESTUARY SERVICES LLC,,29.21432192,-89.23440007
CRMS4448-P01,,7/19/2011,10:27,CST,,,,0.984,,,,,,,28.50,3071.00,1.60,,,,,,,,,,,,,,,,,,,,COASTAL ESTUARY SERVICES LLC,,29.21432192,-89.23440007
CRMS4448-P01,,11/2/2011,14:30,CST,,,,0.328,,,,,,,24.00,3883.00,1.80,,,,,,,,,,,,,,,,,,,,COASTAL ESTUARY SERVICES LLC,,29.21432192,-89.23440007
CRMS4448-P01,,1/25/2012,12:45,CST,,,,,,,,,,,,,,,,,,,,,,,,,,,,,,,,,COASTAL ESTUARY SERVICES LLC,,29.21432192,-89.23440007
CRMS4448-P01,,3/27/2012,12:37,CST,,,,0.328,,,,,,,24.40,1026.00,0.50,,,,,,,,,,,,,,,,,,,,COASTAL ESTUARY SERVICES LLC,,29.21432192,-89.23440007
CRMS4448-P01,,4/23/2012,13:50,CST,,,,0.328,,,,,,,21.20,1174.00,0.60,,,,,,,,,,,,,,,,,,,,COASTAL ESTUARY SERVICES LLC,,29.21432192,-89.23440007
CRMS4448-P01,,4/23/2012,13:50,CST,,,,0.984,,,,,,,19.90,2090.00,1.20,,,,,,,,,,,,,,,,,,,,COASTAL ESTUARY SERVICES LLC,,29.21432192,-89.23440007
CRMS4448-P01,,5/22/2012,10:30,CST,,,,0.328,,,,,,,26.00,1510.00,0.80,,,,,,,,,,,,,,,,,,,,COASTAL ESTUARY SERVICES LLC,,29.21432192,-89.23440007
CRMS4448-P01,,5/22/2012,10:30,CST,,,,0.984,,,,,,,25.70,2260.00,1.20,,,,,,,,,,,,,,,,,,,,COASTAL ESTUARY SERVICES LLC,,29.21432192,-89.23440007
CRMS4448-P01,,7/24/2012,14:30,CST,,,,,,,,,,,,,,,,,,,,,,,,,,,,,,,,,COASTAL ESTUARY SERVICES LLC,,29.21432192,-89.23440007
CRMS4448-P01,,10/9/2012,12:10,CST,,,,,,,,,,,,,,,,,,,,,,,,,,,,,,,,,COASTAL ESTUARY SERVICES LLC,,29.21432192,-89.23440007
CRMS4448-P01,,3/19/2013,08:54,CST,,,,0.328,,,,,,,15.50,1574.00,0.80,,,,,,,,,,,,,,,,,,,,COASTAL ESTUARY SERVICES LLC,30cm readings colgged,29.21432192,-89.23440007
CRMS4448-P01,,5/21/2013,10:00,CST,,,,0.328,,,,,,,23.30,917.00,0.40,,,,,,,,,,,,,,,,,,,,COASTAL ESTUARY SERVICES LLC,30 cm clogged,29.21432192,-89.23440007
CRMS4448-P01,,6/18/2013,10:45,CST,,,,0.328,,,,,,,33.50,506.00,0.20,,,,,,,,,,,,,,,,,,,,COASTAL ESTUARY SERVICES LLC,,29.21432192,-89.23440007
CRMS4448-P01,,6/18/2013,10:45,CST,,,,0.984,,,,,,,27.90,1233.00,0.60,,,,,,,,,,,,,,,,,,,,COASTAL ESTUARY SERVICES LLC,,29.21432192,-89.23440007
CRMS4448-P01,,7/16/2013,10:10,CST,,,,0.328,,,,,,,28.80,1574.00,0.80,,,,,,,,,,,,,,,,,,,,COASTAL ESTUARY SERVICES LLC,,29.21432192,-89.23440007
CRMS4448-P01,,7/16/2013,10:10,CST,,,,0.984,,,,,,,29.00,1624.00,0.80,,,,,,,,,,,,,,,,,,,,COASTAL ESTUARY SERVICES LLC,,29.21432192,-89.23440007
CRMS4448-P01,,10/29/2013,10:00,CST,,,,,,,,,,,,,,,,,,,,,,,,,,,,,,,,,COASTAL ESTUARY SERVICES LLC,10 & 30 cm readings are clogging,29.21432192,-89.23440007
CRMS4448-P01,,1/22/2014,09:45,CST,,,,0.328,,,,,,,11.10,3970.00,2.10,,,,,,,,,,,,,,,,,,,,COASTAL ESTUARY SERVICES LLC,,29.21432192,-89.23440007
CRMS4448-P01,,1/22/2014,09:45,CST,,,,0.984,,,,,,,11.60,4920.00,2.70,,,,,,,,,,,,,,,,,,,,COASTAL ESTUARY SERVICES LLC,,29.21432192,-89.23440007
CRMS4448-P01,,5/20/2014,08:30,CST,,,,,,,,,,,,,,,,,,,,,,,,,,,,,,,,,COASTAL ESTUARY SERVICES LLC,Clogged at 10cm and 30cm readings,29.21432192,-89.23440007
CRMS4448-P01,,7/16/2014,11:15,CST,,,,,,,,,,,,,,,,,,,,,,,,,,,,,,,,,COASTAL ESTUARY SERVICES LLC,Clogged @30 cm and 10 cm,29.21432192,-89.23440007
CRMS4448-P01,,10/7/2014,11:40,CST,,,,,,,,,,,,,,,,,,,,,,,,,,,,,,,,,COASTAL ESTUARY SERVICES LLC,clogged at 30 cm and 10 cm,29.21432192,-89.23440007
CRMS4448-P01,,7/7/2015,11:20,CST,,,,0.328,,,,,,,30.60,1288.00,1.00,,,,,,,,,,,,,,,,,,,,COASTAL ESTUARY SERVICES LLC,,29.21432192,-89.23440007
CRMS4448-P01,,7/7/2015,11:20,CST,,,,0.984,,,,,,,37.60,405.00,0.70,,,,,,,,,,,,,,,,,,,,COASTAL ESTUARY SERVICES LLC,,29.21432192,-89.23440007
CRMS4448-P01,,10/8/2015,10:00,CST,,,,,,,,,,,,,,,,,,,,,,,,,,,,,,,,,COASTAL ESTUARY SERVICES LLC,10 cm and 30 cm clogged,29.21432192,-89.23440007
CRMS4448-P01,,8/9/2016,10:00,CST,,,,,,,,,,,,,,,,,,,,,,,,,,,,,,,,,COASTAL ESTUARY SERVICES LLC,"Water too deep for measurements, approximately 1.5 ft deep",29.21432192,-89.23440007
CRMS4448-P01,,1/24/2017,14:09,CST,,,,0.328,,,,,,,15.90,1682.00,0.90,,,,,,,,,,,,,,,,,,,,COASTAL ESTUARY SERVICES LLC,,29.21432192,-89.23440007
CRMS4448-P01,,1/24/2017,14:09,CST,,,,0.984,,,,,,,16.80,1545.00,0.80,,,,,,,,,,,,,,,,,,,,COASTAL ESTUARY SERVICES LLC,,29.21432192,-89.23440007
CRMS4448-P01,,3/14/2017,16:20,CST,,,,0.328,,,,,,,,,,,,,,,,,,,,,,,,,,,,,COASTAL ESTUARY SERVICES LLC,clogged,29.21432192,-89.23440007
CRMS4448-P01,,3/14/2017,16:20,CST,,,,0.984,,,,,,,,,,,,,,,,,,,,,,,,,,,,,COASTAL ESTUARY SERVICES LLC,clogged,29.21432192,-89.23440007
CRMS4448-P01,,6/26/2017,12:30,CST,,,,0.328,,,,,,,,,,,,,,,,,,,,,,,,,,,,,COASTAL ESTUARY SERVICES LLC,clogged at 10 cm,29.21432192,-89.23440007
CRMS4448-P01,,6/26/2017,12:30,CST,,,,0.984,,,,,,,,,,,,,,,,,,,,,,,,,,,,,COASTAL ESTUARY SERVICES LLC,clogged @ 30 cm,29.21432192,-89.23440007
CRMS4448-P01,,7/19/2017,16:00,CST,,,,0.328,,,,,,,29.10,638.00,0.30,,,,,,,,,,,,,,,,,,,,COASTAL ESTUARY SERVICES LLC,,29.21432192,-89.23440007
CRMS4448-P01,,7/19/2017,16:00,CST,,,,0.984,,,,,,,29.00,683.00,0.30,,,,,,,,,,,,,,,,,,,,COASTAL ESTUARY SERVICES LLC,,29.21432192,-89.23440007
CRMS4448-P01,,8/23/2017,14:50,CST,,,,0.328,,,,,,,,,,,,,,,,,,,,,,,,,,,,,COASTAL ESTUARY SERVICES LLC,Clogged,29.21432192,-89.23440007
CRMS4448-P01,,8/23/2017,14:50,CST,,,,0.984,,,,,,,,,,,,,,,,,,,,,,,,,,,,,COASTAL ESTUARY SERVICES LLC,Clogged,29.21432192,-89.23440007
CRMS4448-P01,,10/11/2017,15:20,CST,,,,0.328,,,,,,,,,,,,,,,,,,,,,,,,,,,,,COASTAL ESTUARY SERVICES LLC,Clogged at 10cm,29.21432192,-89.23440007
CRMS4448-P01,,10/11/2017,15:20,CST,,,,0.984,,,,,,,,,,,,,,,,,,,,,,,,,,,,,COASTAL ESTUARY SERVICES LLC,Clogged at 30cm,29.21432192,-89.23440007
CRMS4448-P01,,2/5/2018,14:35,CST,,,,0.328,,,,,,,11.60,1422.00,0.70,,,,,,,,,,,,,,,,,,,,COASTAL ESTUARY SERVICES LLC,,29.21432192,-89.23440007
CRMS4448-P01,,2/5/2018,14:35,CST,,,,0.984,,,,,,,14.70,1536.00,0.80,,,,,,,,,,,,,,,,,,,,COASTAL ESTUARY SERVICES LLC,,29.21432192,-89.23440007
CRMS4448-P01,,3/8/2018,13:25,CST,,,,0.328,,,,,,,,,,,,,,,,,,,,,,,,,,,,,COASTAL ESTUARY SERVICES LLC,Sipper clogged,29.21432192,-89.23440007
CRMS4448-P01,,3/8/2018,13:25,CST,,,,0.984,,,,,,,,,,,,,,,,,,,,,,,,,,,,,COASTAL ESTUARY SERVICES LLC,Sipper clogged ,29.21432192,-89.23440007
CRMS4448-P01,,4/30/2018,12:25,CST,,,,0.328,,,,,,,,,,,,,,,,,,,,,,,,,,,,,COASTAL ESTUARY SERVICES LLC,clogged,29.21432192,-89.23440007
CRMS4448-P01,,4/30/2018,12:25,CST,,,,0.984,,,,,,,,,,,,,,,,,,,,,,,,,,,,,COASTAL ESTUARY SERVICES LLC,clogged,29.21432192,-89.23440007
CRMS4448-P01,,6/5/2018,10:15,CST,,,,0.328,,,,,,,,,,,,,,,,,,,,,,,,,,,,,COASTAL ESTUARY SERVICES LLC,Clogged at 10cm,29.21432192,-89.23440007
CRMS4448-P01,,6/5/2018,10:15,CST,,,,0.984,,,,,,,,,,,,,,,,,,,,,,,,,,,,,COASTAL ESTUARY SERVICES LLC,Clogged at 30cm,29.21432192,-89.23440007
CRMS4448-P01,,7/25/2018,10:20,CST,,,,0.328,,,,,,,,,,,,,,,,,,,,,,,,,,,,,COASTAL ESTUARY SERVICES LLC,Depth of water on marsh = 1.5ft. Clogged at 10cm.,29.21432192,-89.23440007
CRMS4448-P01,,7/25/2018,10:20,CST,,,,0.984,,,,,,,28.80,3710.00,1.90,,,,,,,,,,,,,,,,,,,,COASTAL ESTUARY SERVICES LLC,Depth of water on marsh = 1.5ft,29.21432192,-89.23440007
CRMS4448-P01,,8/27/2018,13:11,CST,,,,0.328,,,,,,,29.30,2354.00,1.20,,,,,,,,,,,,,,,,,,,,COASTAL ESTUARY SERVICES LLC,,29.21432192,-89.23440007
CRMS4448-P01,,8/27/2018,13:11,CST,,,,0.984,,,,,,,29.00,2901.00,1.50,,,,,,,,,,,,,,,,,,,,COASTAL ESTUARY SERVICES LLC,,29.21432192,-89.23440007
CRMS4448-P01,,10/17/2018,14:30,CST,,,,0.328,,,,,,,,,,,,,,,,,,,,,,,,,,,,,COASTAL ESTUARY SERVICES LLC,Clogged,29.21432192,-89.23440007
CRMS4448-P01,,10/17/2018,14:30,CST,,,,0.984,,,,,,,,,,,,,,,,,,,,,,,,,,,,,COASTAL ESTUARY SERVICES LLC,Clogged,29.21432192,-89.23440007
CRMS4448-P01,,11/20/2018,13:00,CST,,,,0.328,,,,,,,,,,,,,,,,,,,,,,,,,,,,,COASTAL ESTUARY SERVICES LLC,Clogged,29.21432192,-89.23440007
CRMS4448-P01,,11/20/2018,13:00,CST,,,,0.984,,,,,,,,,,,,,,,,,,,,,,,,,,,,,COASTAL ESTUARY SERVICES LLC,Clogged,29.21432192,-89.23440007
CRMS4448-P01,,2/13/2019,12:58,CST,,,,0.328,,,,,,,10.10,399.00,0.20,,,,,,,,,,,,,,,,,,,,COASTAL ESTUARY SERVICES LLC,,29.21432192,-89.23440007
CRMS4448-P01,,2/13/2019,12:58,CST,,,,0.984,,,,,,,,,,,,,,,,,,,,,,,,,,,,,COASTAL ESTUARY SERVICES LLC,Clogged at 30 cm,29.21432192,-89.23440007
CRMS4448-P01,,4/2/2019,14:43,CST,,,,0.328,,,,,,,17.40,623.00,0.30,,,,,,,,,,,,,,,,,,,,COASTAL ESTUARY SERVICES LLC,,29.21432192,-89.23440007
CRMS4448-P01,,4/2/2019,14:43,CST,,,,0.984,,,,,,,,,,,,,,,,,,,,,,,,,,,,,COASTAL ESTUARY SERVICES LLC,Clogged at 30 cm,29.21432192,-89.23440007
CRMS4448-P01,,7/17/2019,14:15,CST,2.60,GEOID12A,,0.328,,,,,,,,,,,,,,,,,,,,,,,,,,,,,COASTAL ESTUARY SERVICES LLC,"clogged, 0.3 ft of water at boardwalk.",29.21432192,-89.23440007
CRMS4448-P01,,7/17/2019,14:15,CST,2.60,GEOID12A,,0.984,,,,,,,,,,,,,,,,,,,,,,,,,,,,,COASTAL ESTUARY SERVICES LLC,clogged,29.21432192,-89.23440007
CRMS4448-P01,,9/4/2019,11:35,CST,,,,0.328,,,,,,,31.90,1529.00,0.80,,,,,,,,,,,,,,,,,,,,COASTAL ESTUARY SERVICES LLC,,29.21432192,-89.23440007
CRMS4448-P01,,9/4/2019,11:35,CST,,,,0.984,,,,,,,,,,,,,,,,,,,,,,,,,,,,,COASTAL ESTUARY SERVICES LLC,clogged,29.21432192,-89.23440007
CRMS4448-P01,,10/8/2019,11:15,CST,,,,0.328,,,,,,,27.10,2223.00,1.10,,,,,,,,,,,,,,,,,,,,COASTAL ESTUARY SERVICES LLC,,29.21432192,-89.23440007
CRMS4448-P01,,10/8/2019,11:15,CST,,,,0.984,,,,,,,,,,,,,,,,,,,,,,,,,,,,,COASTAL ESTUARY SERVICES LLC,clogged,29.21432192,-89.23440007
CRMS4448-P01,,3/5/2020,10:35,CST,1.94,GEOID12A,,0.328,,,,,,,,,,,,,,,,,,,,,,,,,,,,,COASTAL ESTUARY SERVICES LLC,clogged; Water depth on marsh: 1 ft,29.21432192,-89.23440007
CRMS4448-P01,,3/5/2020,10:35,CST,1.94,GEOID12A,,0.984,,,,,,,,,,,,,,,,,,,,,,,,,,,,,COASTAL ESTUARY SERVICES LLC,clogged; Water depth on marsh: 1 ft,29.21432192,-89.23440007
CRMS4448-P01,,5/5/2020,14:19,CST,1.90,GEOID12A,,0.328,,,,,,,24.00,1700.00,0.80,,,,,,,,,,,,,,,,,,,,COASTAL ESTUARY SERVICES LLC,Water depth on marsh: 1.3 ft,29.21432192,-89.23440007
CRMS4448-P01,,5/5/2020,14:19,CST,1.90,GEOID12A,,0.984,,,,,,,29.00,1814.00,0.90,,,,,,,,,,,,,,,,,,,,COASTAL ESTUARY SERVICES LLC,Water depth on marsh: 1.3 ft,29.21432192,-89.23440007
CRMS4448-P01,,6/17/2020,12:30,CST,2.29,GEOID12A,,0.328,,,,,,,0.00,0.00,0.00,,,,,,,,,,,,,,,,,,,,COASTAL ESTUARY SERVICES LLC,clogged,29.21432192,-89.23440007
CRMS4448-P01,,6/17/2020,12:30,CST,2.29,GEOID12A,,0.924,,,,,,,0.00,0.00,0.00,,,,,,,,,,,,,,,,,,,,COASTAL ESTUARY SERVICES LLC,clogged,29.21432192,-89.23440007
CRMS4448-P01,,8/4/2020,11:25,CST,1.37,GEOID12A,,0.328,,,,,,,,,,,,,,,,,,,,,,,,,,,,,COASTAL ESTUARY SERVICES LLC,clogged ; Water depth on marsh: 0.8 ft,29.21432192,-89.23440007
CRMS4448-P01,,8/4/2020,11:25,CST,1.37,GEOID12A,,0.984,,,,,,,,,,,,,,,,,,,,,,,,,,,,,COASTAL ESTUARY SERVICES LLC,clogged ; Water depth on marsh: 0.8 ft,29.21432192,-89.23440007
CRMS4448-P01,,9/30/2020,16:10,CST,1.38,GEOID12A,,0.328,,,,,,,25.40,2263.00,1.20,,,,,,,,,,,,,,,,,,,,COASTAL ESTUARY SERVICES LLC,Water depth on marsh: 1.8 ft,29.21432192,-89.23440007
CRMS4448-P01,,9/30/2020,16:10,CST,1.38,GEOID12A,,0.984,,,,,,,25.60,2857.00,1.50,,,,,,,,,,,,,,,,,,,,COASTAL ESTUARY SERVICES LLC,Water depth on marsh: 1.8 ft,29.21432192,-89.23440007
CRMS4448-P01,,11/3/2020,14:45,CST,0.71,GEOID12A,,0.328,,,,,,,,,,,,,,,,,,,,,,,,,,,,,COASTAL ESTUARY SERVICES LLC,Clogged.,29.21432192,-89.23440007
CRMS4448-P01,,11/3/2020,14:45,CST,0.71,GEOID12A,,0.984,,,,,,,,,,,,,,,,,,,,,,,,,,,,,COASTAL ESTUARY SERVICES LLC,Clogged.,29.21432192,-89.23440007
CRMS4448-P01,,3/30/2021,12:55,CST,1.80,GEOID12A,,0.328,,,,,,,,,,,,,,,,,,,,,,,,,,,,,COASTAL ESTUARY SERVICES LLC,clogged; Water depth on marsh: 1.2 ft,29.21432192,-89.23440007
CRMS4448-P01,,3/30/2021,12:55,CST,1.80,GEOID12A,,0.984,,,,,,,,,,,,,,,,,,,,,,,,,,,,,COASTAL ESTUARY SERVICES LLC,clogged; Water depth on marsh: 1.2 ft,29.21432192,-89.23440007
CRMS4448-P01,,6/8/2021,14:33,CST,1.60,GEOID12A,,0.328,,,,,,,,,,,,,,,,,,,,,,,,,,,,,COASTAL ESTUARY SERVICES LLC,Water Level: 1.2 ft Above Marsh; clogged,29.21432192,-89.23440007
CRMS4448-P01,,6/8/2021,14:33,CST,1.60,GEOID12A,,0.984,,,,,,,29.00,2012.00,1.00,,,,,,,,,,,,,,,,,,,,COASTAL ESTUARY SERVICES LLC,Water Level: 1.2 ft Above Marsh; ,29.21432192,-89.23440007
CRMS4448-P02,,8/20/2008,08:42,CST,,,,,,,,,,,,,,,,,,,,,,,,,,,,,,,,,COASTAL ESTUARY SERVICES LLC,,29.21432192,-89.23440007
CRMS4448-P02,,1/29/2009,09:25,CST,,,,,,,,,,,,,,,,,,,,,,,,,,,,,,,,,COASTAL ESTUARY SERVICES LLC,,29.21432192,-89.23440007
CRMS4448-P02,,5/27/2009,12:42,CST,,,,,,,,,,,,,,,,,,,,,,,,,,,,,,,,,COASTAL ESTUARY SERVICES LLC,,29.21432192,-89.23440007
CRMS4448-P02,,6/24/2009,12:50,CST,,,,,,,,,,,,,,,,,,,,,,,,,,,,,,,,,COASTAL ESTUARY SERVICES LLC,,29.21432192,-89.23440007
CRMS4448-P02,,8/13/2009,08:54,CST,,,,0.328,,,,,,,29.60,1258.00,0.60,,,,,,,,,,,,,,,,,,,,COASTAL ESTUARY SERVICES LLC,,29.21432192,-89.23440007
CRMS4448-P02,,8/13/2009,08:54,CST,,,,0.984,,,,,,,28.80,1363.00,0.70,,,,,,,,,,,,,,,,,,,,COASTAL ESTUARY SERVICES LLC,,29.21432192,-89.23440007
CRMS4448-P02,,3/17/2010,13:20,CST,,,,,,,,,,,,,,,,,,,,,,,,,,,,,,,,,COASTAL ESTUARY SERVICES LLC,,29.21432192,-89.23440007
CRMS4448-P02,,4/28/2010,10:35,CST,,,,,,,,,,,,,,,,,,,,,,,,,,,,,,,,,COASTAL ESTUARY SERVICES LLC,,29.21432192,-89.23440007
CRMS4448-P02,,5/19/2010,08:00,CST,,,,0.328,,,,,,,24.10,1380.00,0.70,,,,,,,,,,,,,,,,,,,,COASTAL ESTUARY SERVICES LLC,,29.21432192,-89.23440007
CRMS4448-P02,,6/24/2010,10:50,CST,,,,,,,,,,,,,,,,,,,,,,,,,,,,,,,,,COASTAL ESTUARY SERVICES LLC,,29.21432192,-89.23440007
CRMS4448-P02,,7/14/2010,12:45,CST,,,,0.328,,,,,,,31.30,427.00,0.20,,,,,,,,,,,,,,,,,,,,COASTAL ESTUARY SERVICES LLC,,29.21432192,-89.23440007
CRMS4448-P02,,12/9/2010,14:40,CST,,,,0.328,,,,,,,12.10,2553.00,1.30,,,,,,,,,,,,,,,,,,,,COASTAL ESTUARY SERVICES LLC,,29.21432192,-89.23440007
CRMS4448-P02,,2/22/2011,12:09,CST,,,,0.328,,,,,,,19.00,2161.00,1.10,,,,,,,,,,,,,,,,,,,,COASTAL ESTUARY SERVICES LLC,,29.21432192,-89.23440007
CRMS4448-P02,,3/23/2011,11:33,CST,,,,,,,,,,,,,,,,,,,,,,,,,,,,,,,,,COASTAL ESTUARY SERVICES LLC,,29.21432192,-89.23440007
CRMS4448-P02,,4/19/2011,14:15,CST,,,,,,,,,,,,,,,,,,,,,,,,,,,,,,,,,COASTAL ESTUARY SERVICES LLC,,29.21432192,-89.23440007
CRMS4448-P02,,6/21/2011,08:32,CST,,,,0.328,,,,,,,28.64,1964.00,1.01,,,,,,,,,,,,,,,,,,,,COASTAL ESTUARY SERVICES LLC,,29.21432192,-89.23440007
CRMS4448-P02,,6/21/2011,08:32,CST,,,,0.984,,,,,,,28.09,2748.00,1.44,,,,,,,,,,,,,,,,,,,,COASTAL ESTUARY SERVICES LLC,,29.21432192,-89.23440007
CRMS4448-P02,,7/19/2011,10:27,CST,,,,0.328,,,,,,,29.60,1002.00,0.50,,,,,,,,,,,,,,,,,,,,COASTAL ESTUARY SERVICES LLC,,29.21432192,-89.23440007
CRMS4448-P02,,7/19/2011,10:27,CST,,,,0.984,,,,,,,29.00,3044.00,1.60,,,,,,,,,,,,,,,,,,,,COASTAL ESTUARY SERVICES LLC,,29.21432192,-89.23440007
CRMS4448-P02,,11/2/2011,14:31,CST,,,,0.328,,,,,,,23.50,1826.00,0.90,,,,,,,,,,,,,,,,,,,,COASTAL ESTUARY SERVICES LLC,,29.21432192,-89.23440007
CRMS4448-P02,,1/25/2012,12:45,CST,,,,,,,,,,,,,,,,,,,,,,,,,,,,,,,,,COASTAL ESTUARY SERVICES LLC,,29.21432192,-89.23440007
CRMS4448-P02,,3/27/2012,12:37,CST,,,,0.328,,,,,,,22.40,1173.00,0.60,,,,,,,,,,,,,,,,,,,,COASTAL ESTUARY SERVICES LLC,,29.21432192,-89.23440007
CRMS4448-P02,,4/23/2012,13:50,CST,,,,0.328,,,,,,,20.90,1157.00,0.60,,,,,,,,,,,,,,,,,,,,COASTAL ESTUARY SERVICES LLC,,29.21432192,-89.23440007
CRMS4448-P02,,4/23/2012,13:50,CST,,,,0.984,,,,,,,19.70,2166.00,1.10,,,,,,,,,,,,,,,,,,,,COASTAL ESTUARY SERVICES LLC,,29.21432192,-89.23440007
CRMS4448-P02,,5/22/2012,10:30,CST,,,,0.328,,,,,,,26.10,1650.00,0.80,,,,,,,,,,,,,,,,,,,,COASTAL ESTUARY SERVICES LLC,,29.21432192,-89.23440007
CRMS4448-P02,,5/22/2012,10:30,CST,,,,0.984,,,,,,,25.40,2820.00,1.50,,,,,,,,,,,,,,,,,,,,COASTAL ESTUARY SERVICES LLC,,29.21432192,-89.23440007
CRMS4448-P02,,7/24/2012,14:30,CST,,,,,,,,,,,,,,,,,,,,,,,,,,,,,,,,,COASTAL ESTUARY SERVICES LLC,,29.21432192,-89.23440007
CRMS4448-P02,,10/9/2012,12:10,CST,,,,,,,,,,,,,,,,,,,,,,,,,,,,,,,,,COASTAL ESTUARY SERVICES LLC,,29.21432192,-89.23440007
CRMS4448-P02,,3/19/2013,08:54,CST,,,,0.328,,,,,,,14.70,1430.00,0.70,,,,,,,,,,,,,,,,,,,,COASTAL ESTUARY SERVICES LLC,30cm readings colgged,29.21432192,-89.23440007
CRMS4448-P02,,5/21/2013,10:00,CST,,,,,,,,,,,,,,,,,,,,,,,,,,,,,,,,,COASTAL ESTUARY SERVICES LLC,10 cm and 30 cm clogged,29.21432192,-89.23440007
CRMS4448-P02,,6/18/2013,10:45,CST,,,,0.328,,,,,,,32.10,968.00,0.40,,,,,,,,,,,,,,,,,,,,COASTAL ESTUARY SERVICES LLC,,29.21432192,-89.23440007
CRMS4448-P02,,6/18/2013,10:45,CST,,,,0.984,,,,,,,27.30,3500.00,1.80,,,,,,,,,,,,,,,,,,,,COASTAL ESTUARY SERVICES LLC,,29.21432192,-89.23440007
CRMS4448-P02,,7/16/2013,10:10,CST,,,,0.328,,,,,,,28.90,829.00,0.40,,,,,,,,,,,,,,,,,,,,COASTAL ESTUARY SERVICES LLC,30cm clogged.,29.21432192,-89.23440007
CRMS4448-P02,,10/29/2013,10:00,CST,,,,,,,,,,,,,,,,,,,,,,,,,,,,,,,,,COASTAL ESTUARY SERVICES LLC,10 & 30 cm readings are clogging,29.21432192,-89.23440007
CRMS4448-P02,,1/22/2014,09:45,CST,,,,0.328,,,,,,,11.10,4210.00,2.30,,,,,,,,,,,,,,,,,,,,COASTAL ESTUARY SERVICES LLC,,29.21432192,-89.23440007
CRMS4448-P02,,1/22/2014,09:45,CST,,,,0.984,,,,,,,11.60,5000.00,2.80,,,,,,,,,,,,,,,,,,,,COASTAL ESTUARY SERVICES LLC,,29.21432192,-89.23440007
CRMS4448-P02,,5/20/2014,08:30,CST,,,,,,,,,,,,,,,,,,,,,,,,,,,,,,,,,COASTAL ESTUARY SERVICES LLC,Clogged at 10cm and 30cm readings,29.21432192,-89.23440007
CRMS4448-P02,,7/16/2014,11:15,CST,,,,,,,,,,,,,,,,,,,,,,,,,,,,,,,,,COASTAL ESTUARY SERVICES LLC,Clogged @30 cm and 10 cm,29.21432192,-89.23440007
CRMS4448-P02,,10/7/2014,11:40,CST,,,,,,,,,,,,,,,,,,,,,,,,,,,,,,,,,COASTAL ESTUARY SERVICES LLC,clogged at 30 cm and 10 cm,29.21432192,-89.23440007
CRMS4448-P02,,7/7/2015,11:20,CST,,,,0.984,,,,,,,32.00,885.00,0.90,,,,,,,,,,,,,,,,,,,,COASTAL ESTUARY SERVICES LLC,clogged at 10 cm,29.21432192,-89.23440007
CRMS4448-P02,,10/8/2015,10:00,CST,,,,,,,,,,,,,,,,,,,,,,,,,,,,,,,,,COASTAL ESTUARY SERVICES LLC,10 cm and 30 cm clogged,29.21432192,-89.23440007
CRMS4448-P02,,8/9/2016,10:00,CST,,,,,,,,,,,,,,,,,,,,,,,,,,,,,,,,,COASTAL ESTUARY SERVICES LLC,"Water too deep for measurements, approximately 1.5 ft deep",29.21432192,-89.23440007
CRMS4448-P02,,1/24/2017,14:09,CST,,,,0.328,,,,,,,16.20,1628.00,0.80,,,,,,,,,,,,,,,,,,,,COASTAL ESTUARY SERVICES LLC,,29.21432192,-89.23440007
CRMS4448-P02,,1/24/2017,14:09,CST,,,,0.984,,,,,,,15.70,1635.00,0.80,,,,,,,,,,,,,,,,,,,,COASTAL ESTUARY SERVICES LLC,,29.21432192,-89.23440007
CRMS4448-P02,,3/14/2017,16:20,CST,,,,0.328,,,,,,,,,,,,,,,,,,,,,,,,,,,,,COASTAL ESTUARY SERVICES LLC,clogged,29.21432192,-89.23440007
CRMS4448-P02,,3/14/2017,16:20,CST,,,,0.984,,,,,,,,,,,,,,,,,,,,,,,,,,,,,COASTAL ESTUARY SERVICES LLC,clogged,29.21432192,-89.23440007
CRMS4448-P02,,6/26/2017,12:30,CST,,,,0.328,,,,,,,,,,,,,,,,,,,,,,,,,,,,,COASTAL ESTUARY SERVICES LLC,clogged at 10 cm,29.21432192,-89.23440007
CRMS4448-P02,,6/26/2017,12:30,CST,,,,0.984,,,,,,,,,,,,,,,,,,,,,,,,,,,,,COASTAL ESTUARY SERVICES LLC,clogged @ 30 cm,29.21432192,-89.23440007
CRMS4448-P02,,7/19/2017,16:00,CST,,,,0.328,,,,,,,29.90,450.00,0.20,,,,,,,,,,,,,,,,,,,,COASTAL ESTUARY SERVICES LLC,,29.21432192,-89.23440007
CRMS4448-P02,,7/19/2017,16:00,CST,,,,0.984,,,,,,,29.00,735.00,0.40,,,,,,,,,,,,,,,,,,,,COASTAL ESTUARY SERVICES LLC,,29.21432192,-89.23440007
CRMS4448-P02,,8/23/2017,14:50,CST,,,,0.328,,,,,,,,,,,,,,,,,,,,,,,,,,,,,COASTAL ESTUARY SERVICES LLC,Clogged,29.21432192,-89.23440007
CRMS4448-P02,,8/23/2017,14:50,CST,,,,0.984,,,,,,,,,,,,,,,,,,,,,,,,,,,,,COASTAL ESTUARY SERVICES LLC,Clogged,29.21432192,-89.23440007
CRMS4448-P02,,10/11/2017,15:20,CST,,,,0.328,,,,,,,,,,,,,,,,,,,,,,,,,,,,,COASTAL ESTUARY SERVICES LLC,Clogged at 10cm,29.21432192,-89.23440007
CRMS4448-P02,,10/11/2017,15:20,CST,,,,0.984,,,,,,,,,,,,,,,,,,,,,,,,,,,,,COASTAL ESTUARY SERVICES LLC,Clogged at 30cm,29.21432192,-89.23440007
CRMS4448-P02,,2/5/2018,14:35,CST,,,,0.328,,,,,,,12.10,1262.00,0.60,,,,,,,,,,,,,,,,,,,,COASTAL ESTUARY SERVICES LLC,,29.21432192,-89.23440007
CRMS4448-P02,,2/5/2018,14:35,CST,,,,0.984,,,,,,,12.70,1855.00,1.00,,,,,,,,,,,,,,,,,,,,COASTAL ESTUARY SERVICES LLC,,29.21432192,-89.23440007
CRMS4448-P02,,3/8/2018,13:25,CST,,,,0.328,,,,,,,,,,,,,,,,,,,,,,,,,,,,,COASTAL ESTUARY SERVICES LLC,Sipper clogged,29.21432192,-89.23440007
CRMS4448-P02,,3/8/2018,13:25,CST,,,,0.984,,,,,,,,,,,,,,,,,,,,,,,,,,,,,COASTAL ESTUARY SERVICES LLC,Sipper clogged,29.21432192,-89.23440007
CRMS4448-P02,,4/30/2018,12:25,CST,,,,0.328,,,,,,,,,,,,,,,,,,,,,,,,,,,,,COASTAL ESTUARY SERVICES LLC,clogged,29.21432192,-89.23440007
CRMS4448-P02,,4/30/2018,12:25,CST,,,,0.984,,,,,,,,,,,,,,,,,,,,,,,,,,,,,COASTAL ESTUARY SERVICES LLC,clogged,29.21432192,-89.23440007
CRMS4448-P02,,6/5/2018,10:15,CST,,,,0.328,,,,,,,,,,,,,,,,,,,,,,,,,,,,,COASTAL ESTUARY SERVICES LLC,Clogged at 10cm,29.21432192,-89.23440007
CRMS4448-P02,,6/5/2018,10:15,CST,,,,0.984,,,,,,,,,,,,,,,,,,,,,,,,,,,,,COASTAL ESTUARY SERVICES LLC,Clogged at 30cm,29.21432192,-89.23440007
CRMS4448-P02,,7/25/2018,10:20,CST,,,,0.328,,,,,,,,,,,,,,,,,,,,,,,,,,,,,COASTAL ESTUARY SERVICES LLC,Depth of water on marsh = 1.5ft. Clogged at 10cm.,29.21432192,-89.23440007
CRMS4448-P02,,7/25/2018,10:20,CST,,,,0.984,,,,,,,29.50,3874.00,2.00,,,,,,,,,,,,,,,,,,,,COASTAL ESTUARY SERVICES LLC,Depth of water on marsh = 1.5ft,29.21432192,-89.23440007
CRMS4448-P02,,8/27/2018,13:12,CST,,,,0.328,,,,,,,29.10,2340.00,1.20,,,,,,,,,,,,,,,,,,,,COASTAL ESTUARY SERVICES LLC,,29.21432192,-89.23440007
CRMS4448-P02,,8/27/2018,13:12,CST,,,,0.984,,,,,,,28.70,2944.00,1.50,,,,,,,,,,,,,,,,,,,,COASTAL ESTUARY SERVICES LLC,,29.21432192,-89.23440007
CRMS4448-P02,,10/17/2018,14:30,CST,,,,0.328,,,,,,,,,,,,,,,,,,,,,,,,,,,,,COASTAL ESTUARY SERVICES LLC,Clogged,29.21432192,-89.23440007
CRMS4448-P02,,10/17/2018,14:30,CST,,,,0.984,,,,,,,,,,,,,,,,,,,,,,,,,,,,,COASTAL ESTUARY SERVICES LLC,Clogged,29.21432192,-89.23440007
CRMS4448-P02,,11/20/2018,13:00,CST,,,,0.328,,,,,,,,,,,,,,,,,,,,,,,,,,,,,COASTAL ESTUARY SERVICES LLC,Clogged,29.21432192,-89.23440007
CRMS4448-P02,,11/20/2018,13:00,CST,,,,0.984,,,,,,,,,,,,,,,,,,,,,,,,,,,,,COASTAL ESTUARY SERVICES LLC,Clogged,29.21432192,-89.23440007
CRMS4448-P02,,2/13/2019,12:59,CST,,,,0.328,,,,,,,9.90,385.00,0.20,,,,,,,,,,,,,,,,,,,,COASTAL ESTUARY SERVICES LLC,,29.21432192,-89.23440007
CRMS4448-P02,,2/13/2019,12:59,CST,,,,0.984,,,,,,,,,,,,,,,,,,,,,,,,,,,,,COASTAL ESTUARY SERVICES LLC,Clogged at 30 cm,29.21432192,-89.23440007
CRMS4448-P02,,4/2/2019,14:43,CST,,,,0.328,,,,,,,16.30,1062.00,0.50,,,,,,,,,,,,,,,,,,,,COASTAL ESTUARY SERVICES LLC,,29.21432192,-89.23440007
CRMS4448-P02,,4/2/2019,14:43,CST,,,,0.984,,,,,,,,,,,,,,,,,,,,,,,,,,,,,COASTAL ESTUARY SERVICES LLC,Clogged at 30 cm,29.21432192,-89.23440007
CRMS4448-P02,,7/17/2019,14:15,CST,2.60,GEOID12A,,0.328,,,,,,,,,,,,,,,,,,,,,,,,,,,,,COASTAL ESTUARY SERVICES LLC,clogged,29.21432192,-89.23440007
CRMS4448-P02,,7/17/2019,14:15,CST,2.60,GEOID12A,,0.984,,,,,,,,,,,,,,,,,,,,,,,,,,,,,COASTAL ESTUARY SERVICES LLC,clogged,29.21432192,-89.23440007
CRMS4448-P02,,9/4/2019,11:35,CST,,,,0.328,,,,,,,31.90,2360.00,1.20,,,,,,,,,,,,,,,,,,,,COASTAL ESTUARY SERVICES LLC,,29.21432192,-89.23440007
CRMS4448-P02,,9/4/2019,11:35,CST,,,,0.984,,,,,,,,,,,,,,,,,,,,,,,,,,,,,COASTAL ESTUARY SERVICES LLC,clogged,29.21432192,-89.23440007
CRMS4448-P02,,10/8/2019,11:15,CST,,,,0.328,,,,,,,27.00,2254.00,1.10,,,,,,,,,,,,,,,,,,,,COASTAL ESTUARY SERVICES LLC,,29.21432192,-89.23440007
CRMS4448-P02,,10/8/2019,11:15,CST,,,,0.984,,,,,,,,,,,,,,,,,,,,,,,,,,,,,COASTAL ESTUARY SERVICES LLC,clogged,29.21432192,-89.23440007
CRMS4448-P02,,3/5/2020,10:35,CST,1.94,GEOID12A,,0.328,,,,,,,,,,,,,,,,,,,,,,,,,,,,,COASTAL ESTUARY SERVICES LLC,clogged; Water depth on marsh: 1 ft,29.21432192,-89.23440007
CRMS4448-P02,,3/5/2020,10:35,CST,1.94,GEOID12A,,0.984,,,,,,,,,,,,,,,,,,,,,,,,,,,,,COASTAL ESTUARY SERVICES LLC,clogged; Water depth on marsh: 1 ft,29.21432192,-89.23440007
CRMS4448-P02,,5/5/2020,14:19,CST,1.90,GEOID12A,,0.328,,,,,,,25.20,1650.00,0.80,,,,,,,,,,,,,,,,,,,,COASTAL ESTUARY SERVICES LLC,Water depth on marsh: 1.3 ft,29.21432192,-89.23440007
CRMS4448-P02,,5/5/2020,14:19,CST,1.90,GEOID12A,,0.984,,,,,,,28.00,1889.00,0.90,,,,,,,,,,,,,,,,,,,,COASTAL ESTUARY SERVICES LLC,Water depth on marsh: 1.3 ft,29.21432192,-89.23440007
CRMS4448-P02,,6/17/2020,12:30,CST,2.29,GEOID12A,,0.328,,,,,,,0.00,0.00,0.00,,,,,,,,,,,,,,,,,,,,COASTAL ESTUARY SERVICES LLC,clogged,29.21432192,-89.23440007
CRMS4448-P02,,6/17/2020,12:30,CST,2.29,GEOID12A,,0.924,,,,,,,0.00,0.00,0.00,,,,,,,,,,,,,,,,,,,,COASTAL ESTUARY SERVICES LLC,clogged,29.21432192,-89.23440007
CRMS4448-P02,,8/4/2020,11:25,CST,1.37,GEOID12A,,0.328,,,,,,,,,,,,,,,,,,,,,,,,,,,,,COASTAL ESTUARY SERVICES LLC,clogged ; Water depth on marsh: 0.8 ft,29.21432192,-89.23440007
CRMS4448-P02,,8/4/2020,11:25,CST,1.37,GEOID12A,,0.984,,,,,,,,,,,,,,,,,,,,,,,,,,,,,COASTAL ESTUARY SERVICES LLC,clogged ; Water depth on marsh: 0.8 ft,29.21432192,-89.23440007
CRMS4448-P02,,9/30/2020,16:10,CST,1.38,GEOID12A,,0.328,,,,,,,25.40,3358.00,1.80,,,,,,,,,,,,,,,,,,,,COASTAL ESTUARY SERVICES LLC,Water depth on marsh: 1.8 ft,29.21432192,-89.23440007
CRMS4448-P02,,9/30/2020,16:10,CST,1.38,GEOID12A,,0.984,,,,,,,25.60,2744.00,1.40,,,,,,,,,,,,,,,,,,,,COASTAL ESTUARY SERVICES LLC,Water depth on marsh: 1.8 ft,29.21432192,-89.23440007
CRMS4448-P02,,11/3/2020,14:45,CST,0.71,GEOID12A,,0.328,,,,,,,,,,,,,,,,,,,,,,,,,,,,,COASTAL ESTUARY SERVICES LLC,Clogged.,29.21432192,-89.23440007
CRMS4448-P02,,11/3/2020,14:45,CST,0.71,GEOID12A,,0.984,,,,,,,,,,,,,,,,,,,,,,,,,,,,,COASTAL ESTUARY SERVICES LLC,Clogged.,29.21432192,-89.23440007
CRMS4448-P02,,3/30/2021,12:55,CST,1.80,GEOID12A,,0.328,,,,,,,,,,,,,,,,,,,,,,,,,,,,,COASTAL ESTUARY SERVICES LLC,clogged; Water depth on marsh: 1.2 ft,29.21432192,-89.23440007
CRMS4448-P02,,3/30/2021,12:55,CST,1.80,GEOID12A,,0.984,,,,,,,,,,,,,,,,,,,,,,,,,,,,,COASTAL ESTUARY SERVICES LLC,clogged; Water depth on marsh: 1.2 ft,29.21432192,-89.23440007
CRMS4448-P02,,6/8/2021,14:33,CST,1.60,GEOID12A,,0.328,,,,,,,,,,,,,,,,,,,,,,,,,,,,,COASTAL ESTUARY SERVICES LLC,Water Level: 1.2 ft Above Marsh; clogged,29.21432192,-89.23440007
CRMS4448-P02,,6/8/2021,14:33,CST,1.60,GEOID12A,,0.984,,,,,,,28.30,2836.00,1.50,,,,,,,,,,,,,,,,,,,,COASTAL ESTUARY SERVICES LLC,Water Level: 1.2 ft Above Marsh; ,29.21432192,-89.23440007
CRMS4448-P03,,8/20/2008,08:42,CST,,,,,,,,,,,,,,,,,,,,,,,,,,,,,,,,,COASTAL ESTUARY SERVICES LLC,,29.21432192,-89.23440007
CRMS4448-P03,,1/29/2009,09:25,CST,,,,,,,,,,,,,,,,,,,,,,,,,,,,,,,,,COASTAL ESTUARY SERVICES LLC,,29.21432192,-89.23440007
CRMS4448-P03,,5/27/2009,12:42,CST,,,,,,,,,,,,,,,,,,,,,,,,,,,,,,,,,COASTAL ESTUARY SERVICES LLC,,29.21432192,-89.23440007
CRMS4448-P03,,6/24/2009,12:50,CST,,,,,,,,,,,,,,,,,,,,,,,,,,,,,,,,,COASTAL ESTUARY SERVICES LLC,,29.21432192,-89.23440007
CRMS4448-P03,,8/13/2009,08:54,CST,,,,0.328,,,,,,,28.90,874.00,0.40,,,,,,,,,,,,,,,,,,,,COASTAL ESTUARY SERVICES LLC,,29.21432192,-89.23440007
CRMS4448-P03,,8/13/2009,08:54,CST,,,,0.984,,,,,,,28.30,2148.00,1.10,,,,,,,,,,,,,,,,,,,,COASTAL ESTUARY SERVICES LLC,,29.21432192,-89.23440007
CRMS4448-P03,,3/17/2010,13:20,CST,,,,,,,,,,,,,,,,,,,,,,,,,,,,,,,,,COASTAL ESTUARY SERVICES LLC,,29.21432192,-89.23440007
CRMS4448-P03,,4/28/2010,10:35,CST,,,,,,,,,,,,,,,,,,,,,,,,,,,,,,,,,COASTAL ESTUARY SERVICES LLC,,29.21432192,-89.23440007
CRMS4448-P03,,5/19/2010,08:00,CST,,,,0.328,,,,,,,24.90,1509.00,0.80,,,,,,,,,,,,,,,,,,,,COASTAL ESTUARY SERVICES LLC,,29.21432192,-89.23440007
CRMS4448-P03,,6/24/2010,10:50,CST,,,,,,,,,,,,,,,,,,,,,,,,,,,,,,,,,COASTAL ESTUARY SERVICES LLC,,29.21432192,-89.23440007
CRMS4448-P03,,7/14/2010,12:45,CST,,,,0.328,,,,,,,30.70,485.00,0.20,,,,,,,,,,,,,,,,,,,,COASTAL ESTUARY SERVICES LLC,,29.21432192,-89.23440007
CRMS4448-P03,,12/9/2010,14:40,CST,,,,0.328,,,,,,,12.10,2334.00,1.20,,,,,,,,,,,,,,,,,,,,COASTAL ESTUARY SERVICES LLC,,29.21432192,-89.23440007
CRMS4448-P03,,2/22/2011,12:09,CST,,,,0.328,,,,,,,20.90,2090.00,1.10,,,,,,,,,,,,,,,,,,,,COASTAL ESTUARY SERVICES LLC,,29.21432192,-89.23440007
CRMS4448-P03,,3/23/2011,11:33,CST,,,,,,,,,,,,,,,,,,,,,,,,,,,,,,,,,COASTAL ESTUARY SERVICES LLC,,29.21432192,-89.23440007
CRMS4448-P03,,4/19/2011,14:15,CST,,,,,,,,,,,,,,,,,,,,,,,,,,,,,,,,,COASTAL ESTUARY SERVICES LLC,,29.21432192,-89.23440007
CRMS4448-P03,,6/21/2011,08:32,CST,,,,0.328,,,,,,,28.63,2011.00,1.03,,,,,,,,,,,,,,,,,,,,COASTAL ESTUARY SERVICES LLC,,29.21432192,-89.23440007
CRMS4448-P03,,6/21/2011,08:32,CST,,,,0.984,,,,,,,28.09,2533.00,1.33,,,,,,,,,,,,,,,,,,,,COASTAL ESTUARY SERVICES LLC,,29.21432192,-89.23440007
CRMS4448-P03,,7/19/2011,10:27,CST,,,,,,,,,,,,,,,,,,,,,,,,,,,,,,,,,COASTAL ESTUARY SERVICES LLC,,29.21432192,-89.23440007
CRMS4448-P03,,11/2/2011,14:32,CST,,,,0.328,,,,,,,22.80,2395.00,1.20,,,,,,,,,,,,,,,,,,,,COASTAL ESTUARY SERVICES LLC,,29.21432192,-89.23440007
CRMS4448-P03,,1/25/2012,12:45,CST,,,,,,,,,,,,,,,,,,,,,,,,,,,,,,,,,COASTAL ESTUARY SERVICES LLC,,29.21432192,-89.23440007
CRMS4448-P03,,3/27/2012,12:37,CST,,,,,,,,,,,,,,,,,,,,,,,,,,,,,,,,,COASTAL ESTUARY SERVICES LLC,,29.21432192,-89.23440007
CRMS4448-P03,,4/23/2012,13:50,CST,,,,0.328,,,,,,,20.80,1168.00,0.60,,,,,,,,,,,,,,,,,,,,COASTAL ESTUARY SERVICES LLC,,29.21432192,-89.23440007
CRMS4448-P03,,4/23/2012,13:50,CST,,,,0.984,,,,,,,19.60,2774.00,1.40,,,,,,,,,,,,,,,,,,,,COASTAL ESTUARY SERVICES LLC,,29.21432192,-89.23440007
CRMS4448-P03,,5/22/2012,10:30,CST,,,,,,,,,,,,,,,,,,,,,,,,,,,,,,,,,COASTAL ESTUARY SERVICES LLC,,29.21432192,-89.23440007
CRMS4448-P03,,7/24/2012,14:30,CST,,,,,,,,,,,,,,,,,,,,,,,,,,,,,,,,,COASTAL ESTUARY SERVICES LLC,,29.21432192,-89.23440007
CRMS4448-P03,,10/9/2012,12:10,CST,,,,,,,,,,,,,,,,,,,,,,,,,,,,,,,,,COASTAL ESTUARY SERVICES LLC,,29.21432192,-89.23440007
CRMS4448-P03,,3/19/2013,08:54,CST,,,,,,,,,,,,,,,,,,,,,,,,,,,,,,,,,COASTAL ESTUARY SERVICES LLC,10cm and 30cm readings colgged,29.21432192,-89.23440007
CRMS4448-P03,,5/21/2013,10:00,CST,,,,,,,,,,,,,,,,,,,,,,,,,,,,,,,,,COASTAL ESTUARY SERVICES LLC,10 cm and 30 cm clogged,29.21432192,-89.23440007
CRMS4448-P03,,6/18/2013,10:45,CST,,,,0.328,,,,,,,30.50,633.00,0.30,,,,,,,,,,,,,,,,,,,,COASTAL ESTUARY SERVICES LLC,,29.21432192,-89.23440007
CRMS4448-P03,,6/18/2013,10:45,CST,,,,0.984,,,,,,,27.30,3226.00,1.80,,,,,,,,,,,,,,,,,,,,COASTAL ESTUARY SERVICES LLC,,29.21432192,-89.23440007
CRMS4448-P03,,7/16/2013,10:10,CST,,,,0.328,,,,,,,29.30,986.00,0.50,,,,,,,,,,,,,,,,,,,,COASTAL ESTUARY SERVICES LLC,30cm clogged.,29.21432192,-89.23440007
CRMS4448-P03,,10/29/2013,10:00,CST,,,,,,,,,,,,,,,,,,,,,,,,,,,,,,,,,COASTAL ESTUARY SERVICES LLC,10 & 30 cm readings are clogging,29.21432192,-89.23440007
CRMS4448-P03,,1/22/2014,09:45,CST,,,,0.328,,,,,,,11.10,3975.00,2.10,,,,,,,,,,,,,,,,,,,,COASTAL ESTUARY SERVICES LLC,,29.21432192,-89.23440007
CRMS4448-P03,,1/22/2014,09:45,CST,,,,0.984,,,,,,,11.60,4957.00,2.80,,,,,,,,,,,,,,,,,,,,COASTAL ESTUARY SERVICES LLC,,29.21432192,-89.23440007
CRMS4448-P03,,5/20/2014,08:30,CST,,,,,,,,,,,,,,,,,,,,,,,,,,,,,,,,,COASTAL ESTUARY SERVICES LLC,Clogged at 10cm and 30cm readings,29.21432192,-89.23440007
CRMS4448-P03,,7/16/2014,11:15,CST,,,,,,,,,,,,,,,,,,,,,,,,,,,,,,,,,COASTAL ESTUARY SERVICES LLC,Clogged @30 cm and 10 cm,29.21432192,-89.23440007
CRMS4448-P03,,10/7/2014,11:40,CST,,,,,,,,,,,,,,,,,,,,,,,,,,,,,,,,,COASTAL ESTUARY SERVICES LLC,clogged at 30 cm and 10 cm,29.21432192,-89.23440007
CRMS4448-P03,,7/7/2015,11:20,CST,,,,0.984,,,,,,,30.40,1942.00,1.00,,,,,,,,,,,,,,,,,,,,COASTAL ESTUARY SERVICES LLC,clogged at 10 cm,29.21432192,-89.23440007
CRMS4448-P03,,10/8/2015,10:00,CST,,,,,,,,,,,,,,,,,,,,,,,,,,,,,,,,,COASTAL ESTUARY SERVICES LLC,10 cm and 30 cm clogged,29.21432192,-89.23440007
CRMS4448-P03,,8/9/2016,10:00,CST,,,,,,,,,,,,,,,,,,,,,,,,,,,,,,,,,COASTAL ESTUARY SERVICES LLC,"Water too deep for measurements, approximately 1.5 ft deep",29.21432192,-89.23440007
CRMS4448-P03,,1/24/2017,14:09,CST,,,,0.328,,,,,,,15.80,1721.00,0.90,,,,,,,,,,,,,,,,,,,,COASTAL ESTUARY SERVICES LLC,,29.21432192,-89.23440007
CRMS4448-P03,,1/24/2017,14:09,CST,,,,0.984,,,,,,,15.50,1761.00,0.90,,,,,,,,,,,,,,,,,,,,COASTAL ESTUARY SERVICES LLC,,29.21432192,-89.23440007
CRMS4448-P03,,3/14/2017,16:20,CST,,,,0.328,,,,,,,,,,,,,,,,,,,,,,,,,,,,,COASTAL ESTUARY SERVICES LLC,clogged,29.21432192,-89.23440007
CRMS4448-P03,,3/14/2017,16:20,CST,,,,0.984,,,,,,,,,,,,,,,,,,,,,,,,,,,,,COASTAL ESTUARY SERVICES LLC,clogged,29.21432192,-89.23440007
CRMS4448-P03,,6/26/2017,12:30,CST,,,,0.328,,,,,,,,,,,,,,,,,,,,,,,,,,,,,COASTAL ESTUARY SERVICES LLC,clogged at 10 cm,29.21432192,-89.23440007
CRMS4448-P03,,6/26/2017,12:30,CST,,,,0.984,,,,,,,,,,,,,,,,,,,,,,,,,,,,,COASTAL ESTUARY SERVICES LLC,clogged @ 30 cm,29.21432192,-89.23440007
CRMS4448-P03,,7/19/2017,16:00,CST,,,,0.328,,,,,,,29.90,470.00,0.20,,,,,,,,,,,,,,,,,,,,COASTAL ESTUARY SERVICES LLC,,29.21432192,-89.23440007
CRMS4448-P03,,7/19/2017,16:00,CST,,,,0.984,,,,,,,29.10,660.00,0.30,,,,,,,,,,,,,,,,,,,,COASTAL ESTUARY SERVICES LLC,,29.21432192,-89.23440007
CRMS4448-P03,,8/23/2017,14:50,CST,,,,0.328,,,,,,,,,,,,,,,,,,,,,,,,,,,,,COASTAL ESTUARY SERVICES LLC,Clogged,29.21432192,-89.23440007
CRMS4448-P03,,8/23/2017,14:50,CST,,,,0.984,,,,,,,,,,,,,,,,,,,,,,,,,,,,,COASTAL ESTUARY SERVICES LLC,Clogged,29.21432192,-89.23440007
CRMS4448-P03,,10/11/2017,15:20,CST,,,,0.328,,,,,,,,,,,,,,,,,,,,,,,,,,,,,COASTAL ESTUARY SERVICES LLC,Clogged at 10cm,29.21432192,-89.23440007
CRMS4448-P03,,10/11/2017,15:20,CST,,,,0.984,,,,,,,,,,,,,,,,,,,,,,,,,,,,,COASTAL ESTUARY SERVICES LLC,Clogged at 30cm,29.21432192,-89.23440007
CRMS4448-P03,,2/5/2018,14:35,CST,,,,0.328,,,,,,,11.90,1839.00,0.90,,,,,,,,,,,,,,,,,,,,COASTAL ESTUARY SERVICES LLC,,29.21432192,-89.23440007
CRMS4448-P03,,2/5/2018,14:35,CST,,,,0.984,,,,,,,12.40,2189.00,1.10,,,,,,,,,,,,,,,,,,,,COASTAL ESTUARY SERVICES LLC,,29.21432192,-89.23440007
CRMS4448-P03,,3/8/2018,13:25,CST,,,,0.328,,,,,,,,,,,,,,,,,,,,,,,,,,,,,COASTAL ESTUARY SERVICES LLC,Sipper clogged,29.21432192,-89.23440007
CRMS4448-P03,,3/8/2018,13:25,CST,,,,0.984,,,,,,,,,,,,,,,,,,,,,,,,,,,,,COASTAL ESTUARY SERVICES LLC,Sipper clogged,29.21432192,-89.23440007
CRMS4448-P03,,4/30/2018,12:25,CST,,,,0.328,,,,,,,,,,,,,,,,,,,,,,,,,,,,,COASTAL ESTUARY SERVICES LLC,clogged,29.21432192,-89.23440007
CRMS4448-P03,,4/30/2018,12:25,CST,,,,0.984,,,,,,,,,,,,,,,,,,,,,,,,,,,,,COASTAL ESTUARY SERVICES LLC,clogged,29.21432192,-89.23440007
CRMS4448-P03,,6/5/2018,10:15,CST,,,,0.328,,,,,,,,,,,,,,,,,,,,,,,,,,,,,COASTAL ESTUARY SERVICES LLC,Clogged at 10cm,29.21432192,-89.23440007
CRMS4448-P03,,6/5/2018,10:15,CST,,,,0.984,,,,,,,,,,,,,,,,,,,,,,,,,,,,,COASTAL ESTUARY SERVICES LLC,Clogged at 30cm,29.21432192,-89.23440007
CRMS4448-P03,,7/25/2018,10:20,CST,,,,0.328,,,,,,,,,,,,,,,,,,,,,,,,,,,,,COASTAL ESTUARY SERVICES LLC,Depth of water on marsh = 1.5ft. Clogged at 10cm.,29.21432192,-89.23440007
CRMS4448-P03,,7/25/2018,10:20,CST,,,,0.984,,,,,,,29.10,3844.00,2.00,,,,,,,,,,,,,,,,,,,,COASTAL ESTUARY SERVICES LLC,Depth of water on marsh = 1.5ft,29.21432192,-89.23440007
CRMS4448-P03,,8/27/2018,13:13,CST,,,,0.328,,,,,,,29.20,2344.00,1.20,,,,,,,,,,,,,,,,,,,,COASTAL ESTUARY SERVICES LLC,,29.21432192,-89.23440007
CRMS4448-P03,,8/27/2018,13:13,CST,,,,0.984,,,,,,,28.70,2870.00,1.50,,,,,,,,,,,,,,,,,,,,COASTAL ESTUARY SERVICES LLC,,29.21432192,-89.23440007
CRMS4448-P03,,10/17/2018,14:30,CST,,,,0.328,,,,,,,,,,,,,,,,,,,,,,,,,,,,,COASTAL ESTUARY SERVICES LLC,Clogged,29.21432192,-89.23440007
CRMS4448-P03,,10/17/2018,14:30,CST,,,,0.984,,,,,,,,,,,,,,,,,,,,,,,,,,,,,COASTAL ESTUARY SERVICES LLC,Clogged,29.21432192,-89.23440007
CRMS4448-P03,,11/20/2018,13:00,CST,,,,0.328,,,,,,,,,,,,,,,,,,,,,,,,,,,,,COASTAL ESTUARY SERVICES LLC,Clogged,29.21432192,-89.23440007
CRMS4448-P03,,11/20/2018,13:00,CST,,,,0.984,,,,,,,,,,,,,,,,,,,,,,,,,,,,,COASTAL ESTUARY SERVICES LLC,Clogged,29.21432192,-89.23440007
CRMS4448-P03,,2/13/2019,13:00,CST,,,,0.328,,,,,,,9.70,355.00,0.20,,,,,,,,,,,,,,,,,,,,COASTAL ESTUARY SERVICES LLC,,29.21432192,-89.23440007
CRMS4448-P03,,2/13/2019,13:00,CST,,,,0.984,,,,,,,,,,,,,,,,,,,,,,,,,,,,,COASTAL ESTUARY SERVICES LLC,Clogged at 30 cm,29.21432192,-89.23440007
CRMS4448-P03,,4/2/2019,14:43,CST,,,,0.328,,,,,,,16.40,634.00,0.30,,,,,,,,,,,,,,,,,,,,COASTAL ESTUARY SERVICES LLC,,29.21432192,-89.23440007
CRMS4448-P03,,4/2/2019,14:43,CST,,,,0.984,,,,,,,,,,,,,,,,,,,,,,,,,,,,,COASTAL ESTUARY SERVICES LLC,Clogged at 30 cm,29.21432192,-89.23440007
CRMS4448-P03,,7/17/2019,14:15,CST,2.60,GEOID12A,,0.328,,,,,,,,,,,,,,,,,,,,,,,,,,,,,COASTAL ESTUARY SERVICES LLC,clogged,29.21432192,-89.23440007
CRMS4448-P03,,7/17/2019,14:15,CST,2.60,GEOID12A,,0.984,,,,,,,,,,,,,,,,,,,,,,,,,,,,,COASTAL ESTUARY SERVICES LLC,clogged,29.21432192,-89.23440007
CRMS4448-P03,,9/4/2019,11:35,CST,,,,0.328,,,,,,,31.30,2051.00,1.00,,,,,,,,,,,,,,,,,,,,COASTAL ESTUARY SERVICES LLC,,29.21432192,-89.23440007
CRMS4448-P03,,9/4/2019,11:35,CST,,,,0.984,,,,,,,,,,,,,,,,,,,,,,,,,,,,,COASTAL ESTUARY SERVICES LLC,clogged,29.21432192,-89.23440007
CRMS4448-P03,,10/8/2019,11:15,CST,,,,0.328,,,,,,,26.80,2278.00,1.20,,,,,,,,,,,,,,,,,,,,COASTAL ESTUARY SERVICES LLC,,29.21432192,-89.23440007
CRMS4448-P03,,10/8/2019,11:15,CST,,,,0.984,,,,,,,,,,,,,,,,,,,,,,,,,,,,,COASTAL ESTUARY SERVICES LLC,clogged,29.21432192,-89.23440007
CRMS4448-P03,,3/5/2020,10:35,CST,1.94,GEOID12A,,0.328,,,,,,,,,,,,,,,,,,,,,,,,,,,,,COASTAL ESTUARY SERVICES LLC,clogged; Water depth on marsh: 1 ft,29.21432192,-89.23440007
CRMS4448-P03,,3/5/2020,10:35,CST,1.94,GEOID12A,,0.984,,,,,,,,,,,,,,,,,,,,,,,,,,,,,COASTAL ESTUARY SERVICES LLC,clogged; Water depth on marsh: 1 ft,29.21432192,-89.23440007
CRMS4448-P03,,5/5/2020,14:19,CST,1.90,GEOID12A,,0.328,,,,,,,25.15,1777.00,0.80,,,,,,,,,,,,,,,,,,,,COASTAL ESTUARY SERVICES LLC,Water depth on marsh: 1.3 ft,29.21432192,-89.23440007
CRMS4448-P03,,5/5/2020,14:19,CST,1.90,GEOID12A,,0.984,,,,,,,29.00,1990.00,0.90,,,,,,,,,,,,,,,,,,,,COASTAL ESTUARY SERVICES LLC,Water depth on marsh: 1.3 ft,29.21432192,-89.23440007
CRMS4448-P03,,6/17/2020,12:30,CST,2.29,GEOID12A,,0.328,,,,,,,0.00,0.00,0.00,,,,,,,,,,,,,,,,,,,,COASTAL ESTUARY SERVICES LLC,clogged,29.21432192,-89.23440007
CRMS4448-P03,,6/17/2020,12:30,CST,2.29,GEOID12A,,0.924,,,,,,,0.00,0.00,0.00,,,,,,,,,,,,,,,,,,,,COASTAL ESTUARY SERVICES LLC,clogged,29.21432192,-89.23440007
CRMS4448-P03,,8/4/2020,11:25,CST,1.37,GEOID12A,,0.328,,,,,,,,,,,,,,,,,,,,,,,,,,,,,COASTAL ESTUARY SERVICES LLC,clogged ; Water depth on marsh: 0.8 ft,29.21432192,-89.23440007
CRMS4448-P03,,8/4/2020,11:25,CST,1.37,GEOID12A,,0.984,,,,,,,,,,,,,,,,,,,,,,,,,,,,,COASTAL ESTUARY SERVICES LLC,clogged ; Water depth on marsh: 0.8 ft,29.21432192,-89.23440007
CRMS4448-P03,,9/30/2020,16:10,CST,1.38,GEOID12A,,0.328,,,,,,,24.30,3786.00,2.00,,,,,,,,,,,,,,,,,,,,COASTAL ESTUARY SERVICES LLC,Water depth on marsh: 1.8 ft,29.21432192,-89.23440007
CRMS4448-P03,,9/30/2020,16:10,CST,1.38,GEOID12A,,0.984,,,,,,,24.40,2109.00,1.00,,,,,,,,,,,,,,,,,,,,COASTAL ESTUARY SERVICES LLC,Water depth on marsh: 1.8 ft,29.21432192,-89.23440007
CRMS4448-P03,,11/3/2020,14:45,CST,0.71,GEOID12A,,0.328,,,,,,,,,,,,,,,,,,,,,,,,,,,,,COASTAL ESTUARY SERVICES LLC,Clogged.,29.21432192,-89.23440007
CRMS4448-P03,,11/3/2020,14:45,CST,0.71,GEOID12A,,0.984,,,,,,,,,,,,,,,,,,,,,,,,,,,,,COASTAL ESTUARY SERVICES LLC,Clogged.,29.21432192,-89.23440007
CRMS4448-P03,,3/30/2021,12:55,CST,1.80,GEOID12A,,0.328,,,,,,,,,,,,,,,,,,,,,,,,,,,,,COASTAL ESTUARY SERVICES LLC,clogged; Water depth on marsh: 1.2 ft,29.21432192,-89.23440007
CRMS4448-P03,,3/30/2021,12:55,CST,1.80,GEOID12A,,0.984,,,,,,,,,,,,,,,,,,,,,,,,,,,,,COASTAL ESTUARY SERVICES LLC,clogged; Water depth on marsh: 1.2 ft,29.21432192,-89.23440007
CRMS4448-P03,,6/8/2021,14:33,CST,1.60,GEOID12A,,0.328,,,,,,,,,,,,,,,,,,,,,,,,,,,,,COASTAL ESTUARY SERVICES LLC,Water Level: 1.2 ft Above Marsh; clogged,29.21432192,-89.23440007
CRMS4448-P03,,6/8/2021,14:33,CST,1.60,GEOID12A,,0.984,,,,,,,27.30,2882.00,1.50,,,,,,,,,,,,,,,,,,,,COASTAL ESTUARY SERVICES LLC,Water Level: 1.2 ft Above Marsh; ,29.21432192,-89.23440007
CRMS4448-P04,,1/7/2020,12:15,CST,0.60,GEOID12A,,0.328,,,,,,,16.70,1217.00,0.60,,,,,,,,,,,,,,,,,,,,COASTAL ESTUARY SERVICES LLC,Marsh Not Flooded,29.21346848,-89.23354755
CRMS4448-P04,,1/7/2020,12:15,CST,0.60,GEOID12A,,0.984,,,,,,,20.40,994.00,0.50,,,,,,,,,,,,,,,,,,,,COASTAL ESTUARY SERVICES LLC,Marsh Not Flooded,29.21346848,-89.23354755
CRMS4448-P04,,12/8/2020,12:30,CST,0.33,GEOID12A,,0.328,,,,,,,,,,,,,,,,,,,,,,,,,,,,,COASTAL ESTUARY SERVICES LLC,dry; Marsh Not Flooded,29.21346848,-89.23354755
CRMS4448-P04,,12/8/2020,12:30,CST,0.33,GEOID12A,,0.984,,,,,,,,,,,,,,,,,,,,,,,,,,,,,COASTAL ESTUARY SERVICES LLC,clogged; Marsh Not Flooded,29.21346848,-89.23354755
CRMS4448-P05,,1/7/2020,12:15,CST,0.60,GEOID12A,,0.328,,,,,,,17.70,1223.00,0.60,,,,,,,,,,,,,,,,,,,,COASTAL ESTUARY SERVICES LLC,Marsh Not Flooded,29.21346848,-89.23354755
CRMS4448-P05,,1/7/2020,12:15,CST,0.60,GEOID12A,,0.984,,,,,,,16.80,1448.00,0.70,,,,,,,,,,,,,,,,,,,,COASTAL ESTUARY SERVICES LLC,Marsh Not Flooded,29.21346848,-89.23354755
CRMS4448-P05,,12/8/2020,12:30,CST,0.33,GEOID12A,,0.328,,,,,,,,,,,,,,,,,,,,,,,,,,,,,COASTAL ESTUARY SERVICES LLC,dry; Marsh Not Flooded,29.21346848,-89.23354755
CRMS4448-P05,,12/8/2020,12:30,CST,0.33,GEOID12A,,0.984,,,,,,,,,,,,,,,,,,,,,,,,,,,,,COASTAL ESTUARY SERVICES LLC,clogged; Marsh Not Flooded,29.21346848,-89.23354755
CRMS4448-P06,,1/7/2020,12:15,CST,0.60,GEOID12A,,0.328,,,,,,,18.70,1355.00,0.70,,,,,,,,,,,,,,,,,,,,COASTAL ESTUARY SERVICES LLC,Marsh Not Flooded,29.21346848,-89.23354755
CRMS4448-P06,,1/7/2020,12:15,CST,0.60,GEOID12A,,0.984,,,,,,,15.90,1500.00,0.80,,,,,,,,,,,,,,,,,,,,COASTAL ESTUARY SERVICES LLC,Marsh Not Flooded,29.21346848,-89.23354755
CRMS4448-P06,,12/8/2020,12:30,CST,0.33,GEOID12A,,0.328,,,,,,,,,,,,,,,,,,,,,,,,,,,,,COASTAL ESTUARY SERVICES LLC,dry; Marsh Not Flooded,29.21346848,-89.23354755
CRMS4448-P06,,12/8/2020,12:30,CST,0.33,GEOID12A,,0.984,,,,,,,,,,,,,,,,,,,,,,,,,,,,,COASTAL ESTUARY SERVICES LLC,clogged; Marsh Not Flooded,29.21346848,-89.23354755
CRMS4448-V09,,8/29/2007,10:35,CST,,,,0.984,,,,,,,31.70,3875.00,2.00,,,,,,,,,,,,,,,,,,,,COASTAL ESTUARY SERVICES LLC,,29.21479183,-89.23363974
CRMS4448-V09,,8/13/2009,08:00,CST,,,,,,,,,,,,,,,,,,,,,,,,,,,,,,,,,COASTAL ESTUARY SERVICES LLC,,29.21479183,-89.23363974
CRMS4448-V09,,6/24/2010,11:02,CST,,,,,,,,,,,,,,,,,,,,,,,,,,,,,,,,,COASTAL ESTUARY SERVICES LLC,,29.21479183,-89.23363974
CRMS4448-V09,,7/19/2011,12:00,CST,,,,,,,,,,,,,,,,,,,,,,,,,,,,,,,,,COASTAL ESTUARY SERVICES LLC,,29.21479183,-89.23363974
CRMS4448-V09,,7/16/2014,11:45,CST,,,,,,,,,,,,,,,,,,,,,,,,,,,,,,,,,COASTAL ESTUARY SERVICES LLC,plot inaccessible due to Phragmites australis; porewater not taken,29.21479183,-89.23363974
CRMS4448-V09,,7/7/2015,12:20,CST,,,,,,,,,,,,,,,,,,,,,,,,,,,,,,,,,COASTAL ESTUARY SERVICES LLC,plot inaccessible due to Phragmites australis; porewater not taken,29.21479183,-89.23363974
CRMS4448-V09,,8/9/2016,10:21,CST,,,,,,,,,,,,,,,,,,,,,,,,,,,,,,,,,COASTAL ESTUARY SERVICES LLC,"Water too deep for measurements, approximately 1.5 ft deep",29.21479183,-89.23363974
CRMS4448-V09,,7/19/2017,14:15,CST,,,,0.328,,,,,,,30.00,580.00,0.30,,,,,,,,,,,,,,,,,,,,COASTAL ESTUARY SERVICES LLC,,29.21479183,-89.23363974
CRMS4448-V09,,7/19/2017,14:15,CST,,,,0.984,,,,,,,28.50,616.00,0.30,,,,,,,,,,,,,,,,,,,,COASTAL ESTUARY SERVICES LLC,,29.21479183,-89.23363974
CRMS4448-V09,,7/25/2018,11:12,CST,,,,0.328,,,,,,,30.00,1175.00,0.60,,,,,,,,,,,,,,,,,,,,COASTAL ESTUARY SERVICES LLC,Depth of water on marsh = 1.4 ft,29.21479183,-89.23363974
CRMS4448-V09,,7/25/2018,11:12,CST,,,,0.984,,,,,,,28.80,2602.00,1.30,,,,,,,,,,,,,,,,,,,,COASTAL ESTUARY SERVICES LLC,Depth of water on marsh = 1.4 ft,29.21479183,-89.23363974
CRMS4448-V09,,7/17/2019,15:29,CST,2.60,GEOID12A,,0.328,,,,,,,,,,,,,,,,,,,,,,,,,,,,,COASTAL ESTUARY SERVICES LLC,clogged,29.21479183,-89.23363974
CRMS4448-V09,,7/17/2019,15:29,CST,2.60,GEOID12A,,0.984,,,,,,,,,,,,,,,,,,,,,,,,,,,,,COASTAL ESTUARY SERVICES LLC,clogged,29.21479183,-89.23363974
CRMS4448-V09,,6/17/2020,13:00,CST,2.29,GEOID12A,1.80,0.500,28.50,327.00,0.10,,,,,,,,,,,,,,,,,,,,,,,,,,COASTAL ESTUARY SERVICES LLC,,29.21479183,-89.23363974
CRMS4448-V09,,6/17/2020,13:00,CST,2.29,GEOID12A,1.80,1.300,28.70,353.00,0.20,,,,,,,,,,,,,,,,,,,,,,,,,,COASTAL ESTUARY SERVICES LLC,,29.21479183,-89.23363974
CRMS4448-V09,,6/8/2021,14:24,CST,1.60,GEOID12A,,0.328,,,,,,,,,,,,,,,,,,,,,,,,,,,,,COASTAL ESTUARY SERVICES LLC,Water Level: 1 ft Above Marsh; Clogged,29.21479183,-89.23363974
CRMS4448-V09,,6/8/2021,14:24,CST,1.60,GEOID12A,,0.984,,,,,,,,,,,,,,,,,,,,,,,,,,,,,COASTAL ESTUARY SERVICES LLC,Water Level: 1 ft Above Marsh; Clogged,29.21479183,-89.23363974
CRMS4448-V11,,8/20/2008,09:13,CST,,,,,,,,,,,,,,,,,,,,,,,,,,,,,,,,,COASTAL ESTUARY SERVICES LLC,,29.21475478,-89.23368477
CRMS4448-V11,,8/13/2009,08:02,CST,,,,0.328,,,,,,,29.10,1115.00,0.60,,,,,,,,,,,,,,,,,,,,COASTAL ESTUARY SERVICES LLC,,29.21475478,-89.23368477
CRMS4448-V11,,8/13/2009,08:02,CST,,,,0.984,,,,,,,29.50,2680.00,1.30,,,,,,,,,,,,,,,,,,,,COASTAL ESTUARY SERVICES LLC,,29.21475478,-89.23368477
CRMS4448-V11,,6/24/2010,11:15,CST,,,,,,,,,,,,,,,,,,,,,,,,,,,,,,,,,COASTAL ESTUARY SERVICES LLC,,29.21475478,-89.23368477
CRMS4448-V11,,7/19/2011,11:53,CST,,,,,,,,,,,,,,,,,,,,,,,,,,,,,,,,,COASTAL ESTUARY SERVICES LLC,,29.21475478,-89.23368477
CRMS4448-V11,,7/16/2014,11:45,CST,,,,,,,,,,,,,,,,,,,,,,,,,,,,,,,,,COASTAL ESTUARY SERVICES LLC,plot inaccessible due to Phragmites australis; porewater not taken,29.21475478,-89.23368477
CRMS4448-V11,,7/7/2015,12:20,CST,,,,,,,,,,,,,,,,,,,,,,,,,,,,,,,,,COASTAL ESTUARY SERVICES LLC,plot inaccessible due to Phragmites australis; porewater not taken,29.21475478,-89.23368477
CRMS4448-V11,,8/9/2016,10:21,CST,,,,,,,,,,,,,,,,,,,,,,,,,,,,,,,,,COASTAL ESTUARY SERVICES LLC,"Water too deep for measurements, approximately 1.5 ft deep",29.21475478,-89.23368477
CRMS4448-V11,,7/19/2017,14:05,CST,,,,0.328,,,,,,,30.90,510.00,0.20,,,,,,,,,,,,,,,,,,,,COASTAL ESTUARY SERVICES LLC,,29.21475478,-89.23368477
CRMS4448-V11,,7/19/2017,14:05,CST,,,,0.984,,,,,,,29.50,412.00,0.20,,,,,,,,,,,,,,,,,,,,COASTAL ESTUARY SERVICES LLC,,29.21475478,-89.23368477
CRMS4448-V11,,7/25/2018,11:05,CST,,,,0.328,,,,,,,29.50,1428.00,0.70,,,,,,,,,,,,,,,,,,,,COASTAL ESTUARY SERVICES LLC,Depth of water on marsh = 1.7ft,29.21475478,-89.23368477
CRMS4448-V11,,7/25/2018,11:05,CST,,,,0.984,,,,,,,29.70,2265.00,1.20,,,,,,,,,,,,,,,,,,,,COASTAL ESTUARY SERVICES LLC,Depth of water on marsh = 1.7ft,29.21475478,-89.23368477
CRMS4448-V11,,7/17/2019,15:24,CST,2.60,GEOID12A,,0.328,,,,,,,30.80,3758.00,2.00,,,,,,,,,,,,,,,,,,,,COASTAL ESTUARY SERVICES LLC,,29.21475478,-89.23368477
CRMS4448-V11,,7/17/2019,15:24,CST,2.60,GEOID12A,,0.984,,,,,,,31.40,3393.00,1.80,,,,,,,,,,,,,,,,,,,,COASTAL ESTUARY SERVICES LLC,,29.21475478,-89.23368477
CRMS4448-V11,,6/17/2020,12:57,CST,2.29,GEOID12A,2.00,0.500,28.40,347.00,0.20,,,,,,,,,,,,,,,,,,,,,,,,,,COASTAL ESTUARY SERVICES LLC,,29.21475478,-89.23368477
CRMS4448-V11,,6/17/2020,12:57,CST,2.29,GEOID12A,2.00,1.500,28.60,361.00,0.20,,,,,,,,,,,,,,,,,,,,,,,,,,COASTAL ESTUARY SERVICES LLC,,29.21475478,-89.23368477
CRMS4448-V11,,6/8/2021,14:13,CST,1.60,GEOID12A,,0.328,,,,,,,28.80,515.00,0.20,,,,,,,,,,,,,,,,,,,,COASTAL ESTUARY SERVICES LLC,Water Level: 1 ft Above Marsh; ,29.21475478,-89.23368477
CRMS4448-V11,,6/8/2021,14:13,CST,1.60,GEOID12A,,0.984,,,,,,,28.40,1701.00,0.90,,,,,,,,,,,,,,,,,,,,COASTAL ESTUARY SERVICES LLC,Water Level: 1 ft Above Marsh; ,29.21475478,-89.23368477
CRMS4448-V17,,8/29/2007,10:51,CST,,,,0.984,,,,,,,33.30,2798.00,1.40,,,,,,,,,,,,,,,,,,,,COASTAL ESTUARY SERVICES LLC,,29.21464363,-89.23381923
CRMS4448-V17,,8/13/2009,08:08,CST,,,,0.328,,,,,,,29.10,1032.00,0.50,,,,,,,,,,,,,,,,,,,,COASTAL ESTUARY SERVICES LLC,,29.21464363,-89.23381923
CRMS4448-V17,,6/24/2010,11:38,CST,,,,,,,,,,,,,,,,,,,,,,,,,,,,,,,,,COASTAL ESTUARY SERVICES LLC,,29.21464363,-89.23381923
CRMS4448-V17,,7/19/2011,11:47,CST,,,,,,,,,,,,,,,,,,,,,,,,,,,,,,,,,COASTAL ESTUARY SERVICES LLC,,29.21464363,-89.23381923
CRMS4448-V17,,7/16/2014,11:45,CST,,,,,,,,,,,,,,,,,,,,,,,,,,,,,,,,,COASTAL ESTUARY SERVICES LLC,plot inaccessible due to Phragmites australis; porewater not taken,29.21464363,-89.23381923
CRMS4448-V17,,7/7/2015,12:20,CST,,,,,,,,,,,,,,,,,,,,,,,,,,,,,,,,,COASTAL ESTUARY SERVICES LLC,plot inaccessible due to Phragmites australis; porewater not taken,29.21464363,-89.23381923
CRMS4448-V17,,8/9/2016,10:21,CST,,,,,,,,,,,,,,,,,,,,,,,,,,,,,,,,,COASTAL ESTUARY SERVICES LLC,"Water too deep for measurements, approximately 1.5 ft deep",29.21464363,-89.23381923
CRMS4448-V17,,7/19/2017,13:58,CST,,,,0.328,,,,,,,30.00,512.00,0.20,,,,,,,,,,,,,,,,,,,,COASTAL ESTUARY SERVICES LLC,,29.21464363,-89.23381923
CRMS4448-V17,,7/19/2017,13:58,CST,,,,0.984,,,,,,,28.70,837.00,0.40,,,,,,,,,,,,,,,,,,,,COASTAL ESTUARY SERVICES LLC,,29.21464363,-89.23381923
CRMS4448-V17,,7/25/2018,11:02,CST,,,,0.328,,,,,,,30.40,1308.00,0.60,,,,,,,,,,,,,,,,,,,,COASTAL ESTUARY SERVICES LLC,Depth of water on marsh = 1.7ft,29.21464363,-89.23381923
CRMS4448-V17,,7/25/2018,11:02,CST,,,,0.984,,,,,,,31.10,2777.00,1.40,,,,,,,,,,,,,,,,,,,,COASTAL ESTUARY SERVICES LLC,Depth of water on marsh = 1.7ft,29.21464363,-89.23381923
CRMS4448-V17,,7/17/2019,15:21,CST,2.60,GEOID12A,,0.328,,,,,,,31.80,3185.00,1.70,,,,,,,,,,,,,,,,,,,,COASTAL ESTUARY SERVICES LLC,,29.21464363,-89.23381923
CRMS4448-V17,,7/17/2019,15:21,CST,2.60,GEOID12A,,0.984,,,,,,,,,,,,,,,,,,,,,,,,,,,,,COASTAL ESTUARY SERVICES LLC,clogged,29.21464363,-89.23381923
CRMS4448-V17,,6/17/2020,12:54,CST,2.29,GEOID12A,2.00,0.500,28.80,348.00,0.20,,,,,,,,,,,,,,,,,,,,,,,,,,COASTAL ESTUARY SERVICES LLC,,29.21464363,-89.23381923
CRMS4448-V17,,6/17/2020,12:54,CST,2.29,GEOID12A,2.00,1.500,29.30,349.00,0.20,,,,,,,,,,,,,,,,,,,,,,,,,,COASTAL ESTUARY SERVICES LLC,,29.21464363,-89.23381923
CRMS4448-V17,,6/8/2021,14:07,CST,1.60,GEOID12A,,0.328,,,,,,,28.10,1337.00,0.70,,,,,,,,,,,,,,,,,,,,COASTAL ESTUARY SERVICES LLC,Water Level: 1 ft Above Marsh; ,29.21464363,-89.23381923
CRMS4448-V17,,6/8/2021,14:07,CST,1.60,GEOID12A,,0.984,,,,,,,28.90,1956.00,1.00,,,,,,,,,,,,,,,,,,,,COASTAL ESTUARY SERVICES LLC,Water Level: 1 ft Above Marsh; ,29.21464363,-89.23381923
CRMS4448-V19,,8/20/2008,09:10,CST,,,,,,,,,,,,,,,,,,,,,,,,,,,,,,,,,COASTAL ESTUARY SERVICES LLC,,29.21460658,-89.23386426
CRMS4448-V19,,8/13/2009,08:22,CST,,,,0.328,,,,,,,30.30,2046.00,1.00,,,,,,,,,,,,,,,,,,,,COASTAL ESTUARY SERVICES LLC,,29.21460658,-89.23386426
CRMS4448-V19,,6/24/2010,11:46,CST,,,,,,,,,,,,,,,,,,,,,,,,,,,,,,,,,COASTAL ESTUARY SERVICES LLC,,29.21460658,-89.23386426
CRMS4448-V19,,7/19/2011,11:38,CST,,,,,,,,,,,,,,,,,,,,,,,,,,,,,,,,,COASTAL ESTUARY SERVICES LLC,,29.21460658,-89.23386426
CRMS4448-V19,,7/16/2014,11:45,CST,,,,,,,,,,,,,,,,,,,,,,,,,,,,,,,,,COASTAL ESTUARY SERVICES LLC,plot inaccessible due to Phragmites australis; porewater not taken,29.21460658,-89.23386426
CRMS4448-V19,,7/7/2015,12:20,CST,,,,,,,,,,,,,,,,,,,,,,,,,,,,,,,,,COASTAL ESTUARY SERVICES LLC,plot inaccessible due to Phragmites australis; porewater not taken,29.21460658,-89.23386426
CRMS4448-V19,,8/9/2016,10:21,CST,,,,,,,,,,,,,,,,,,,,,,,,,,,,,,,,,COASTAL ESTUARY SERVICES LLC,"Water too deep for measurements, approximately 1.5 ft deep",29.21460658,-89.23386426
CRMS4448-V19,,7/19/2017,13:50,CST,,,,0.328,,,,,,,29.80,465.00,0.20,,,,,,,,,,,,,,,,,,,,COASTAL ESTUARY SERVICES LLC,,29.21460658,-89.23386426
CRMS4448-V19,,7/19/2017,13:50,CST,,,,0.984,,,,,,,29.00,497.00,0.20,,,,,,,,,,,,,,,,,,,,COASTAL ESTUARY SERVICES LLC,,29.21460658,-89.23386426
CRMS4448-V19,,7/25/2018,10:58,CST,,,,0.328,,,,,,,30.80,2202.00,1.10,,,,,,,,,,,,,,,,,,,,COASTAL ESTUARY SERVICES LLC,Depth of water on marsh = 1.4ft,29.21460658,-89.23386426
CRMS4448-V19,,7/25/2018,10:58,CST,,,,0.984,,,,,,,29.60,2478.00,1.30,,,,,,,,,,,,,,,,,,,,COASTAL ESTUARY SERVICES LLC,Depth of water on marsh = 1.4ft,29.21460658,-89.23386426
CRMS4448-V19,,7/17/2019,15:18,CST,2.60,GEOID12A,,0.328,,,,,,,,,,,,,,,,,,,,,,,,,,,,,COASTAL ESTUARY SERVICES LLC,clogged,29.21460658,-89.23386426
CRMS4448-V19,,7/17/2019,15:18,CST,2.60,GEOID12A,,0.984,,,,,,,,,,,,,,,,,,,,,,,,,,,,,COASTAL ESTUARY SERVICES LLC,clogged,29.21460658,-89.23386426
CRMS4448-V19,,6/17/2020,12:50,CST,2.29,GEOID12A,1.70,0.500,28.70,345.00,0.20,,,,,,,,,,,,,,,,,,,,,,,,,,COASTAL ESTUARY SERVICES LLC,,29.21460658,-89.23386426
CRMS4448-V19,,6/17/2020,12:50,CST,2.29,GEOID12A,1.70,1.200,29.50,345.00,0.20,,,,,,,,,,,,,,,,,,,,,,,,,,COASTAL ESTUARY SERVICES LLC,,29.21460658,-89.23386426
CRMS4448-V19,,6/8/2021,14:01,CST,1.60,GEOID12A,,0.328,,,,,,,27.80,850.00,0.40,,,,,,,,,,,,,,,,,,,,COASTAL ESTUARY SERVICES LLC,Water Level: 1 ft Above Marsh; ,29.21460658,-89.23386426
CRMS4448-V19,,6/8/2021,14:01,CST,1.60,GEOID12A,,0.984,,,,,,,29.30,2540.00,1.30,,,,,,,,,,,,,,,,,,,,COASTAL ESTUARY SERVICES LLC,Water Level: 1 ft Above Marsh; ,29.21460658,-89.23386426
CRMS4448-V22,,8/29/2007,11:16,CST,,,,0.984,,,,,,,29.80,3182.00,1.60,,,,,,,,,,,,,,,,,,,,COASTAL ESTUARY SERVICES LLC,,29.21455214,-89.23393177
CRMS4448-V22,,8/13/2009,08:31,CST,,,,0.328,,,,,,,29.50,1447.00,0.70,,,,,,,,,,,,,,,,,,,,COASTAL ESTUARY SERVICES LLC,,29.21455214,-89.23393177
CRMS4448-V22,,6/24/2010,11:55,CST,,,,,,,,,,,,,,,,,,,,,,,,,,,,,,,,,COASTAL ESTUARY SERVICES LLC,,29.21455214,-89.23393177
CRMS4448-V22,,7/19/2011,11:34,CST,,,,,,,,,,,,,,,,,,,,,,,,,,,,,,,,,COASTAL ESTUARY SERVICES LLC,,29.21455214,-89.23393177
CRMS4448-V22,,7/24/2012,13:44,CST,,,,,,,,,,,,,,,,,,,,,,,,,,,,,,,,,COASTAL ESTUARY SERVICES LLC,,29.21455214,-89.23393177
CRMS4448-V22,,7/16/2013,10:48,CST,,,,,,,,,,,,,,,,,,,,,,,,,,,,,,,,,COASTAL ESTUARY SERVICES LLC,10cm and 30cm clogged.,29.21455214,-89.23393177
CRMS4448-V22,,7/16/2014,11:40,CST,,,,,,,,,,,,,,,,,,,,,,,,,,,,,,,,,COASTAL ESTUARY SERVICES LLC,Clogged @30 cm and 10 cm,29.21455214,-89.23393177
CRMS4448-V22,,7/7/2015,12:12,CST,,,,,,,,,,,,,,,,,,,,,,,,,,,,,,,,,COASTAL ESTUARY SERVICES LLC,water too deep to collect samples,29.21455214,-89.23393177
CRMS4448-V22,,8/9/2016,10:21,CST,,,,,,,,,,,,,,,,,,,,,,,,,,,,,,,,,COASTAL ESTUARY SERVICES LLC,"Water too deep for measurements, approximately 1.5 ft deep",29.21455214,-89.23393177
CRMS4448-V22,,7/19/2017,14:21,CST,,,,0.328,,,,,,,29.60,508.00,0.20,,,,,,,,,,,,,,,,,,,,COASTAL ESTUARY SERVICES LLC,,29.21455214,-89.23393177
CRMS4448-V22,,7/19/2017,14:21,CST,,,,0.984,,,,,,,29.30,582.00,0.30,,,,,,,,,,,,,,,,,,,,COASTAL ESTUARY SERVICES LLC,,29.21455214,-89.23393177
CRMS4448-V22,,7/25/2018,10:54,CST,,,,0.328,,,,,,,,,,,,,,,,,,,,,,,,,,,,,COASTAL ESTUARY SERVICES LLC,Depth of water on marsh = 1.6ft.  Clogged at 10cm and 30cm.,29.21455214,-89.23393177
CRMS4448-V22,,7/25/2018,10:54,CST,,,,0.984,,,,,,,,,,,,,,,,,,,,,,,,,,,,,COASTAL ESTUARY SERVICES LLC,Depth of water on marsh = 1.6ft.  Clogged at 10cm and 30cm.,29.21455214,-89.23393177
CRMS4448-V22,,7/17/2019,15:13,CST,2.60,GEOID12A,,0.328,,,,,,,,,,,,,,,,,,,,,,,,,,,,,COASTAL ESTUARY SERVICES LLC,clogged,29.21455214,-89.23393177
CRMS4448-V22,,7/17/2019,15:13,CST,2.60,GEOID12A,,0.984,,,,,,,,,,,,,,,,,,,,,,,,,,,,,COASTAL ESTUARY SERVICES LLC,clogged,29.21455214,-89.23393177
CRMS4448-V22,,6/17/2020,12:44,CST,2.29,GEOID12A,,0.328,,,,,,,0.00,0.00,0.00,,,,,,,,,,,,,,,,,,,,COASTAL ESTUARY SERVICES LLC,clogged,29.21455214,-89.23393177
CRMS4448-V22,,6/17/2020,12:44,CST,2.29,GEOID12A,,0.924,,,,,,,0.00,0.00,0.00,,,,,,,,,,,,,,,,,,,,COASTAL ESTUARY SERVICES LLC,clogged,29.21455214,-89.23393177
CRMS4448-V22,,6/8/2021,13:52,CST,1.60,GEOID12A,,0.328,,,,,,,29.30,1403.00,29.30,,,,,,,,,,,,,,,,,,,,COASTAL ESTUARY SERVICES LLC,Water Level: 0.8 ft Above Marsh; ,29.21455214,-89.23393177
CRMS4448-V22,,6/8/2021,13:52,CST,1.60,GEOID12A,,0.984,,,,,,,32.60,2638.00,1.30,,,,,,,,,,,,,,,,,,,,COASTAL ESTUARY SERVICES LLC,Water Level: 0.8 ft Above Marsh; ,29.21455214,-89.23393177
CRMS4448-V33,,8/20/2008,09:02,CST,,,,,,,,,,,,,,,,,,,,,,,,,,,,,,,,,COASTAL ESTUARY SERVICES LLC,,29.21434724,-89.23417884
CRMS4448-V33,,8/13/2009,08:38,CST,,,,0.328,,,,,,,29.20,1304.00,0.60,,,,,,,,,,,,,,,,,,,,COASTAL ESTUARY SERVICES LLC,,29.21434724,-89.23417884
CRMS4448-V33,,8/13/2009,08:38,CST,,,,0.984,,,,,,,28.60,2500.00,1.30,,,,,,,,,,,,,,,,,,,,COASTAL ESTUARY SERVICES LLC,,29.21434724,-89.23417884
CRMS4448-V33,,6/24/2010,12:17,CST,,,,,,,,,,,,,,,,,,,,,,,,,,,,,,,,,COASTAL ESTUARY SERVICES LLC,,29.21434724,-89.23417884
CRMS4448-V33,,7/19/2011,11:30,CST,,,,0.328,,,,,,,27.80,1702.00,0.90,,,,,,,,,,,,,,,,,,,,COASTAL ESTUARY SERVICES LLC,,29.21434724,-89.23417884
CRMS4448-V33,,7/19/2011,11:30,CST,,,,0.984,,,,,,,27.80,2032.00,1.00,,,,,,,,,,,,,,,,,,,,COASTAL ESTUARY SERVICES LLC,,29.21434724,-89.23417884
CRMS4448-V33,,7/24/2012,13:51,CST,,,,,,,,,,,,,,,,,,,,,,,,,,,,,,,,,COASTAL ESTUARY SERVICES LLC,,29.21434724,-89.23417884
CRMS4448-V33,,7/16/2013,10:45,CST,,,,0.328,,,,,,,28.10,1174.00,0.60,,,,,,,,,,,,,,,,,,,,COASTAL ESTUARY SERVICES LLC,,29.21434724,-89.23417884
CRMS4448-V33,,7/16/2014,11:37,CST,,,,,,,,,,,,,,,,,,,,,,,,,,,,,,,,,COASTAL ESTUARY SERVICES LLC,Clogged @30 cm and 10 cm,29.21434724,-89.23417884
CRMS4448-V33,,7/7/2015,12:09,CST,,,,,,,,,,,,,,,,,,,,,,,,,,,,,,,,,COASTAL ESTUARY SERVICES LLC,water too deep to collect samples,29.21434724,-89.23417884
CRMS4448-V33,,8/9/2016,10:18,CST,,,,,,,,,,,,,,,,,,,,,,,,,,,,,,,,,COASTAL ESTUARY SERVICES LLC,"Water too deep for measurements, approximately 1.5 ft deep",29.21434724,-89.23417884
CRMS4448-V33,,7/19/2017,14:52,CST,,,,0.328,,,,,,,30.50,457.00,0.20,,,,,,,,,,,,,,,,,,,,COASTAL ESTUARY SERVICES LLC,,29.21434724,-89.23417884
CRMS4448-V33,,7/19/2017,14:52,CST,,,,0.984,,,,,,,30.80,469.00,0.20,,,,,,,,,,,,,,,,,,,,COASTAL ESTUARY SERVICES LLC,,29.21434724,-89.23417884
CRMS4448-V33,,7/25/2018,10:46,CST,,,,0.328,,,,,,,,,,,,,,,,,,,,,,,,,,,,,COASTAL ESTUARY SERVICES LLC,Depth of water on marsh = 1.7ft.  Clogged at 10cm.,29.21434724,-89.23417884
CRMS4448-V33,,7/25/2018,10:46,CST,,,,0.984,,,,,,,31.00,3364.00,1.70,,,,,,,,,,,,,,,,,,,,COASTAL ESTUARY SERVICES LLC,Depth of water on marsh = 1.7ft,29.21434724,-89.23417884
CRMS4448-V33,,7/17/2019,14:57,CST,2.60,GEOID12A,,0.328,,,,,,,30.40,3233.00,1.50,,,,,,,,,,,,,,,,,,,,COASTAL ESTUARY SERVICES LLC,,29.21434724,-89.23417884
CRMS4448-V33,,7/17/2019,14:57,CST,2.60,GEOID12A,,0.984,,,,,,,29.50,4528.00,2.20,,,,,,,,,,,,,,,,,,,,COASTAL ESTUARY SERVICES LLC,,29.21434724,-89.23417884
CRMS4448-V33,,6/17/2020,12:38,CST,2.29,GEOID12A,2.30,0.500,30.70,328.00,0.20,,,,,,,,,,,,,,,,,,,,,,,,,,COASTAL ESTUARY SERVICES LLC,,29.21434724,-89.23417884
CRMS4448-V33,,6/17/2020,12:38,CST,2.29,GEOID12A,2.30,1.800,30.00,346.00,0.20,,,,,,,,,,,,,,,,,,,,,,,,,,COASTAL ESTUARY SERVICES LLC,,29.21434724,-89.23417884
CRMS4448-V33,,6/8/2021,13:44,CST,1.60,GEOID12A,1.10,0.500,30.40,362.00,0.20,,,,,,,,,,,,,,,,,,,,,,,,,,COASTAL ESTUARY SERVICES LLC,open water plot; Water Level: 1.1 ft Above Marsh; ,29.21434724,-89.23417884
CRMS4448-V33,,6/8/2021,13:44,CST,1.60,GEOID12A,1.10,0.600,30.10,373.00,0.20,,,,,,,,,,,,,,,,,,,,,,,,,,COASTAL ESTUARY SERVICES LLC,open water plot; Water Level: 1.1 ft Above Marsh; ,29.21434724,-89.23417884
CRMS4448-V35,,8/29/2007,11:28,CST,,,,0.328,,,,,,,29.60,3304.00,1.70,,,,,,,,,,,,,,,,,,,,COASTAL ESTUARY SERVICES LLC,,29.21431019,-89.23422388
CRMS4448-V35,,8/29/2007,11:28,CST,,,,0.984,,,,,,,29.10,1971.00,1.00,,,,,,,,,,,,,,,,,,,,COASTAL ESTUARY SERVICES LLC,,29.21431019,-89.23422388
CRMS4448-V35,,8/13/2009,08:45,CST,,,,0.328,,,,,,,28.50,1400.00,0.70,,,,,,,,,,,,,,,,,,,,COASTAL ESTUARY SERVICES LLC,,29.21431019,-89.23422388
CRMS4448-V35,,8/13/2009,08:45,CST,,,,0.984,,,,,,,29.10,1900.00,0.70,,,,,,,,,,,,,,,,,,,,COASTAL ESTUARY SERVICES LLC,,29.21431019,-89.23422388
CRMS4448-V35,,6/24/2010,12:26,CST,,,,,,,,,,,,,,,,,,,,,,,,,,,,,,,,,COASTAL ESTUARY SERVICES LLC,,29.21431019,-89.23422388
CRMS4448-V35,,7/19/2011,11:23,CST,,,,0.328,,,,,,,28.10,1668.00,0.80,,,,,,,,,,,,,,,,,,,,COASTAL ESTUARY SERVICES LLC,,29.21431019,-89.23422388
CRMS4448-V35,,7/19/2011,11:23,CST,,,,0.984,,,,,,,27.80,1374.00,0.70,,,,,,,,,,,,,,,,,,,,COASTAL ESTUARY SERVICES LLC,,29.21431019,-89.23422388
CRMS4448-V35,,7/24/2012,13:58,CST,,,,,,,,,,,,,,,,,,,,,,,,,,,,,,,,,COASTAL ESTUARY SERVICES LLC,,29.21431019,-89.23422388
CRMS4448-V35,,7/16/2013,10:39,CST,,,,0.328,,,,,,,28.70,818.00,0.40,,,,,,,,,,,,,,,,,,,,COASTAL ESTUARY SERVICES LLC,,29.21431019,-89.23422388
CRMS4448-V35,,7/16/2013,10:39,CST,,,,0.984,,,,,,,28.30,970.00,0.50,,,,,,,,,,,,,,,,,,,,COASTAL ESTUARY SERVICES LLC,,29.21431019,-89.23422388
CRMS4448-V35,,7/16/2014,11:33,CST,,,,,,,,,,,,,,,,,,,,,,,,,,,,,,,,,COASTAL ESTUARY SERVICES LLC,Clogged @30 cm and 10 cm,29.21431019,-89.23422388
CRMS4448-V35,,7/7/2015,12:05,CST,,,,,,,,,,,,,,,,,,,,,,,,,,,,,,,,,COASTAL ESTUARY SERVICES LLC,water too deep to collect samples,29.21431019,-89.23422388
CRMS4448-V35,,8/9/2016,10:17,CST,,,,,,,,,,,,,,,,,,,,,,,,,,,,,,,,,COASTAL ESTUARY SERVICES LLC,"Water too deep for measurements, approximately 1.5 ft deep",29.21431019,-89.23422388
CRMS4448-V35,,7/19/2017,14:59,CST,,,,0.328,,,,,,,30.60,455.00,0.20,,,,,,,,,,,,,,,,,,,,COASTAL ESTUARY SERVICES LLC,,29.21431019,-89.23422388
CRMS4448-V35,,7/19/2017,14:59,CST,,,,0.984,,,,,,,30.70,462.00,0.20,,,,,,,,,,,,,,,,,,,,COASTAL ESTUARY SERVICES LLC,,29.21431019,-89.23422388
CRMS4448-V35,,7/25/2018,10:43,CST,,,,0.328,,,,,,,,,,,,,,,,,,,,,,,,,,,,,COASTAL ESTUARY SERVICES LLC,Depth of water on marsh = 1.7ft.  Clogged at 10cm.,29.21431019,-89.23422388
CRMS4448-V35,,7/25/2018,10:43,CST,,,,0.984,,,,,,,29.70,4280.00,2.30,,,,,,,,,,,,,,,,,,,,COASTAL ESTUARY SERVICES LLC,Depth of water on marsh = 1.7ft,29.21431019,-89.23422388
CRMS4448-V35,,7/17/2019,14:50,CST,2.60,GEOID12A,,0.328,,,,,,,29.90,3618.00,2.00,,,,,,,,,,,,,,,,,,,,COASTAL ESTUARY SERVICES LLC,,29.21431019,-89.23422388
CRMS4448-V35,,7/17/2019,14:50,CST,2.60,GEOID12A,,0.984,,,,,,,29.00,3814.00,2.00,,,,,,,,,,,,,,,,,,,,COASTAL ESTUARY SERVICES LLC,,29.21431019,-89.23422388
CRMS4448-V35,,6/17/2020,12:36,CST,2.29,GEOID12A,2.30,0.500,24.90,349.00,0.20,,,,,,,,,,,,,,,,,,,,,,,,,,COASTAL ESTUARY SERVICES LLC,,29.21431019,-89.23422388
CRMS4448-V35,,6/17/2020,12:36,CST,2.29,GEOID12A,2.30,1.800,26.70,352.00,0.20,,,,,,,,,,,,,,,,,,,,,,,,,,COASTAL ESTUARY SERVICES LLC,,29.21431019,-89.23422388
CRMS4448-V35,,6/8/2021,13:35,CST,1.60,GEOID12A,1.10,0.500,28.10,373.00,0.20,,,,,,,,,,,,,,,,,,,,,,,,,,COASTAL ESTUARY SERVICES LLC,open water plot; Water Level: 1.1 ft Above Marsh; ,29.21431019,-89.23422388
CRMS4448-V35,,6/8/2021,13:35,CST,1.60,GEOID12A,1.10,0.600,29.60,378.00,0.20,,,,,,,,,,,,,,,,,,,,,,,,,,COASTAL ESTUARY SERVICES LLC,open water plot; Water Level: 1.1 ft Above Marsh; ,29.21431019,-89.23422388
CRMS4448-V36,,8/20/2008,08:58,CST,,,,,,,,,,,,,,,,,,,,,,,,,,,,,,,,,COASTAL ESTUARY SERVICES LLC,,29.21429280,-89.23424635
CRMS4448-V36,,8/13/2009,08:49,CST,,,,0.328,,,,,,,29.20,1100.00,0.50,,,,,,,,,,,,,,,,,,,,COASTAL ESTUARY SERVICES LLC,,29.21429280,-89.23424635
CRMS4448-V36,,8/13/2009,08:49,CST,,,,0.984,,,,,,,29.70,2000.00,1.00,,,,,,,,,,,,,,,,,,,,COASTAL ESTUARY SERVICES LLC,,29.21429280,-89.23424635
CRMS4448-V36,,6/24/2010,12:33,CST,,,,0.328,,,,,,,34.50,2769.00,1.40,,,,,,,,,,,,,,,,,,,,COASTAL ESTUARY SERVICES LLC,,29.21429280,-89.23424635
CRMS4448-V36,,7/19/2011,11:12,CST,,,,0.328,,,,,,,28.90,1455.00,0.70,,,,,,,,,,,,,,,,,,,,COASTAL ESTUARY SERVICES LLC,,29.21429280,-89.23424635
CRMS4448-V36,,7/19/2011,11:12,CST,,,,0.984,,,,,,,28.10,2412.00,1.20,,,,,,,,,,,,,,,,,,,,COASTAL ESTUARY SERVICES LLC,,29.21429280,-89.23424635
CRMS4448-V36,,7/24/2012,14:15,CST,,,,,,,,,,,,,,,,,,,,,,,,,,,,,,,,,COASTAL ESTUARY SERVICES LLC,,29.21429280,-89.23424635
CRMS4448-V36,,7/16/2013,10:33,CST,,,,0.328,,,,,,,28.30,553.00,0.30,,,,,,,,,,,,,,,,,,,,COASTAL ESTUARY SERVICES LLC,,29.21429280,-89.23424635
CRMS4448-V36,,7/16/2013,10:33,CST,,,,0.984,,,,,,,28.60,1056.00,0.50,,,,,,,,,,,,,,,,,,,,COASTAL ESTUARY SERVICES LLC,,29.21429280,-89.23424635
CRMS4448-V36,,7/16/2014,11:27,CST,,,,,,,,,,,,,,,,,,,,,,,,,,,,,,,,,COASTAL ESTUARY SERVICES LLC,Clogged @30 cm and 10 cm,29.21429280,-89.23424635
CRMS4448-V36,,7/7/2015,12:00,CST,,,,,,,,,,,,,,,,,,,,,,,,,,,,,,,,,COASTAL ESTUARY SERVICES LLC,water too deep to collect samples,29.21429280,-89.23424635
CRMS4448-V36,,8/9/2016,10:14,CST,,,,,,,,,,,,,,,,,,,,,,,,,,,,,,,,,COASTAL ESTUARY SERVICES LLC,"Water too deep for measurements, approximately 1.5 ft deep",29.21429280,-89.23424635
CRMS4448-V36,,7/19/2017,15:06,CST,,,,0.328,,,,,,,30.60,456.00,0.20,,,,,,,,,,,,,,,,,,,,COASTAL ESTUARY SERVICES LLC,,29.21429280,-89.23424635
CRMS4448-V36,,7/19/2017,15:06,CST,,,,0.984,,,,,,,30.50,485.00,0.20,,,,,,,,,,,,,,,,,,,,COASTAL ESTUARY SERVICES LLC,,29.21429280,-89.23424635
CRMS4448-V36,,7/25/2018,10:39,CST,,,,0.328,,,,,,,,,,,,,,,,,,,,,,,,,,,,,COASTAL ESTUARY SERVICES LLC,Depth of water on marsh = 1.5ft. Clogged at 10cm.,29.21429280,-89.23424635
CRMS4448-V36,,7/25/2018,10:39,CST,,,,0.984,,,,,,,30.50,3921.00,2.10,,,,,,,,,,,,,,,,,,,,COASTAL ESTUARY SERVICES LLC,Depth of water on marsh = 1.5ft,29.21429280,-89.23424635
CRMS4448-V36,,7/17/2019,14:42,CST,2.60,GEOID12A,,0.328,,,,,,,30.10,2241.00,1.20,,,,,,,,,,,,,,,,,,,,COASTAL ESTUARY SERVICES LLC,,29.21429280,-89.23424635
CRMS4448-V36,,7/17/2019,14:42,CST,2.60,GEOID12A,,0.984,,,,,,,29.10,4059.00,2.10,,,,,,,,,,,,,,,,,,,,COASTAL ESTUARY SERVICES LLC,,29.21429280,-89.23424635
CRMS4448-V36,,6/17/2020,12:23,CST,2.29,GEOID12A,2.30,0.500,28.00,328.00,0.20,,,,,,,,,,,,,,,,,,,,,,,,,,COASTAL ESTUARY SERVICES LLC,,29.21429280,-89.23424635
CRMS4448-V36,,6/17/2020,12:23,CST,2.29,GEOID12A,2.30,1.800,27.90,352.00,0.20,,,,,,,,,,,,,,,,,,,,,,,,,,COASTAL ESTUARY SERVICES LLC,,29.21429280,-89.23424635
CRMS4448-V36,,6/8/2021,13:27,CST,1.60,GEOID12A,1.10,0.500,29.80,377.00,0.20,,,,,,,,,,,,,,,,,,,,,,,,,,COASTAL ESTUARY SERVICES LLC,open water plot; Water Level: 1.1 ft Above Marsh; ,29.21429280,-89.23424635
CRMS4448-V36,,6/8/2021,13:27,CST,1.60,GEOID12A,1.10,0.600,29.90,375.00,0.20,,,,,,,,,,,,,,,,,,,,,,,,,,COASTAL ESTUARY SERVICES LLC,open water plot; Water Level: 1.1 ft Above Marsh; ,29.21429280,-89.23424635
CRMS4448-V46,,8/29/2007,11:41,CST,,,,0.328,,,,,,,30.20,2318.00,1.20,,,,,,,,,,,,,,,,,,,,COASTAL ESTUARY SERVICES LLC,,29.21410755,-89.23447087
CRMS4448-V46,,8/29/2007,11:41,CST,,,,0.984,,,,,,,29.00,3195.00,1.60,,,,,,,,,,,,,,,,,,,,COASTAL ESTUARY SERVICES LLC,,29.21410755,-89.23447087
CRMS4448-V46,,8/13/2009,09:12,CST,,,,0.328,,,,,,,28.60,1133.00,0.60,,,,,,,,,,,,,,,,,,,,COASTAL ESTUARY SERVICES LLC,,29.21410755,-89.23447087
CRMS4448-V46,,6/24/2010,12:44,CST,,,,,,,,,,,,,,,,,,,,,,,,,,,,,,,,,COASTAL ESTUARY SERVICES LLC,,29.21410755,-89.23447087
CRMS4448-V46,,7/19/2011,10:57,CST,,,,,,,,,,,,,,,,,,,,,,,,,,,,,,,,,COASTAL ESTUARY SERVICES LLC,,29.21410755,-89.23447087
CRMS4448-V46,,7/24/2012,14:19,CST,,,,,,,,,,,,,,,,,,,,,,,,,,,,,,,,,COASTAL ESTUARY SERVICES LLC,,29.21410755,-89.23447087
CRMS4448-V46,,7/16/2013,10:28,CST,,,,0.328,,,,,,,29.00,1119.00,0.60,,,,,,,,,,,,,,,,,,,,COASTAL ESTUARY SERVICES LLC,,29.21410755,-89.23447087
CRMS4448-V46,,7/16/2013,10:28,CST,,,,0.984,,,,,,,28.60,1699.00,0.90,,,,,,,,,,,,,,,,,,,,COASTAL ESTUARY SERVICES LLC,,29.21410755,-89.23447087
CRMS4448-V46,,7/16/2014,11:23,CST,,,,,,,,,,,,,,,,,,,,,,,,,,,,,,,,,COASTAL ESTUARY SERVICES LLC,Clogged @30 cm and 10 cm,29.21410755,-89.23447087
CRMS4448-V46,,7/7/2015,11:59,CST,,,,,,,,,,,,,,,,,,,,,,,,,,,,,,,,,COASTAL ESTUARY SERVICES LLC,water too deep to collect samples,29.21410755,-89.23447087
CRMS4448-V46,,8/9/2016,10:08,CST,,,,,,,,,,,,,,,,,,,,,,,,,,,,,,,,,COASTAL ESTUARY SERVICES LLC,"Water too deep for measurements, approximately 1.5 ft deep",29.21410755,-89.23447087
CRMS4448-V46,,7/19/2017,13:28,CST,,,,0.328,,,,,,,30.00,527.00,0.30,,,,,,,,,,,,,,,,,,,,COASTAL ESTUARY SERVICES LLC,,29.21410755,-89.23447087
CRMS4448-V46,,7/19/2017,13:28,CST,,,,0.984,,,,,,,29.30,523.00,0.30,,,,,,,,,,,,,,,,,,,,COASTAL ESTUARY SERVICES LLC,,29.21410755,-89.23447087
CRMS4448-V46,,7/25/2018,10:35,CST,,,,0.328,,,,,,,,,,,,,,,,,,,,,,,,,,,,,COASTAL ESTUARY SERVICES LLC,Depth of water on marsh = 2.8ft. Too deep to collect PW,29.21410755,-89.23447087
CRMS4448-V46,,7/25/2018,10:35,CST,,,,0.984,,,,,,,,,,,,,,,,,,,,,,,,,,,,,COASTAL ESTUARY SERVICES LLC,Depth of water on marsh = 2.8ft. Too deep to collect PW,29.21410755,-89.23447087
CRMS4448-V46,,7/17/2019,14:35,CST,2.60,GEOID12A,4.20,0.500,29.80,402.00,0.20,,,,,,,,,,,,,,,,,,,,,,,,,,COASTAL ESTUARY SERVICES LLC,Water level on marsh too deep for porewater.,29.21410755,-89.23447087
CRMS4448-V46,,7/17/2019,14:35,CST,2.60,GEOID12A,4.20,3.950,29.60,407.00,0.20,,,,,,,,,,,,,,,,,,,,,,,,,,COASTAL ESTUARY SERVICES LLC,Water level on marsh too deep for porewater.,29.21410755,-89.23447087
CRMS4448-V46,,6/17/2020,12:28,CST,2.29,GEOID12A,3.90,0.500,29.20,345.00,0.20,,,,,,,,,,,,,,,,,,,,,,,,,,COASTAL ESTUARY SERVICES LLC,,29.21410755,-89.23447087
CRMS4448-V46,,6/17/2020,12:28,CST,2.29,GEOID12A,3.90,3.400,29.30,346.00,0.20,,,,,,,,,,,,,,,,,,,,,,,,,,COASTAL ESTUARY SERVICES LLC,,29.21410755,-89.23447087
CRMS4448-V46,,6/8/2021,13:15,CST,1.60,GEOID12A,2.50,0.500,29.30,375.00,0.20,,,,,,,,,,,,,,,,,,,,,,,,,,COASTAL ESTUARY SERVICES LLC,open water plot; Water Level: 2.5 ft Above Marsh; ,29.21410755,-89.23447087
CRMS4448-V46,,6/8/2021,13:15,CST,1.60,GEOID12A,2.50,2.000,28.50,380.00,0.20,,,,,,,,,,,,,,,,,,,,,,,,,,COASTAL ESTUARY SERVICES LLC,open water plot; Water Level: 2.5 ft Above Marsh; ,29.21410755,-89.23447087
CRMS4448-V76,,8/20/2008,08:55,CST,,,,,,,,,,,,,,,,,,,,,,,,,,,,,,,,,COASTAL ESTUARY SERVICES LLC,,29.21355408,-89.23514562
CRMS4448-V76,,8/13/2009,09:21,CST,,,,0.328,,,,,,,29.70,1627.00,0.80,,,,,,,,,,,,,,,,,,,,COASTAL ESTUARY SERVICES LLC,,29.21355408,-89.23514562
CRMS4448-V76,,8/13/2009,09:21,CST,,,,0.984,,,,,,,29.30,1419.00,0.70,,,,,,,,,,,,,,,,,,,,COASTAL ESTUARY SERVICES LLC,,29.21355408,-89.23514562
CRMS4448-V76,,6/24/2010,12:55,CST,,,,0.328,,,,,,,32.50,1116.00,0.50,,,,,,,,,,,,,,,,,,,,COASTAL ESTUARY SERVICES LLC,,29.21355408,-89.23514562
CRMS4448-V76,,7/19/2011,10:50,CST,,,,,,,,,,,,,,,,,,,,,,,,,,,,,,,,,COASTAL ESTUARY SERVICES LLC,,29.21355408,-89.23514562
CRMS4448-V76,,7/24/2012,14:24,CST,,,,,,,,,,,,,,,,,,,,,,,,,,,,,,,,,COASTAL ESTUARY SERVICES LLC,,29.21355408,-89.23514562
CRMS4448-V76,,7/16/2013,10:19,CST,,,,0.984,,,,,,,29.20,521.00,0.30,,,,,,,,,,,,,,,,,,,,COASTAL ESTUARY SERVICES LLC,30cm clogged.,29.21355408,-89.23514562
CRMS4448-V76,,7/16/2014,11:20,CST,,,,,,,,,,,,,,,,,,,,,,,,,,,,,,,,,COASTAL ESTUARY SERVICES LLC,Clogged @30 cm and 10 cm,29.21355408,-89.23514562
CRMS4448-V76,,7/7/2015,11:53,CST,,,,,,,,,,,,,,,,,,,,,,,,,,,,,,,,,COASTAL ESTUARY SERVICES LLC,water too deep to collect samples,29.21355408,-89.23514562
CRMS4448-V76,,8/9/2016,10:02,CST,,,,,,,,,,,,,,,,,,,,,,,,,,,,,,,,,COASTAL ESTUARY SERVICES LLC,"Water too deep for measurements, approximately 1.5 ft deep",29.21355408,-89.23514562
CRMS4448-V76,,7/19/2017,13:10,CST,,,,0.328,,,,,,,29.90,430.00,0.20,,,,,,,,,,,,,,,,,,,,COASTAL ESTUARY SERVICES LLC,,29.21355408,-89.23514562
CRMS4448-V76,,7/19/2017,13:10,CST,,,,0.984,,,,,,,29.10,680.00,0.30,,,,,,,,,,,,,,,,,,,,COASTAL ESTUARY SERVICES LLC,,29.21355408,-89.23514562
CRMS4448-V76,,7/25/2018,10:29,CST,,,,0.328,,,,,,,,,,,,,,,,,,,,,,,,,,,,,COASTAL ESTUARY SERVICES LLC,Depth of water on marsh = 2.0ft. Too deep to collect PW.,29.21355408,-89.23514562
CRMS4448-V76,,7/25/2018,10:29,CST,,,,0.984,,,,,,,,,,,,,,,,,,,,,,,,,,,,,COASTAL ESTUARY SERVICES LLC,Depth of water on marsh = 2.0ft. Too deep to collect PW.,29.21355408,-89.23514562
CRMS4448-V76,,7/17/2019,14:28,CST,2.60,GEOID12A,3.50,0.500,29.90,403.00,0.20,,,,,,,,,,,,,,,,,,,,,,,,,,COASTAL ESTUARY SERVICES LLC,Water level on marsh too deep for porewater.,29.21355408,-89.23514562
CRMS4448-V76,,7/17/2019,14:28,CST,2.60,GEOID12A,3.50,3.250,29.50,404.00,0.20,,,,,,,,,,,,,,,,,,,,,,,,,,COASTAL ESTUARY SERVICES LLC,Water level on marsh too deep for porewater.,29.21355408,-89.23514562
CRMS4448-V76,,6/17/2020,12:35,CST,2.29,GEOID12A,3.00,0.500,27.90,342.00,0.20,,,,,,,,,,,,,,,,,,,,,,,,,,COASTAL ESTUARY SERVICES LLC,,29.21355408,-89.23514562
CRMS4448-V76,,6/17/2020,12:35,CST,2.29,GEOID12A,3.00,2.500,28.10,343.00,0.20,,,,,,,,,,,,,,,,,,,,,,,,,,COASTAL ESTUARY SERVICES LLC,,29.21355408,-89.23514562
CRMS4448-V76,,6/8/2021,12:57,CST,1.60,GEOID12A,2.10,0.500,28.20,365.00,0.20,,,,,,,,,,,,,,,,,,,,,,,,,,COASTAL ESTUARY SERVICES LLC,open water plot; Water Level: 2.1 ft Above Marsh; ,29.21355408,-89.23514562
CRMS4448-V76,,6/8/2021,12:57,CST,1.60,GEOID12A,2.10,1.600,28.00,366.00,0.20,,,,,,,,,,,,,,,,,,,,,,,,,,COASTAL ESTUARY SERVICES LLC,open water plot; Water Level: 2.1 ft Above Marsh; ,29.21355408,-89.23514562

