CPRA Station ID,Original Collector Station ID,Date (mm/dd/yyyy),Time (hh:mm),Time Zone,Staff Gauge (ft),Geoid,Station Depth (ft),Measurement Depth (ft),Water Temperature (�C),Specific Conductance (uS/cm),Salinity (ppt),Dissolved Oxygen (mg/L),pH (pH units),Velocity (ft/sec),Soil Porewater Temperature (�C),Soil Porewater Specific Conductance (uS/cm),Soil Porewater Salinity (ppt),Turbidity (FNU),Chlorophyll a (ug/L),Total Nitrogen (mg/L),Total Kjeldahl Nitrogen (mg/L),Nitrate as N (mg/L),Nitrite as N (mg/L),Nitrate+Nitrite as N (unfiltered; mg/L),Nitrate+Nitrite as N (filtered; mg/L),Ammonium as N (unfiltered; mg/L),Ammonium as N (filtered; mg/L),Total Phosphorus (mg/L),Orthophosphate as P (unfiltered; mg/L),Orthophosphate as P (filtered; mg/L),Silica (unfiltered; mg/L),Silica (filtered; mg/L),Total Suspended Solids (mg/L),Volatile Suspended Solids (mg/L),Secchi (ft),Fecal Coliform (MPN/100ml),Organization Name,Comments,Latitude,Longitude
LA39-Y2P01,,5/20/2014,10:05,CST,,,,0.328,,,,,,,26.80,6041.00,3.30,,,,,,,,,,,,,,,,,,,,COASTAL PROTECTION AND RESTORATION AUTHORITY,Porewater taken at 20 cm ,30.24808919,-90.35186775
LA39-Y2P01,,5/20/2014,10:05,CST,,,,0.500,26.00,2265.00,1.20,,,,,,,,,,,,,,,,,,,,,,,,,,COASTAL PROTECTION AND RESTORATION AUTHORITY,Porewater taken at 20 cm ,30.24808919,-90.35186775
LA39-Y2P01,,6/2/2015,10:08,CST,,,,0.328,,,,,,,26.80,2051.00,1.00,,,,,,,,,,,,,,,,,,,,COASTAL PROTECTION AND RESTORATION AUTHORITY,Porewater taken at 20 cm,30.24808919,-90.35186775
LA39-Y2P01,,6/2/2015,10:08,CST,,,,0.500,26.00,545.00,0.30,,,,,,,,,,,,,,,,,,,,,,,,,,COASTAL PROTECTION AND RESTORATION AUTHORITY,Porewater taken at 20 cm,30.24808919,-90.35186775
LA39-Y2P01,,5/18/2017,09:23,CST,,,0.90,0.500,26.50,948.00,0.50,,,,,,,,,,,,,,,,,,,,,,,,,,COASTAL PROTECTION AND RESTORATION AUTHORITY,,30.24808919,-90.35186775
LA39-Y2P01,,5/18/2017,09:23,CST,,,0.90,0.656,,,,,,,27.10,6788.00,3.70,,,,,,,,,,,,,,,,,,,,COASTAL PROTECTION AND RESTORATION AUTHORITY,Measurement depth for porewater refers to depth sampled below sediment,30.24808919,-90.35186775
LA39-Y2P02,,5/20/2014,10:21,CST,,,,0.500,26.20,2292.00,1.20,,,,,,,,,,,,,,,,,,,,,,,,,,COASTAL PROTECTION AND RESTORATION AUTHORITY,"No porewater taken, clogged at 20 cm",30.24831218,-90.35196307
LA39-Y2P02,,6/2/2015,10:18,CST,,,,0.500,27.00,791.00,0.40,,,,,,,,,,,,,,,,,,,,,,,,,,COASTAL PROTECTION AND RESTORATION AUTHORITY,"No porewater taken, clogged at 20 cm",30.24831218,-90.35196307
LA39-Y2P02,,5/18/2017,09:46,CST,,,0.70,0.500,25.80,1057.00,0.50,,,,,,,,,,,,,,,,,,,,,,,,,,COASTAL PROTECTION AND RESTORATION AUTHORITY,,30.24831218,-90.35196307
LA39-Y2P02,,5/18/2017,09:46,CST,,,0.70,0.656,,,,,,,,,,,,,,,,,,,,,,,,,,,,,COASTAL PROTECTION AND RESTORATION AUTHORITY,Porewater sampler clogged; unable to extract sample,30.24831218,-90.35196307
LA39-Y2P03,,5/20/2014,10:45,CST,,,,0.500,26.00,2293.00,1.20,,,,,,,,,,,,,,,,,,,,,,,,,,COASTAL PROTECTION AND RESTORATION AUTHORITY,"No porewater taken, clogged at 20 cm",30.24841070,-90.35149392
LA39-Y2P03,,6/2/2015,10:40,CST,,,,0.328,,,,,,,31.10,2712.00,1.40,,,,,,,,,,,,,,,,,,,,COASTAL PROTECTION AND RESTORATION AUTHORITY,Porewater taken at 20 cm,30.24841070,-90.35149392
LA39-Y2P03,,6/2/2015,10:40,CST,,,,0.500,27.00,836.00,0.40,,,,,,,,,,,,,,,,,,,,,,,,,,COASTAL PROTECTION AND RESTORATION AUTHORITY,Porewater taken at 20 cm,30.24841070,-90.35149392
LA39-Y2P03,,5/18/2017,10:21,CST,,,0.90,0.500,25.90,962.00,0.50,,,,,,,,,,,,,,,,,,,,,,,,,,COASTAL PROTECTION AND RESTORATION AUTHORITY,,30.24841070,-90.35149392
LA39-Y2P03,,5/18/2017,10:21,CST,,,0.90,0.656,,,,,,,25.60,4609.00,2.40,,,,,,,,,,,,,,,,,,,,COASTAL PROTECTION AND RESTORATION AUTHORITY,Measurement depth for porewater refers to depth sampled below sediment,30.24841070,-90.35149392
LA39-Y2P04,,5/20/2014,11:04,CST,,,,0.500,26.90,2290.00,1.20,,,,,,,,,,,,,,,,,,,,,,,,,,COASTAL PROTECTION AND RESTORATION AUTHORITY,"No porewater taken, clogged at 20 cm",30.24864678,-90.35148114
LA39-Y2P04,,6/2/2015,11:23,CST,,,,0.328,,,,,,,32.80,1551.00,0.80,,,,,,,,,,,,,,,,,,,,COASTAL PROTECTION AND RESTORATION AUTHORITY,Porewater taken at 20 cm,30.24864678,-90.35148114
LA39-Y2P04,,6/2/2015,11:23,CST,,,,0.500,26.30,942.00,0.50,,,,,,,,,,,,,,,,,,,,,,,,,,COASTAL PROTECTION AND RESTORATION AUTHORITY,Porewater taken at 20 cm,30.24864678,-90.35148114
LA39-Y2P04,,5/18/2017,11:01,CST,,,1.20,0.500,26.40,1004.00,0.50,,,,,,,,,,,,,,,,,,,,,,,,,,COASTAL PROTECTION AND RESTORATION AUTHORITY,,30.24864678,-90.35148114
LA39-Y2P04,,5/18/2017,11:01,CST,,,1.20,0.656,,,,,,,,,,,,,,,,,,,,,,,,,,,,,COASTAL PROTECTION AND RESTORATION AUTHORITY,Porewater sampler clogged; unable to extract sample,30.24864678,-90.35148114
LA39-Y2P05,,5/20/2014,11:25,CST,,,,0.500,26.90,2270.00,1.20,,,,,,,,,,,,,,,,,,,,,,,,,,COASTAL PROTECTION AND RESTORATION AUTHORITY,"No porewater taken, clogged at 20 cm",30.24839570,-90.35127458
LA39-Y2P05,,6/2/2015,11:11,CST,,,,0.328,,,,,,,33.40,3062.00,1.60,,,,,,,,,,,,,,,,,,,,COASTAL PROTECTION AND RESTORATION AUTHORITY,Porewater taken at 20 cm,30.24839570,-90.35127458
LA39-Y2P05,,6/2/2015,11:11,CST,,,,0.500,28.00,1030.00,0.50,,,,,,,,,,,,,,,,,,,,,,,,,,COASTAL PROTECTION AND RESTORATION AUTHORITY,Porewater taken at 20 cm,30.24839570,-90.35127458
LA39-Y2P05,,5/18/2017,10:34,CST,,,1.20,0.500,27.20,1021.00,0.50,,,,,,,,,,,,,,,,,,,,,,,,,,COASTAL PROTECTION AND RESTORATION AUTHORITY,,30.24839570,-90.35127458
LA39-Y2P05,,5/18/2017,10:34,CST,,,1.20,0.656,,,,,,,25.80,8067.00,4.40,,,,,,,,,,,,,,,,,,,,COASTAL PROTECTION AND RESTORATION AUTHORITY,Measurement depth for porewater refers to depth sampled below sediment,30.24839570,-90.35127458
LA39-Y2P06,,5/20/2014,11:51,CST,,,,0.500,27.90,2307.00,1.20,,,,,,,,,,,,,,,,,,,,,,,,,,COASTAL PROTECTION AND RESTORATION AUTHORITY,"No porewater taken, clogged at 20 cm",30.24820974,-90.35150200
LA39-Y2P06,,6/2/2015,11:35,CST,,,,0.328,,,,,,,30.20,1920.00,1.00,,,,,,,,,,,,,,,,,,,,COASTAL PROTECTION AND RESTORATION AUTHORITY,Porewater taken at 20 cm,30.24820974,-90.35150200
LA39-Y2P06,,6/2/2015,11:35,CST,,,,0.500,27.20,748.00,0.40,,,,,,,,,,,,,,,,,,,,,,,,,,COASTAL PROTECTION AND RESTORATION AUTHORITY,Porewater taken at 20 cm,30.24820974,-90.35150200
LA39-Y2P06,,5/18/2017,10:04,CST,,,1.00,0.500,25.70,956.00,0.50,,,,,,,,,,,,,,,,,,,,,,,,,,COASTAL PROTECTION AND RESTORATION AUTHORITY,,30.24820974,-90.35150200
LA39-Y2P06,,5/18/2017,10:04,CST,,,1.00,0.656,,,,,,,28.80,1772.00,0.80,,,,,,,,,,,,,,,,,,,,COASTAL PROTECTION AND RESTORATION AUTHORITY,Measurement depth for porewater refers to depth sampled below sediment,30.24820974,-90.35150200
LA39-Y2P07,,5/20/2014,12:09,CST,,,,0.500,31.00,2229.00,1.10,,,,,,,,,,,,,,,,,,,,,,,,,,COASTAL PROTECTION AND RESTORATION AUTHORITY,"No porewater taken, clogged at 20 cm",30.24682820,-90.35378703
LA39-Y2P07,,6/2/2015,11:55,CST,,,,0.328,,,,,,,31.50,1402.00,0.70,,,,,,,,,,,,,,,,,,,,COASTAL PROTECTION AND RESTORATION AUTHORITY,Porewater taken at 20 cm,30.24682820,-90.35378703
LA39-Y2P07,,6/2/2015,11:55,CST,,,,0.500,30.30,1003.00,0.50,,,,,,,,,,,,,,,,,,,,,,,,,,COASTAL PROTECTION AND RESTORATION AUTHORITY,Porewater taken at 20 cm,30.24682820,-90.35378703
LA39-Y2P07,,5/18/2017,11:27,CST,,,0.60,0.500,27.70,1158.00,0.60,,,,,,,,,,,,,,,,,,,,,,,,,,COASTAL PROTECTION AND RESTORATION AUTHORITY,,30.24682820,-90.35378703
LA39-Y2P07,,5/18/2017,11:27,CST,,,0.60,0.656,,,,,,,28.80,3935.00,2.00,,,,,,,,,,,,,,,,,,,,COASTAL PROTECTION AND RESTORATION AUTHORITY,Measurement depth for porewater refers to depth sampled below sediment,30.24682820,-90.35378703
LA39-Y2P08,,5/20/2014,12:33,CST,,,,0.500,29.70,2344.00,1.20,,,,,,,,,,,,,,,,,,,,,,,,,,COASTAL PROTECTION AND RESTORATION AUTHORITY,"No porewater taken, clogged at 20 cm",30.24560816,-90.35580488
LA39-Y2P08,,6/2/2015,12:32,CST,,,,0.328,,,,,,,32.30,844.00,0.40,,,,,,,,,,,,,,,,,,,,COASTAL PROTECTION AND RESTORATION AUTHORITY,Porewater taken at 20 cm,30.24560816,-90.35580488
LA39-Y2P08,,6/2/2015,12:32,CST,,,,0.500,29.50,1044.00,0.50,,,,,,,,,,,,,,,,,,,,,,,,,,COASTAL PROTECTION AND RESTORATION AUTHORITY,Porewater taken at 20 cm,30.24560816,-90.35580488
LA39-Y2P08A,,5/18/2017,12:11,CST,,,0.80,0.500,30.40,1074.00,0.50,,,,,,,,,,,,,,,,,,,,,,,,,,COASTAL PROTECTION AND RESTORATION AUTHORITY,Original LA39-Y2P8 plot reestablished this survey near edge of 2A planting area due to high density of vegetation and resulting inability to access original station;,30.24562461,-90.35590208
LA39-Y2P08A,,5/18/2017,12:11,CST,,,0.80,0.656,,,,,,,,,,,,,,,,,,,,,,,,,,,,,COASTAL PROTECTION AND RESTORATION AUTHORITY,Original LA39-Y2P8 plot reestablished this survey near edge of 2A planting area due to high density of vegetation and resulting inability to access original station; Porewater sampler clogged; unable to extract sample,30.24562461,-90.35590208
LA39-Y2P09,,5/20/2014,12:53,CST,,,,0.500,30.20,2421.00,1.20,,,,,,,,,,,,,,,,,,,,,,,,,,COASTAL PROTECTION AND RESTORATION AUTHORITY,"No porewater taken, clogged at 20 cm",30.24517769,-90.35649171
LA39-Y2P09,,6/2/2015,12:46,CST,,,,0.328,,,,,,,28.90,1681.00,0.80,,,,,,,,,,,,,,,,,,,,COASTAL PROTECTION AND RESTORATION AUTHORITY,Porewater taken at 20 cm,30.24517769,-90.35649171
LA39-Y2P09,,6/2/2015,12:46,CST,,,,0.500,28.30,1015.00,0.50,,,,,,,,,,,,,,,,,,,,,,,,,,COASTAL PROTECTION AND RESTORATION AUTHORITY,Porewater taken at 20 cm,30.24517769,-90.35649171
LA39-Y2P09,,5/18/2017,12:29,CST,,,0.80,0.500,27.30,1119.00,0.60,,,,,,,,,,,,,,,,,,,,,,,,,,COASTAL PROTECTION AND RESTORATION AUTHORITY,,30.24517769,-90.35649171
LA39-Y2P09,,5/18/2017,12:29,CST,,,0.80,0.656,,,,,,,34.60,5470.00,2.90,,,,,,,,,,,,,,,,,,,,COASTAL PROTECTION AND RESTORATION AUTHORITY,Measurement depth for porewater refers to depth sampled below sediment,30.24517769,-90.35649171
LA39-Y2P10,,5/20/2014,13:13,CST,,,,0.500,31.60,2264.00,1.10,,,,,,,,,,,,,,,,,,,,,,,,,,COASTAL PROTECTION AND RESTORATION AUTHORITY,"No porewater taken, clogged at 20 cm",30.24498064,-90.35713786
LA39-Y2P10,,6/2/2015,13:03,CST,,,,0.500,29.10,943.00,0.50,,,,,,,,,,,,,,,,,,,,,,,,,,COASTAL PROTECTION AND RESTORATION AUTHORITY,"No porewater taken, clogged at 20 cm",30.24498064,-90.35713786
LA39-Y2P10,,5/18/2017,13:29,CST,,,0.90,0.500,29.40,1136.00,0.60,,,,,,,,,,,,,,,,,,,,,,,,,,COASTAL PROTECTION AND RESTORATION AUTHORITY,,30.24498064,-90.35713786
LA39-Y2P10,,5/18/2017,13:29,CST,,,0.90,0.656,,,,,,,30.50,4527.00,2.40,,,,,,,,,,,,,,,,,,,,COASTAL PROTECTION AND RESTORATION AUTHORITY,Measurement depth for porewater refers to depth sampled below sediment,30.24498064,-90.35713786
LA39-Y2P11,,5/20/2014,13:35,CST,,,,0.500,31.70,2272.00,1.20,,,,,,,,,,,,,,,,,,,,,,,,,,COASTAL PROTECTION AND RESTORATION AUTHORITY,"No porewater taken, clogged at 20 cm",30.24534716,-90.35710520
LA39-Y2P11,,6/2/2015,13:17,CST,,,,0.500,28.80,1100.00,0.50,,,,,,,,,,,,,,,,,,,,,,,,,,COASTAL PROTECTION AND RESTORATION AUTHORITY,"No porewater taken, clogged at 20 cm",30.24534716,-90.35710520
LA39-Y2P11,,5/18/2017,13:42,CST,,,1.00,0.500,28.40,1070.00,0.50,,,,,,,,,,,,,,,,,,,,,,,,,,COASTAL PROTECTION AND RESTORATION AUTHORITY,,30.24534716,-90.35710520
LA39-Y2P11,,5/18/2017,13:42,CST,,,1.00,0.656,,,,,,,,,,,,,,,,,,,,,,,,,,,,,COASTAL PROTECTION AND RESTORATION AUTHORITY,Porewater sampler clogged; unable to extract sample,30.24534716,-90.35710520
LA39-Y2P12,,5/20/2014,13:50,CST,,,,0.500,31.00,2241.00,1.10,,,,,,,,,,,,,,,,,,,,,,,,,,COASTAL PROTECTION AND RESTORATION AUTHORITY,"No porewater taken, clogged at 20 cm",30.24559356,-90.35716701
LA39-Y2P12,,6/2/2015,13:29,CST,,,,0.328,,,,,,,30.90,1707.00,0.90,,,,,,,,,,,,,,,,,,,,COASTAL PROTECTION AND RESTORATION AUTHORITY,Porewater taken at 20 cm,30.24559356,-90.35716701
LA39-Y2P12,,6/2/2015,13:29,CST,,,,0.500,28.60,1157.00,0.60,,,,,,,,,,,,,,,,,,,,,,,,,,COASTAL PROTECTION AND RESTORATION AUTHORITY,Porewater taken at 20 cm,30.24559356,-90.35716701
LA39-Y2P12,,5/18/2017,13:58,CST,,,1.20,0.500,30.00,1073.00,0.50,,,,,,,,,,,,,,,,,,,,,,,,,,COASTAL PROTECTION AND RESTORATION AUTHORITY,,30.24559356,-90.35716701
LA39-Y2P12,,5/18/2017,13:58,CST,,,1.20,0.656,,,,,,,,,,,,,,,,,,,,,,,,,,,,,COASTAL PROTECTION AND RESTORATION AUTHORITY,Porewater sampler clogged; unable to extract sample,30.24559356,-90.35716701
LA39-Y2P13,,5/20/2014,14:09,CST,,,,0.500,30.60,2363.00,1.20,,,,,,,,,,,,,,,,,,,,,,,,,,COASTAL PROTECTION AND RESTORATION AUTHORITY,"No porewater taken, clogged at 20 cm",30.24543931,-90.35790965
LA39-Y2P13,,6/2/2015,13:39,CST,,,,0.500,28.80,1112.00,0.50,,,,,,,,,,,,,,,,,,,,,,,,,,COASTAL PROTECTION AND RESTORATION AUTHORITY,"No porewater taken, clogged at 20 cm",30.24543931,-90.35790965
LA39-Y2P13,,5/18/2017,14:14,CST,,,1.30,0.500,29.40,506.00,0.20,,,,,,,,,,,,,,,,,,,,,,,,,,COASTAL PROTECTION AND RESTORATION AUTHORITY,,30.24543931,-90.35790965
LA39-Y2P13,,5/18/2017,14:14,CST,,,1.30,0.656,,,,,,,,,,,,,,,,,,,,,,,,,,,,,COASTAL PROTECTION AND RESTORATION AUTHORITY,Porewater sampler clogged; unable to extract sample,30.24543931,-90.35790965
LA39-Y2P14,,5/20/2014,14:25,CST,,,,0.500,32.20,2354.00,1.20,,,,,,,,,,,,,,,,,,,,,,,,,,COASTAL PROTECTION AND RESTORATION AUTHORITY,"No porewater taken, clogged at 20 cm",30.24515406,-90.35773598
LA39-Y2P14,,6/2/2015,13:52,CST,,,,0.500,29.10,1051.00,0.50,,,,,,,,,,,,,,,,,,,,,,,,,,COASTAL PROTECTION AND RESTORATION AUTHORITY,"No porewater taken, clogged at 20 cm",30.24515406,-90.35773598
LA39-Y2P14,,5/18/2017,14:27,CST,,,0.90,0.500,28.90,1092.00,0.50,,,,,,,,,,,,,,,,,,,,,,,,,,COASTAL PROTECTION AND RESTORATION AUTHORITY,,30.24515406,-90.35773598
LA39-Y2P14,,5/18/2017,14:27,CST,,,0.90,0.656,,,,,,,28.50,5456.00,2.90,,,,,,,,,,,,,,,,,,,,COASTAL PROTECTION AND RESTORATION AUTHORITY,Measurement depth for porewater refers to depth sampled below sediment,30.24515406,-90.35773598
LA39-Y2P15,,5/20/2014,14:43,CST,,,,0.500,32.80,2318.00,1.20,,,,,,,,,,,,,,,,,,,,,,,,,,COASTAL PROTECTION AND RESTORATION AUTHORITY,"No porewater taken, clogged at 20 cm",30.24491661,-90.35781842
LA39-Y2P15,,6/2/2015,14:09,CST,,,,0.500,28.40,982.00,0.50,,,,,,,,,,,,,,,,,,,,,,,,,,COASTAL PROTECTION AND RESTORATION AUTHORITY,"No porewater taken, clogged at 20 cm",30.24491661,-90.35781842
LA39-Y2P15,,5/18/2017,14:43,CST,,,0.75,0.500,28.20,1059.00,0.50,,,,,,,,,,,,,,,,,,,,,,,,,,COASTAL PROTECTION AND RESTORATION AUTHORITY,,30.24491661,-90.35781842
LA39-Y2P15,,5/18/2017,14:43,CST,,,0.75,0.656,,,,,,,,,,,,,,,,,,,,,,,,,,,,,COASTAL PROTECTION AND RESTORATION AUTHORITY,Porewater sampler clogged; unable to extract sample,30.24491661,-90.35781842
LA39-Y2P16,,5/20/2014,15:02,CST,,,,0.500,33.40,2234.00,1.10,,,,,,,,,,,,,,,,,,,,,,,,,,COASTAL PROTECTION AND RESTORATION AUTHORITY,"No porewater taken, clogged at 20 cm",30.24454224,-90.35822287
LA39-Y2P16,,6/2/2015,14:15,CST,,,,0.328,,,,,,,29.80,1239.00,0.60,,,,,,,,,,,,,,,,,,,,COASTAL PROTECTION AND RESTORATION AUTHORITY,Porewater taken at 20 cm,30.24454224,-90.35822287
LA39-Y2P16,,6/2/2015,14:15,CST,,,,0.500,29.00,982.00,0.50,,,,,,,,,,,,,,,,,,,,,,,,,,COASTAL PROTECTION AND RESTORATION AUTHORITY,Porewater taken at 20 cm,30.24454224,-90.35822287
LA39-Y2P16,,5/18/2017,14:56,CST,,,0.70,0.500,28.40,1165.00,0.60,,,,,,,,,,,,,,,,,,,,,,,,,,COASTAL PROTECTION AND RESTORATION AUTHORITY,,30.24454224,-90.35822287
LA39-Y2P16,,5/18/2017,14:56,CST,,,0.70,0.656,,,,,,,,,,,,,,,,,,,,,,,,,,,,,COASTAL PROTECTION AND RESTORATION AUTHORITY,Porewater sampler clogged; unable to extract sample,30.24454224,-90.35822287
LA39-Y2P17,,5/20/2014,15:20,CST,,,,0.500,34.20,2339.00,1.20,,,,,,,,,,,,,,,,,,,,,,,,,,COASTAL PROTECTION AND RESTORATION AUTHORITY,"No porewater taken, clogged at 20 cm",30.24471618,-90.35762035
LA39-Y2P17,,6/2/2015,14:27,CST,,,,0.500,30.60,979.00,0.50,,,,,,,,,,,,,,,,,,,,,,,,,,COASTAL PROTECTION AND RESTORATION AUTHORITY,"No porewater taken, clogged at 20 cm",30.24471618,-90.35762035
LA39-Y2P17,,5/18/2017,15:08,CST,,,0.95,0.500,28.90,1064.00,0.50,,,,,,,,,,,,,,,,,,,,,,,,,,COASTAL PROTECTION AND RESTORATION AUTHORITY,,30.24471618,-90.35762035
LA39-Y2P17,,5/18/2017,15:08,CST,,,0.95,0.656,,,,,,,,,,,,,,,,,,,,,,,,,,,,,COASTAL PROTECTION AND RESTORATION AUTHORITY,Porewater sampler clogged; unable to extract sample,30.24471618,-90.35762035

