CPRA Station ID,Original Collector Station ID,Date (mm/dd/yyyy),Time (hh:mm),Time Zone,Staff Gauge (ft),Geoid,Station Depth (ft),Measurement Depth (ft),Water Temperature (�C),Specific Conductance (uS/cm),Salinity (ppt),Dissolved Oxygen (mg/L),pH (pH units),Velocity (ft/sec),Soil Porewater Temperature (�C),Soil Porewater Specific Conductance (uS/cm),Soil Porewater Salinity (ppt),Turbidity (FNU),Chlorophyll a (ug/L),Total Nitrogen (mg/L),Total Kjeldahl Nitrogen (mg/L),Nitrate as N (mg/L),Nitrite as N (mg/L),Nitrate+Nitrite as N (unfiltered; mg/L),Nitrate+Nitrite as N (filtered; mg/L),Ammonium as N (unfiltered; mg/L),Ammonium as N (filtered; mg/L),Total Phosphorus (mg/L),Orthophosphate as P (unfiltered; mg/L),Orthophosphate as P (filtered; mg/L),Silica (unfiltered; mg/L),Silica (filtered; mg/L),Total Suspended Solids (mg/L),Volatile Suspended Solids (mg/L),Secchi (ft),Fecal Coliform (MPN/100ml),Organization Name,Comments,Latitude,Longitude
CRMS4548-P01,,8/23/2007,12:56,CST,,,,0.328,,,,,,,31.10,23630.00,14.20,,,,,,,,,,,,,,,,,,,,COASTAL ESTUARY SERVICES LLC,,29.86165075,-89.66872043
CRMS4548-P01,,8/23/2007,12:56,CST,,,,0.984,,,,,,,32.70,23710.00,14.20,,,,,,,,,,,,,,,,,,,,COASTAL ESTUARY SERVICES LLC,,29.86165075,-89.66872043
CRMS4548-P01,,1/23/2008,12:35,CST,,,,0.328,,,,,,,13.20,23560.00,14.30,,,,,,,,,,,,,,,,,,,,COASTAL ESTUARY SERVICES LLC,,29.86165075,-89.66872043
CRMS4548-P01,,1/23/2008,12:35,CST,,,,0.984,,,,,,,14.20,19980.00,11.90,,,,,,,,,,,,,,,,,,,,COASTAL ESTUARY SERVICES LLC,,29.86165075,-89.66872043
CRMS4548-P01,,2/20/2008,10:42,CST,,,,0.328,,,,,,,16.60,20490.00,12.30,,,,,,,,,,,,,,,,,,,,COASTAL ESTUARY SERVICES LLC,,29.86165075,-89.66872043
CRMS4548-P01,,2/20/2008,10:42,CST,,,,0.984,,,,,,,17.70,21000.00,12.60,,,,,,,,,,,,,,,,,,,,COASTAL ESTUARY SERVICES LLC,,29.86165075,-89.66872043
CRMS4548-P01,,3/11/2008,13:58,CST,,,,0.328,,,,,,,17.30,19490.00,11.60,,,,,,,,,,,,,,,,,,,,COASTAL ESTUARY SERVICES LLC,,29.86165075,-89.66872043
CRMS4548-P01,,3/11/2008,13:58,CST,,,,0.984,,,,,,,18.50,19610.00,11.70,,,,,,,,,,,,,,,,,,,,COASTAL ESTUARY SERVICES LLC,,29.86165075,-89.66872043
CRMS4548-P01,,4/9/2008,14:26,CST,,,,0.328,,,,,,,24.50,18180.00,10.80,,,,,,,,,,,,,,,,,,,,COASTAL ESTUARY SERVICES LLC,,29.86165075,-89.66872043
CRMS4548-P01,,4/9/2008,14:26,CST,,,,0.984,,,,,,,23.00,19580.00,11.50,,,,,,,,,,,,,,,,,,,,COASTAL ESTUARY SERVICES LLC,,29.86165075,-89.66872043
CRMS4548-P01,,5/9/2008,09:54,CST,,,,0.984,,,,,,,27.20,14790.00,8.60,,,,,,,,,,,,,,,,,,,,COASTAL ESTUARY SERVICES LLC,,29.86165075,-89.66872043
CRMS4548-P01,,6/18/2008,11:42,CST,,,,0.328,,,,,,,27.70,16040.00,9.40,,,,,,,,,,,,,,,,,,,,COASTAL ESTUARY SERVICES LLC,,29.86165075,-89.66872043
CRMS4548-P01,,6/18/2008,11:42,CST,,,,0.984,,,,,,,28.70,17260.00,10.10,,,,,,,,,,,,,,,,,,,,COASTAL ESTUARY SERVICES LLC,,29.86165075,-89.66872043
CRMS4548-P01,,7/15/2008,10:45,CST,,,,0.328,,,,,,,28.80,16900.00,9.90,,,,,,,,,,,,,,,,,,,,COASTAL ESTUARY SERVICES LLC,,29.86165075,-89.66872043
CRMS4548-P01,,7/15/2008,10:45,CST,,,,0.984,,,,,,,29.00,15860.00,9.20,,,,,,,,,,,,,,,,,,,,COASTAL ESTUARY SERVICES LLC,,29.86165075,-89.66872043
CRMS4548-P01,,8/18/2008,09:59,CST,,,,0.328,,,,,,,27.50,24020.00,14.50,,,,,,,,,,,,,,,,,,,,COASTAL ESTUARY SERVICES LLC,,29.86165075,-89.66872043
CRMS4548-P01,,8/18/2008,09:59,CST,,,,0.984,,,,,,,27.30,21670.00,13.00,,,,,,,,,,,,,,,,,,,,COASTAL ESTUARY SERVICES LLC,,29.86165075,-89.66872043
CRMS4548-P01,,9/23/2008,12:55,CST,,,,0.328,,,,,,,27.10,19170.00,11.30,,,,,,,,,,,,,,,,,,,,COASTAL ESTUARY SERVICES LLC,,29.86165075,-89.66872043
CRMS4548-P01,,10/28/2008,11:00,CST,,,,0.328,,,,,,,17.50,20240.00,12.10,,,,,,,,,,,,,,,,,,,,COASTAL ESTUARY SERVICES LLC,,29.86165075,-89.66872043
CRMS4548-P01,,10/28/2008,11:00,CST,,,,0.984,,,,,,,19.00,21380.00,12.90,,,,,,,,,,,,,,,,,,,,COASTAL ESTUARY SERVICES LLC,,29.86165075,-89.66872043
CRMS4548-P01,,12/4/2008,14:19,CST,,,,0.328,,,,,,,15.90,18860.00,11.30,,,,,,,,,,,,,,,,,,,,COASTAL ESTUARY SERVICES LLC,,29.86165075,-89.66872043
CRMS4548-P01,,1/29/2009,11:27,CST,,,,0.984,,,,,,,13.20,19880.00,11.90,,,,,,,,,,,,,,,,,,,,COASTAL ESTUARY SERVICES LLC,,29.86165075,-89.66872043
CRMS4548-P01,,2/17/2009,12:00,CST,,,,0.328,,,,,,,16.80,19080.00,11.40,,,,,,,,,,,,,,,,,,,,COASTAL ESTUARY SERVICES LLC,,29.86165075,-89.66872043
CRMS4548-P01,,2/17/2009,12:00,CST,,,,0.984,,,,,,,17.90,21020.00,12.60,,,,,,,,,,,,,,,,,,,,COASTAL ESTUARY SERVICES LLC,,29.86165075,-89.66872043
CRMS4548-P01,,3/17/2009,12:30,CST,,,,0.328,,,,,,,20.80,20390.00,12.20,,,,,,,,,,,,,,,,,,,,COASTAL ESTUARY SERVICES LLC,,29.86165075,-89.66872043
CRMS4548-P01,,3/17/2009,12:30,CST,,,,0.984,,,,,,,23.90,19950.00,11.90,,,,,,,,,,,,,,,,,,,,COASTAL ESTUARY SERVICES LLC,,29.86165075,-89.66872043
CRMS4548-P01,,4/14/2009,15:45,CST,,,,0.328,,,,,,,22.20,17910.00,10.60,,,,,,,,,,,,,,,,,,,,COASTAL ESTUARY SERVICES LLC,,29.86165075,-89.66872043
CRMS4548-P01,,4/14/2009,15:45,CST,,,,0.984,,,,,,,21.50,18020.00,10.70,,,,,,,,,,,,,,,,,,,,COASTAL ESTUARY SERVICES LLC,,29.86165075,-89.66872043
CRMS4548-P01,,5/19/2009,11:40,CST,,,,0.328,,,,,,,21.70,17140.00,10.10,,,,,,,,,,,,,,,,,,,,COASTAL ESTUARY SERVICES LLC,,29.86165075,-89.66872043
CRMS4548-P01,,5/19/2009,11:40,CST,,,,0.984,,,,,,,23.40,19470.00,11.60,,,,,,,,,,,,,,,,,,,,COASTAL ESTUARY SERVICES LLC,,29.86165075,-89.66872043
CRMS4548-P01,,6/16/2009,12:45,CST,,,,0.984,,,,,,,32.50,17300.00,10.10,,,,,,,,,,,,,,,,,,,,COASTAL ESTUARY SERVICES LLC,,29.86165075,-89.66872043
CRMS4548-P01,,7/16/2009,14:45,CST,,,,,,,,,,,,,,,,,,,,,,,,,,,,,,,,,COASTAL ESTUARY SERVICES LLC,,29.86165075,-89.66872043
CRMS4548-P01,,10/7/2009,10:03,CST,,,,,,,,,,,,,,,,,,,,,,,,,,,,,,,,,COASTAL ESTUARY SERVICES LLC,,29.86165075,-89.66872043
CRMS4548-P01,,11/5/2009,12:05,CST,,,,0.328,,,,,,,23.20,17170.00,10.10,,,,,,,,,,,,,,,,,,,,COASTAL ESTUARY SERVICES LLC,,29.86165075,-89.66872043
CRMS4548-P01,,12/11/2009,12:30,CST,,,,0.328,,,,,,,12.90,17430.00,10.30,,,,,,,,,,,,,,,,,,,,COASTAL ESTUARY SERVICES LLC,,29.86165075,-89.66872043
CRMS4548-P01,,1/5/2010,12:30,CST,,,,0.328,,,,,,,9.50,16570.00,9.70,,,,,,,,,,,,,,,,,,,,COASTAL ESTUARY SERVICES LLC,,29.86165075,-89.66872043
CRMS4548-P01,,1/5/2010,12:30,CST,,,,0.984,,,,,,,11.60,17720.00,10.40,,,,,,,,,,,,,,,,,,,,COASTAL ESTUARY SERVICES LLC,,29.86165075,-89.66872043
CRMS4548-P01,,2/10/2010,14:15,CST,,,,0.328,,,,,,,10.30,17650.00,10.40,,,,,,,,,,,,,,,,,,,,COASTAL ESTUARY SERVICES LLC,,29.86165075,-89.66872043
CRMS4548-P01,,2/10/2010,14:15,CST,,,,0.984,,,,,,,11.60,19340.00,11.50,,,,,,,,,,,,,,,,,,,,COASTAL ESTUARY SERVICES LLC,,29.86165075,-89.66872043
CRMS4548-P01,,3/4/2010,14:40,CST,,,,0.984,,,,,,,14.70,12620.00,7.30,,,,,,,,,,,,,,,,,,,,COASTAL ESTUARY SERVICES LLC,,29.86165075,-89.66872043
CRMS4548-P01,,3/30/2010,12:20,CST,,,,0.328,,,,,,,22.50,8480.00,4.80,,,,,,,,,,,,,,,,,,,,COASTAL ESTUARY SERVICES LLC,,29.86165075,-89.66872043
CRMS4548-P01,,3/30/2010,12:20,CST,,,,0.984,,,,,,,20.10,14620.00,8.50,,,,,,,,,,,,,,,,,,,,COASTAL ESTUARY SERVICES LLC,,29.86165075,-89.66872043
CRMS4548-P01,,5/4/2010,12:15,CST,,,,0.328,,,,,,,27.20,9400.00,5.20,,,,,,,,,,,,,,,,,,,,COASTAL ESTUARY SERVICES LLC,,29.86165075,-89.66872043
CRMS4548-P01,,6/18/2010,10:20,CST,,,,0.328,,,,,,,28.50,9350.00,5.20,,,,,,,,,,,,,,,,,,,,COASTAL ESTUARY SERVICES LLC,,29.86165075,-89.66872043
CRMS4548-P01,,6/18/2010,10:20,CST,,,,0.984,,,,,,,28.10,9840.00,5.50,,,,,,,,,,,,,,,,,,,,COASTAL ESTUARY SERVICES LLC,,29.86165075,-89.66872043
CRMS4548-P01,,8/18/2010,13:00,CST,,,,0.328,,,,,,,29.70,9670.00,5.40,,,,,,,,,,,,,,,,,,,,COASTAL ESTUARY SERVICES LLC,,29.86165075,-89.66872043
CRMS4548-P01,,9/17/2010,08:55,CST,,,,0.328,,,,,,,30.00,9250.00,5.10,,,,,,,,,,,,,,,,,,,,COASTAL ESTUARY SERVICES LLC,,29.86165075,-89.66872043
CRMS4548-P01,,9/17/2010,08:55,CST,,,,0.984,,,,,,,29.10,8900.00,4.90,,,,,,,,,,,,,,,,,,,,COASTAL ESTUARY SERVICES LLC,,29.86165075,-89.66872043
CRMS4548-P01,,10/18/2010,12:45,CST,,,,0.328,,,,,,,26.10,11210.00,6.40,,,,,,,,,,,,,,,,,,,,COASTAL ESTUARY SERVICES LLC,,29.86165075,-89.66872043
CRMS4548-P01,,10/18/2010,12:45,CST,,,,0.984,,,,,,,25.40,12320.00,7.00,,,,,,,,,,,,,,,,,,,,COASTAL ESTUARY SERVICES LLC,,29.86165075,-89.66872043
CRMS4548-P01,,11/17/2010,10:40,CST,,,,0.328,,,,,,,18.50,10700.00,6.10,,,,,,,,,,,,,,,,,,,,COASTAL ESTUARY SERVICES LLC,,29.86165075,-89.66872043
CRMS4548-P01,,11/17/2010,10:40,CST,,,,0.984,,,,,,,19.10,14150.00,8.20,,,,,,,,,,,,,,,,,,,,COASTAL ESTUARY SERVICES LLC,,29.86165075,-89.66872043
CRMS4548-P01,,12/16/2010,13:10,CST,,,,0.328,,,,,,,16.20,10010.00,5.70,,,,,,,,,,,,,,,,,,,,COASTAL ESTUARY SERVICES LLC,,29.86165075,-89.66872043
CRMS4548-P01,,12/16/2010,13:10,CST,,,,0.984,,,,,,,15.70,11210.00,6.40,,,,,,,,,,,,,,,,,,,,COASTAL ESTUARY SERVICES LLC,,29.86165075,-89.66872043
CRMS4548-P01,,2/11/2011,13:00,CST,,,,0.328,,,,,,,10.00,13770.00,8.00,,,,,,,,,,,,,,,,,,,,COASTAL ESTUARY SERVICES LLC,,29.86165075,-89.66872043
CRMS4548-P01,,2/11/2011,13:00,CST,,,,0.984,,,,,,,10.90,12760.00,7.40,,,,,,,,,,,,,,,,,,,,COASTAL ESTUARY SERVICES LLC,,29.86165075,-89.66872043
CRMS4548-P01,,4/8/2011,10:00,CST,,,,0.328,,,,,,,25.50,13150.00,7.60,,,,,,,,,,,,,,,,,,,,COASTAL ESTUARY SERVICES LLC,,29.86165075,-89.66872043
CRMS4548-P01,,4/8/2011,10:00,CST,,,,0.984,,,,,,,23.40,12720.00,7.30,,,,,,,,,,,,,,,,,,,,COASTAL ESTUARY SERVICES LLC,,29.86165075,-89.66872043
CRMS4548-P01,,4/28/2011,12:40,CST,,,,0.328,,,,,,,24.20,13450.00,7.70,,,,,,,,,,,,,,,,,,,,COASTAL ESTUARY SERVICES LLC,,29.86165075,-89.66872043
CRMS4548-P01,,4/28/2011,12:40,CST,,,,0.984,,,,,,,23.80,12060.00,6.90,,,,,,,,,,,,,,,,,,,,COASTAL ESTUARY SERVICES LLC,,29.86165075,-89.66872043
CRMS4548-P01,,5/25/2011,13:00,CST,,,,0.328,,,,,,,28.80,15230.00,8.90,,,,,,,,,,,,,,,,,,,,COASTAL ESTUARY SERVICES LLC,,29.86165075,-89.66872043
CRMS4548-P01,,5/25/2011,13:00,CST,,,,0.984,,,,,,,26.50,14090.00,8.10,,,,,,,,,,,,,,,,,,,,COASTAL ESTUARY SERVICES LLC,,29.86165075,-89.66872043
CRMS4548-P01,,6/15/2011,12:00,CST,,,,0.328,,,,,,,30.00,11320.00,6.40,,,,,,,,,,,,,,,,,,,,COASTAL ESTUARY SERVICES LLC,,29.86165075,-89.66872043
CRMS4548-P01,,8/1/2011,11:13,CST,,,,0.328,,,,,,,32.20,7640.00,4.20,,,,,,,,,,,,,,,,,,,,COASTAL ESTUARY SERVICES LLC,,29.86165075,-89.66872043
CRMS4548-P01,,8/1/2011,11:13,CST,,,,0.984,,,,,,,30.60,10690.00,6.00,,,,,,,,,,,,,,,,,,,,COASTAL ESTUARY SERVICES LLC,,29.86165075,-89.66872043
CRMS4548-P01,,10/24/2011,12:40,CST,,,,0.328,,,,,,,26.20,13400.00,7.60,,,,,,,,,,,,,,,,,,,,COASTAL ESTUARY SERVICES LLC,,29.86165075,-89.66872043
CRMS4548-P01,,11/15/2011,13:20,CST,,,,0.328,,,,,,,22.00,12440.00,7.20,,,,,,,,,,,,,,,,,,,,COASTAL ESTUARY SERVICES LLC,,29.86165075,-89.66872043
CRMS4548-P01,,2/28/2012,13:00,CST,,,,0.328,,,,,,,20.90,13280.00,7.70,,,,,,,,,,,,,,,,,,,,COASTAL ESTUARY SERVICES LLC,,29.86165075,-89.66872043
CRMS4548-P01,,2/28/2012,13:00,CST,,,,0.984,,,,,,,18.00,13170.00,7.60,,,,,,,,,,,,,,,,,,,,COASTAL ESTUARY SERVICES LLC,,29.86165075,-89.66872043
CRMS4548-P01,,3/28/2012,13:00,CST,,,,0.328,,,,,,,25.50,12760.00,7.30,,,,,,,,,,,,,,,,,,,,COASTAL ESTUARY SERVICES LLC,,29.86165075,-89.66872043
CRMS4548-P01,,3/28/2012,13:00,CST,,,,0.984,,,,,,,24.00,12540.00,7.20,,,,,,,,,,,,,,,,,,,,COASTAL ESTUARY SERVICES LLC,,29.86165075,-89.66872043
CRMS4548-P01,,4/9/2012,14:00,CST,,,,0.328,,,,,,,24.60,12030.00,6.90,,,,,,,,,,,,,,,,,,,,COASTAL ESTUARY SERVICES LLC,,29.86165075,-89.66872043
CRMS4548-P01,,4/9/2012,14:00,CST,,,,0.984,,,,,,,24.60,11900.00,6.80,,,,,,,,,,,,,,,,,,,,COASTAL ESTUARY SERVICES LLC,,29.86165075,-89.66872043
CRMS4548-P01,,5/4/2012,11:15,CST,,,,0.328,,,,,,,26.50,10860.00,6.10,,,,,,,,,,,,,,,,,,,,COASTAL ESTUARY SERVICES LLC,,29.86165075,-89.66872043
CRMS4548-P01,,5/4/2012,11:15,CST,,,,0.984,,,,,,,26.40,10690.00,6.00,,,,,,,,,,,,,,,,,,,,COASTAL ESTUARY SERVICES LLC,,29.86165075,-89.66872043
CRMS4548-P01,,6/4/2012,09:55,CST,,,,0.328,,,,,,,28.60,9610.00,5.40,,,,,,,,,,,,,,,,,,,,COASTAL ESTUARY SERVICES LLC,,29.86165075,-89.66872043
CRMS4548-P01,,6/4/2012,09:55,CST,,,,0.984,,,,,,,28.00,10390.00,5.90,,,,,,,,,,,,,,,,,,,,COASTAL ESTUARY SERVICES LLC,,29.86165075,-89.66872043
CRMS4548-P01,,7/11/2012,10:51,CST,,,,0.328,,,,,,,27.80,11390.00,6.40,,,,,,,,,,,,,,,,,,,,COASTAL ESTUARY SERVICES LLC,,29.86165075,-89.66872043
CRMS4548-P01,,7/11/2012,10:51,CST,,,,0.984,,,,,,,27.90,11780.00,6.50,,,,,,,,,,,,,,,,,,,,COASTAL ESTUARY SERVICES LLC,,29.86165075,-89.66872043
CRMS4548-P01,,7/12/2012,10:20,CST,,,,0.328,,,,,,,29.60,10460.00,5.90,,,,,,,,,,,,,,,,,,,,COASTAL ESTUARY SERVICES LLC,,29.86165075,-89.66872043
CRMS4548-P01,,7/12/2012,10:20,CST,,,,0.984,,,,,,,31.40,11760.00,6.70,,,,,,,,,,,,,,,,,,,,COASTAL ESTUARY SERVICES LLC,,29.86165075,-89.66872043
CRMS4548-P01,,9/18/2012,10:00,CST,,,,0.984,,,,,,,27.20,13150.00,7.50,,,,,,,,,,,,,,,,,,,,COASTAL ESTUARY SERVICES LLC,,29.86165075,-89.66872043
CRMS4548-P01,,11/2/2012,11:15,CST,,,,,,,,,,,,,,,,,,,,,,,,,,,,,,,,,COASTAL ESTUARY SERVICES LLC,,29.86165075,-89.66872043
CRMS4548-P01,,1/31/2013,12:30,CST,,,,,,,,,,,,,,,,,,,,,,,,,,,,,,,,,COASTAL ESTUARY SERVICES LLC,10cm and 30cm readings clogged.,29.86165075,-89.66872043
CRMS4548-P01,,2/27/2013,11:25,CST,,,,0.328,,,,,,,17.80,13060.00,7.50,,,,,,,,,,,,,,,,,,,,COASTAL ESTUARY SERVICES LLC,,29.86165075,-89.66872043
CRMS4548-P01,,2/27/2013,11:25,CST,,,,0.984,,,,,,,18.10,12290.00,7.10,,,,,,,,,,,,,,,,,,,,COASTAL ESTUARY SERVICES LLC,,29.86165075,-89.66872043
CRMS4548-P01,,3/28/2013,11:40,CST,,,,0.328,,,,,,,16.80,12370.00,7.10,,,,,,,,,,,,,,,,,,,,COASTAL ESTUARY SERVICES LLC,PW clogging after multiple attempts at 30cm,29.86165075,-89.66872043
CRMS4548-P01,,5/13/2013,11:25,CST,,,,0.328,,,,,,,21.70,10180.00,5.80,,,,,,,,,,,,,,,,,,,,COASTAL ESTUARY SERVICES LLC,,29.86165075,-89.66872043
CRMS4548-P01,,5/13/2013,11:25,CST,,,,0.984,,,,,,,21.10,7770.00,4.30,,,,,,,,,,,,,,,,,,,,COASTAL ESTUARY SERVICES LLC,,29.86165075,-89.66872043
CRMS4548-P01,,6/10/2013,11:35,CST,,,,0.328,,,,,,,29.50,7240.00,4.00,,,,,,,,,,,,,,,,,,,,COASTAL ESTUARY SERVICES LLC,,29.86165075,-89.66872043
CRMS4548-P01,,6/10/2013,11:35,CST,,,,0.984,,,,,,,28.20,8750.00,4.90,,,,,,,,,,,,,,,,,,,,COASTAL ESTUARY SERVICES LLC,,29.86165075,-89.66872043
CRMS4548-P01,,7/2/2013,10:30,CST,,,,0.328,,,,,,,29.00,8070.00,4.40,,,,,,,,,,,,,,,,,,,,COASTAL ESTUARY SERVICES LLC,,29.86165075,-89.66872043
CRMS4548-P01,,7/2/2013,10:30,CST,,,,0.984,,,,,,,28.70,9540.00,5.30,,,,,,,,,,,,,,,,,,,,COASTAL ESTUARY SERVICES LLC,,29.86165075,-89.66872043
CRMS4548-P01,,8/13/2013,10:10,CST,,,,0.984,,,,,,,31.40,9923.00,5.50,,,,,,,,,,,,,,,,,,,,COASTAL ESTUARY SERVICES LLC,Clogged at 10 cm,29.86165075,-89.66872043
CRMS4548-P01,,10/11/2013,12:50,CST,,,,,,,,,,,,,,,,,,,,,,,,,,,,,,,,,COASTAL ESTUARY SERVICES LLC,Dry @ 10 and 30 cm,29.86165075,-89.66872043
CRMS4548-P01,,4/30/2014,11:26,CST,,,,,,,,,,,,,,,,,,,,,,,,,,,,,,,,,COASTAL ESTUARY SERVICES LLC,clogged @ 10cm & 30cm,29.86165075,-89.66872043
CRMS4548-P01,,6/4/2014,11:10,CST,,,,0.328,,,,,,,28.50,8814.00,4.90,,,,,,,,,,,,,,,,,,,,COASTAL ESTUARY SERVICES LLC,,29.86165075,-89.66872043
CRMS4548-P01,,6/4/2014,11:10,CST,,,,0.984,,,,,,,27.30,8873.00,4.70,,,,,,,,,,,,,,,,,,,,COASTAL ESTUARY SERVICES LLC,,29.86165075,-89.66872043
CRMS4548-P01,,7/10/2014,10:35,CST,,,,,,,,,,,,,,,,,,,,,,,,,,,,,,,,,COASTAL ESTUARY SERVICES LLC,30cm and 10cm clogged,29.86165075,-89.66872043
CRMS4548-P01,,8/20/2014,11:40,CST,,,,0.328,,,,,,,30.70,8360.00,4.60,,,,,,,,,,,,,,,,,,,,COASTAL ESTUARY SERVICES LLC,clogged @ 30cm,29.86165075,-89.66872043
CRMS4548-P01,,10/16/2014,11:30,CST,,,,,,,,,,,,,,,,,,,,,,,,,,,,,,,,,COASTAL ESTUARY SERVICES LLC,clogged @ 10cm & 30cm,29.86165075,-89.66872043
CRMS4548-P01,,11/7/2014,11:25,CST,,,,,,,,,,,,,,,,,,,,,,,,,,,,,,,,,COASTAL ESTUARY SERVICES LLC,dry @ 10cm & 30cm,29.86165075,-89.66872043
CRMS4548-P01,,4/10/2015,11:05,CST,,,,0.328,,,,,,,28.70,12149.00,6.90,,,,,,,,,,,,,,,,,,,,COASTAL ESTUARY SERVICES LLC,dry @ 30cm,29.86165075,-89.66872043
CRMS4548-P01,,6/19/2015,09:38,CST,,,,0.328,,,,,,,30.70,9200.00,5.10,,,,,,,,,,,,,,,,,,,,COASTAL ESTUARY SERVICES LLC,,29.86165075,-89.66872043
CRMS4548-P01,,8/11/2015,10:00,CST,,,,0.328,,,,,,,30.50,8460.00,4.70,,,,,,,,,,,,,,,,,,,,COASTAL ESTUARY SERVICES LLC,,29.86165075,-89.66872043
CRMS4548-P01,,8/11/2015,10:00,CST,,,,0.984,,,,,,,29.50,8500.00,4.70,,,,,,,,,,,,,,,,,,,,COASTAL ESTUARY SERVICES LLC,,29.86165075,-89.66872043
CRMS4548-P01,,9/6/2016,09:18,CST,,,,,,,,,,,,,,,,,,,,,,,,,,,,,,,,,COASTAL ESTUARY SERVICES LLC,Water on marsh too high to pull Pore Water,29.86165075,-89.66872043
CRMS4548-P01,,9/7/2017,09:50,CST,,,,0.328,,,,,,,28.90,6513.00,3.50,,,,,,,,,,,,,,,,,,,,COASTAL ESTUARY SERVICES LLC,,29.86165075,-89.66872043
CRMS4548-P01,,9/7/2017,09:50,CST,,,,0.984,,,,,,,26.90,6697.00,3.70,,,,,,,,,,,,,,,,,,,,COASTAL ESTUARY SERVICES LLC,,29.86165075,-89.66872043
CRMS4548-P01,,8/30/2018,10:30,CST,,,,0.328,,,,,,,28.80,9432.00,5.30,,,,,,,,,,,,,,,,,,,,COASTAL ESTUARY SERVICES LLC,Depth of water on marsh = 0.5ft. ,29.86165075,-89.66872043
CRMS4548-P01,,8/30/2018,10:30,CST,,,,0.984,,,,,,,28.50,8280.00,4.60,,,,,,,,,,,,,,,,,,,,COASTAL ESTUARY SERVICES LLC,Depth of water on marsh = 0.5ft. ,29.86165075,-89.66872043
CRMS4548-P01,,8/22/2019,12:00,CST,,,,0.328,,,,,,,31.90,5953.00,3.20,,,,,,,,,,,,,,,,,,,,COASTAL ESTUARY SERVICES LLC,no water on marsh,29.86165075,-89.66872043
CRMS4548-P01,,8/22/2019,12:00,CST,,,,0.984,,,,,,,32.00,8037.00,4.40,,,,,,,,,,,,,,,,,,,,COASTAL ESTUARY SERVICES LLC,,29.86165075,-89.66872043
CRMS4548-P01,,7/22/2021,13:22,CST,0.60,GEOID12A,,0.328,,,,,,,29.40,4973.00,2.60,,,,,,,,,,,,,,,,,,,,COASTAL ESTUARY SERVICES LLC,Marsh Not Flooded; ,29.86165075,-89.66872043
CRMS4548-P01,,7/22/2021,13:22,CST,0.60,GEOID12A,,0.984,,,,,,,29.60,6621.00,3.60,,,,,,,,,,,,,,,,,,,,COASTAL ESTUARY SERVICES LLC,Marsh Not Flooded; ,29.86165075,-89.66872043
CRMS4548-P02,,8/23/2007,12:56,CST,,,,0.328,,,,,,,30.20,24230.00,14.60,,,,,,,,,,,,,,,,,,,,COASTAL ESTUARY SERVICES LLC,,29.86165075,-89.66872043
CRMS4548-P02,,8/23/2007,12:56,CST,,,,0.984,,,,,,,30.90,23220.00,13.90,,,,,,,,,,,,,,,,,,,,COASTAL ESTUARY SERVICES LLC,,29.86165075,-89.66872043
CRMS4548-P02,,1/23/2008,12:35,CST,,,,0.328,,,,,,,13.00,23590.00,14.30,,,,,,,,,,,,,,,,,,,,COASTAL ESTUARY SERVICES LLC,,29.86165075,-89.66872043
CRMS4548-P02,,1/23/2008,12:35,CST,,,,0.984,,,,,,,13.80,23550.00,14.30,,,,,,,,,,,,,,,,,,,,COASTAL ESTUARY SERVICES LLC,,29.86165075,-89.66872043
CRMS4548-P02,,2/20/2008,10:44,CST,,,,0.328,,,,,,,17.10,20380.00,12.20,,,,,,,,,,,,,,,,,,,,COASTAL ESTUARY SERVICES LLC,,29.86165075,-89.66872043
CRMS4548-P02,,2/20/2008,10:44,CST,,,,0.984,,,,,,,18.30,22650.00,13.70,,,,,,,,,,,,,,,,,,,,COASTAL ESTUARY SERVICES LLC,,29.86165075,-89.66872043
CRMS4548-P02,,3/11/2008,13:58,CST,,,,0.328,,,,,,,16.80,19720.00,11.80,,,,,,,,,,,,,,,,,,,,COASTAL ESTUARY SERVICES LLC,,29.86165075,-89.66872043
CRMS4548-P02,,3/11/2008,13:58,CST,,,,0.984,,,,,,,17.40,21200.00,12.80,,,,,,,,,,,,,,,,,,,,COASTAL ESTUARY SERVICES LLC,,29.86165075,-89.66872043
CRMS4548-P02,,4/9/2008,14:26,CST,,,,0.328,,,,,,,23.60,16520.00,9.70,,,,,,,,,,,,,,,,,,,,COASTAL ESTUARY SERVICES LLC,,29.86165075,-89.66872043
CRMS4548-P02,,4/9/2008,14:26,CST,,,,0.984,,,,,,,23.80,18880.00,11.20,,,,,,,,,,,,,,,,,,,,COASTAL ESTUARY SERVICES LLC,,29.86165075,-89.66872043
CRMS4548-P02,,5/9/2008,09:54,CST,,,,0.984,,,,,,,25.90,15150.00,8.70,,,,,,,,,,,,,,,,,,,,COASTAL ESTUARY SERVICES LLC,,29.86165075,-89.66872043
CRMS4548-P02,,6/18/2008,11:42,CST,,,,0.328,,,,,,,27.70,16120.00,9.40,,,,,,,,,,,,,,,,,,,,COASTAL ESTUARY SERVICES LLC,,29.86165075,-89.66872043
CRMS4548-P02,,6/18/2008,11:42,CST,,,,0.984,,,,,,,27.80,17210.00,10.10,,,,,,,,,,,,,,,,,,,,COASTAL ESTUARY SERVICES LLC,,29.86165075,-89.66872043
CRMS4548-P02,,7/15/2008,10:45,CST,,,,0.328,,,,,,,29.20,15680.00,9.10,,,,,,,,,,,,,,,,,,,,COASTAL ESTUARY SERVICES LLC,,29.86165075,-89.66872043
CRMS4548-P02,,7/15/2008,10:45,CST,,,,0.984,,,,,,,29.60,15320.00,8.90,,,,,,,,,,,,,,,,,,,,COASTAL ESTUARY SERVICES LLC,,29.86165075,-89.66872043
CRMS4548-P02,,8/18/2008,09:59,CST,,,,0.328,,,,,,,27.50,25040.00,15.20,,,,,,,,,,,,,,,,,,,,COASTAL ESTUARY SERVICES LLC,,29.86165075,-89.66872043
CRMS4548-P02,,8/18/2008,09:59,CST,,,,0.984,,,,,,,27.20,21060.00,12.60,,,,,,,,,,,,,,,,,,,,COASTAL ESTUARY SERVICES LLC,,29.86165075,-89.66872043
CRMS4548-P02,,9/23/2008,12:55,CST,,,,0.328,,,,,,,26.80,20720.00,12.40,,,,,,,,,,,,,,,,,,,,COASTAL ESTUARY SERVICES LLC,,29.86165075,-89.66872043
CRMS4548-P02,,10/28/2008,11:00,CST,,,,0.984,,,,,,,18.50,16460.00,9.70,,,,,,,,,,,,,,,,,,,,COASTAL ESTUARY SERVICES LLC,,29.86165075,-89.66872043
CRMS4548-P02,,12/4/2008,14:19,CST,,,,0.328,,,,,,,16.00,17410.00,10.30,,,,,,,,,,,,,,,,,,,,COASTAL ESTUARY SERVICES LLC,,29.86165075,-89.66872043
CRMS4548-P02,,1/29/2009,11:27,CST,,,,0.984,,,,,,,14.50,20070.00,12.00,,,,,,,,,,,,,,,,,,,,COASTAL ESTUARY SERVICES LLC,,29.86165075,-89.66872043
CRMS4548-P02,,2/17/2009,12:00,CST,,,,0.328,,,,,,,17.50,19710.00,11.80,,,,,,,,,,,,,,,,,,,,COASTAL ESTUARY SERVICES LLC,,29.86165075,-89.66872043
CRMS4548-P02,,2/17/2009,12:00,CST,,,,0.984,,,,,,,18.30,21000.00,12.60,,,,,,,,,,,,,,,,,,,,COASTAL ESTUARY SERVICES LLC,,29.86165075,-89.66872043
CRMS4548-P02,,3/17/2009,12:30,CST,,,,0.328,,,,,,,21.50,18940.00,11.30,,,,,,,,,,,,,,,,,,,,COASTAL ESTUARY SERVICES LLC,,29.86165075,-89.66872043
CRMS4548-P02,,3/17/2009,12:30,CST,,,,0.984,,,,,,,22.10,20000.00,11.90,,,,,,,,,,,,,,,,,,,,COASTAL ESTUARY SERVICES LLC,,29.86165075,-89.66872043
CRMS4548-P02,,4/14/2009,15:45,CST,,,,0.328,,,,,,,21.40,18250.00,10.80,,,,,,,,,,,,,,,,,,,,COASTAL ESTUARY SERVICES LLC,,29.86165075,-89.66872043
CRMS4548-P02,,4/14/2009,15:45,CST,,,,0.984,,,,,,,20.90,17840.00,10.60,,,,,,,,,,,,,,,,,,,,COASTAL ESTUARY SERVICES LLC,,29.86165075,-89.66872043
CRMS4548-P02,,5/19/2009,11:40,CST,,,,0.328,,,,,,,21.90,18270.00,10.90,,,,,,,,,,,,,,,,,,,,COASTAL ESTUARY SERVICES LLC,,29.86165075,-89.66872043
CRMS4548-P02,,5/19/2009,11:40,CST,,,,0.984,,,,,,,22.70,18290.00,10.80,,,,,,,,,,,,,,,,,,,,COASTAL ESTUARY SERVICES LLC,,29.86165075,-89.66872043
CRMS4548-P02,,6/16/2009,12:45,CST,,,,0.984,,,,,,,31.80,15430.00,8.90,,,,,,,,,,,,,,,,,,,,COASTAL ESTUARY SERVICES LLC,,29.86165075,-89.66872043
CRMS4548-P02,,7/16/2009,14:55,CST,,,,0.328,,,,,,,27.90,19139.00,11.30,,,,,,,,,,,,,,,,,,,,COASTAL ESTUARY SERVICES LLC,,29.86165075,-89.66872043
CRMS4548-P02,,10/7/2009,10:03,CST,,,,,,,,,,,,,,,,,,,,,,,,,,,,,,,,,COASTAL ESTUARY SERVICES LLC,,29.86165075,-89.66872043
CRMS4548-P02,,11/5/2009,12:05,CST,,,,0.328,,,,,,,23.30,18700.00,11.10,,,,,,,,,,,,,,,,,,,,COASTAL ESTUARY SERVICES LLC,,29.86165075,-89.66872043
CRMS4548-P02,,11/5/2009,12:05,CST,,,,0.984,,,,,,,22.50,19230.00,11.40,,,,,,,,,,,,,,,,,,,,COASTAL ESTUARY SERVICES LLC,,29.86165075,-89.66872043
CRMS4548-P02,,12/11/2009,12:30,CST,,,,0.328,,,,,,,13.20,17220.00,10.20,,,,,,,,,,,,,,,,,,,,COASTAL ESTUARY SERVICES LLC,,29.86165075,-89.66872043
CRMS4548-P02,,1/5/2010,12:30,CST,,,,0.328,,,,,,,7.80,12960.00,8.74,,,,,,,,,,,,,,,,,,,,COASTAL ESTUARY SERVICES LLC,,29.86165075,-89.66872043
CRMS4548-P02,,1/5/2010,12:30,CST,,,,0.984,,,,,,,9.60,12500.00,10.50,,,,,,,,,,,,,,,,,,,,COASTAL ESTUARY SERVICES LLC,,29.86165075,-89.66872043
CRMS4548-P02,,2/10/2010,14:15,CST,,,,0.328,,,,,,,10.00,15360.00,8.90,,,,,,,,,,,,,,,,,,,,COASTAL ESTUARY SERVICES LLC,,29.86165075,-89.66872043
CRMS4548-P02,,2/10/2010,14:15,CST,,,,0.984,,,,,,,12.10,19130.00,11.40,,,,,,,,,,,,,,,,,,,,COASTAL ESTUARY SERVICES LLC,,29.86165075,-89.66872043
CRMS4548-P02,,3/4/2010,14:40,CST,,,,0.984,,,,,,,14.80,14360.00,8.40,,,,,,,,,,,,,,,,,,,,COASTAL ESTUARY SERVICES LLC,,29.86165075,-89.66872043
CRMS4548-P02,,3/30/2010,12:20,CST,,,,0.984,,,,,,,21.90,11550.00,6.60,,,,,,,,,,,,,,,,,,,,COASTAL ESTUARY SERVICES LLC,,29.86165075,-89.66872043
CRMS4548-P02,,5/4/2010,12:15,CST,,,,,,,,,,,,,,,,,,,,,,,,,,,,,,,,,COASTAL ESTUARY SERVICES LLC,,29.86165075,-89.66872043
CRMS4548-P02,,8/18/2010,13:00,CST,,,,0.328,,,,,,,29.50,9560.00,5.30,,,,,,,,,,,,,,,,,,,,COASTAL ESTUARY SERVICES LLC,,29.86165075,-89.66872043
CRMS4548-P02,,9/17/2010,08:55,CST,,,,0.328,,,,,,,29.40,10120.00,5.70,,,,,,,,,,,,,,,,,,,,COASTAL ESTUARY SERVICES LLC,,29.86165075,-89.66872043
CRMS4548-P02,,9/17/2010,08:55,CST,,,,0.984,,,,,,,29.30,9830.00,5.50,,,,,,,,,,,,,,,,,,,,COASTAL ESTUARY SERVICES LLC,,29.86165075,-89.66872043
CRMS4548-P02,,10/18/2010,12:45,CST,,,,0.328,,,,,,,24.80,11330.00,6.40,,,,,,,,,,,,,,,,,,,,COASTAL ESTUARY SERVICES LLC,,29.86165075,-89.66872043
CRMS4548-P02,,10/18/2010,12:45,CST,,,,0.984,,,,,,,24.70,11440.00,6.50,,,,,,,,,,,,,,,,,,,,COASTAL ESTUARY SERVICES LLC,,29.86165075,-89.66872043
CRMS4548-P02,,11/17/2010,10:40,CST,,,,0.328,,,,,,,18.60,11360.00,6.50,,,,,,,,,,,,,,,,,,,,COASTAL ESTUARY SERVICES LLC,,29.86165075,-89.66872043
CRMS4548-P02,,11/17/2010,10:40,CST,,,,0.984,,,,,,,18.90,13840.00,8.00,,,,,,,,,,,,,,,,,,,,COASTAL ESTUARY SERVICES LLC,,29.86165075,-89.66872043
CRMS4548-P02,,12/16/2010,13:10,CST,,,,0.328,,,,,,,14.70,11530.00,6.60,,,,,,,,,,,,,,,,,,,,COASTAL ESTUARY SERVICES LLC,,29.86165075,-89.66872043
CRMS4548-P02,,12/16/2010,13:10,CST,,,,0.984,,,,,,,15.30,10990.00,6.30,,,,,,,,,,,,,,,,,,,,COASTAL ESTUARY SERVICES LLC,,29.86165075,-89.66872043
CRMS4548-P02,,2/11/2011,13:00,CST,,,,0.328,,,,,,,10.30,13280.00,7.70,,,,,,,,,,,,,,,,,,,,COASTAL ESTUARY SERVICES LLC,,29.86165075,-89.66872043
CRMS4548-P02,,2/11/2011,13:00,CST,,,,0.984,,,,,,,10.80,13040.00,7.50,,,,,,,,,,,,,,,,,,,,COASTAL ESTUARY SERVICES LLC,,29.86165075,-89.66872043
CRMS4548-P02,,4/8/2011,10:00,CST,,,,0.328,,,,,,,24.10,13360.00,7.60,,,,,,,,,,,,,,,,,,,,COASTAL ESTUARY SERVICES LLC,,29.86165075,-89.66872043
CRMS4548-P02,,4/8/2011,10:00,CST,,,,0.984,,,,,,,22.80,13140.00,7.60,,,,,,,,,,,,,,,,,,,,COASTAL ESTUARY SERVICES LLC,,29.86165075,-89.66872043
CRMS4548-P02,,4/28/2011,12:40,CST,,,,0.328,,,,,,,24.20,13380.00,7.70,,,,,,,,,,,,,,,,,,,,COASTAL ESTUARY SERVICES LLC,,29.86165075,-89.66872043
CRMS4548-P02,,4/28/2011,12:40,CST,,,,0.984,,,,,,,23.90,12520.00,7.20,,,,,,,,,,,,,,,,,,,,COASTAL ESTUARY SERVICES LLC,,29.86165075,-89.66872043
CRMS4548-P02,,5/25/2011,13:00,CST,,,,0.328,,,,,,,27.70,13710.00,7.90,,,,,,,,,,,,,,,,,,,,COASTAL ESTUARY SERVICES LLC,,29.86165075,-89.66872043
CRMS4548-P02,,5/25/2011,13:00,CST,,,,0.984,,,,,,,26.20,13490.00,7.80,,,,,,,,,,,,,,,,,,,,COASTAL ESTUARY SERVICES LLC,,29.86165075,-89.66872043
CRMS4548-P02,,6/15/2011,12:00,CST,,,,0.328,,,,,,,29.50,11160.00,6.30,,,,,,,,,,,,,,,,,,,,COASTAL ESTUARY SERVICES LLC,,29.86165075,-89.66872043
CRMS4548-P02,,8/1/2011,11:13,CST,,,,0.328,,,,,,,31.60,7550.00,4.10,,,,,,,,,,,,,,,,,,,,COASTAL ESTUARY SERVICES LLC,,29.86165075,-89.66872043
CRMS4548-P02,,8/1/2011,11:13,CST,,,,0.984,,,,,,,31.60,10090.00,5.60,,,,,,,,,,,,,,,,,,,,COASTAL ESTUARY SERVICES LLC,,29.86165075,-89.66872043
CRMS4548-P02,,10/24/2011,12:40,CST,,,,0.328,,,,,,,24.80,11660.00,6.60,,,,,,,,,,,,,,,,,,,,COASTAL ESTUARY SERVICES LLC,,29.86165075,-89.66872043
CRMS4548-P02,,11/15/2011,13:20,CST,,,,0.328,,,,,,,22.80,12150.00,7.00,,,,,,,,,,,,,,,,,,,,COASTAL ESTUARY SERVICES LLC,,29.86165075,-89.66872043
CRMS4548-P02,,2/28/2012,13:00,CST,,,,0.328,,,,,,,21.40,12970.00,7.50,,,,,,,,,,,,,,,,,,,,COASTAL ESTUARY SERVICES LLC,,29.86165075,-89.66872043
CRMS4548-P02,,2/28/2012,13:00,CST,,,,0.984,,,,,,,17.50,13250.00,7.70,,,,,,,,,,,,,,,,,,,,COASTAL ESTUARY SERVICES LLC,,29.86165075,-89.66872043
CRMS4548-P02,,3/28/2012,13:00,CST,,,,0.328,,,,,,,23.30,13150.00,7.60,,,,,,,,,,,,,,,,,,,,COASTAL ESTUARY SERVICES LLC,,29.86165075,-89.66872043
CRMS4548-P02,,3/28/2012,13:00,CST,,,,0.984,,,,,,,23.30,13420.00,7.70,,,,,,,,,,,,,,,,,,,,COASTAL ESTUARY SERVICES LLC,,29.86165075,-89.66872043
CRMS4548-P02,,4/9/2012,14:00,CST,,,,0.328,,,,,,,25.00,12610.00,7.20,,,,,,,,,,,,,,,,,,,,COASTAL ESTUARY SERVICES LLC,,29.86165075,-89.66872043
CRMS4548-P02,,4/9/2012,14:00,CST,,,,0.984,,,,,,,24.90,11420.00,6.50,,,,,,,,,,,,,,,,,,,,COASTAL ESTUARY SERVICES LLC,,29.86165075,-89.66872043
CRMS4548-P02,,5/4/2012,11:15,CST,,,,0.328,,,,,,,27.80,9765.00,5.50,,,,,,,,,,,,,,,,,,,,COASTAL ESTUARY SERVICES LLC,,29.86165075,-89.66872043
CRMS4548-P02,,5/4/2012,11:15,CST,,,,0.984,,,,,,,26.10,9662.00,5.40,,,,,,,,,,,,,,,,,,,,COASTAL ESTUARY SERVICES LLC,,29.86165075,-89.66872043
CRMS4548-P02,,6/4/2012,09:55,CST,,,,0.328,,,,,,,30.00,9530.00,5.30,,,,,,,,,,,,,,,,,,,,COASTAL ESTUARY SERVICES LLC,,29.86165075,-89.66872043
CRMS4548-P02,,6/4/2012,09:55,CST,,,,0.984,,,,,,,28.70,10350.00,5.80,,,,,,,,,,,,,,,,,,,,COASTAL ESTUARY SERVICES LLC,,29.86165075,-89.66872043
CRMS4548-P02,,7/12/2012,10:20,CST,,,,0.328,,,,,,,28.90,10630.00,6.00,,,,,,,,,,,,,,,,,,,,COASTAL ESTUARY SERVICES LLC,,29.86165075,-89.66872043
CRMS4548-P02,,7/12/2012,10:20,CST,,,,0.984,,,,,,,29.40,11960.00,6.80,,,,,,,,,,,,,,,,,,,,COASTAL ESTUARY SERVICES LLC,,29.86165075,-89.66872043
CRMS4548-P02,,9/18/2012,10:00,CST,,,,0.984,,,,,,,26.60,13380.00,7.70,,,,,,,,,,,,,,,,,,,,COASTAL ESTUARY SERVICES LLC,,29.86165075,-89.66872043
CRMS4548-P02,,11/2/2012,11:15,CST,,,,,,,,,,,,,,,,,,,,,,,,,,,,,,,,,COASTAL ESTUARY SERVICES LLC,,29.86165075,-89.66872043
CRMS4548-P02,,1/31/2013,12:30,CST,,,,,,,,,,,,,,,,,,,,,,,,,,,,,,,,,COASTAL ESTUARY SERVICES LLC,10cm and 30cm readings clogged.,29.86165075,-89.66872043
CRMS4548-P02,,2/27/2013,11:25,CST,,,,0.328,,,,,,,17.50,12400.00,7.10,,,,,,,,,,,,,,,,,,,,COASTAL ESTUARY SERVICES LLC,,29.86165075,-89.66872043
CRMS4548-P02,,2/27/2013,11:25,CST,,,,0.984,,,,,,,18.30,12250.00,7.10,,,,,,,,,,,,,,,,,,,,COASTAL ESTUARY SERVICES LLC,,29.86165075,-89.66872043
CRMS4548-P02,,3/28/2013,11:40,CST,,,,0.328,,,,,,,16.90,12520.00,7.20,,,,,,,,,,,,,,,,,,,,COASTAL ESTUARY SERVICES LLC,PW clogging after multiple attempts at 30cm,29.86165075,-89.66872043
CRMS4548-P02,,5/13/2013,11:25,CST,,,,0.328,,,,,,,20.70,7430.00,4.10,,,,,,,,,,,,,,,,,,,,COASTAL ESTUARY SERVICES LLC,,29.86165075,-89.66872043
CRMS4548-P02,,5/13/2013,11:25,CST,,,,0.984,,,,,,,21.30,6830.00,3.80,,,,,,,,,,,,,,,,,,,,COASTAL ESTUARY SERVICES LLC,,29.86165075,-89.66872043
CRMS4548-P02,,6/10/2013,11:35,CST,,,,0.328,,,,,,,28.50,6930.00,3.80,,,,,,,,,,,,,,,,,,,,COASTAL ESTUARY SERVICES LLC,,29.86165075,-89.66872043
CRMS4548-P02,,6/10/2013,11:35,CST,,,,0.984,,,,,,,29.00,8610.00,4.80,,,,,,,,,,,,,,,,,,,,COASTAL ESTUARY SERVICES LLC,,29.86165075,-89.66872043
CRMS4548-P02,,7/2/2013,10:30,CST,,,,0.328,,,,,,,28.20,7900.00,4.30,,,,,,,,,,,,,,,,,,,,COASTAL ESTUARY SERVICES LLC,,29.86165075,-89.66872043
CRMS4548-P02,,7/2/2013,10:30,CST,,,,0.984,,,,,,,28.00,9750.00,5.50,,,,,,,,,,,,,,,,,,,,COASTAL ESTUARY SERVICES LLC,,29.86165075,-89.66872043
CRMS4548-P02,,8/13/2013,10:10,CST,,,,0.984,,,,,,,31.10,9229.00,5.10,,,,,,,,,,,,,,,,,,,,COASTAL ESTUARY SERVICES LLC,Clogged at 10 cm,29.86165075,-89.66872043
CRMS4548-P02,,10/11/2013,12:50,CST,,,,,,,,,,,,,,,,,,,,,,,,,,,,,,,,,COASTAL ESTUARY SERVICES LLC,Dry @ 10 and 30 cm,29.86165075,-89.66872043
CRMS4548-P02,,4/30/2014,11:26,CST,,,,,,,,,,,,,,,,,,,,,,,,,,,,,,,,,COASTAL ESTUARY SERVICES LLC,clogged @ 10cm & 30cm,29.86165075,-89.66872043
CRMS4548-P02,,6/4/2014,11:10,CST,,,,0.328,,,,,,,27.90,8371.00,4.60,,,,,,,,,,,,,,,,,,,,COASTAL ESTUARY SERVICES LLC,,29.86165075,-89.66872043
CRMS4548-P02,,6/4/2014,11:10,CST,,,,0.984,,,,,,,27.10,8296.00,4.60,,,,,,,,,,,,,,,,,,,,COASTAL ESTUARY SERVICES LLC,,29.86165075,-89.66872043
CRMS4548-P02,,7/10/2014,10:35,CST,,,,,,,,,,,,,,,,,,,,,,,,,,,,,,,,,COASTAL ESTUARY SERVICES LLC,30cm and 10cm clogged,29.86165075,-89.66872043
CRMS4548-P02,,8/20/2014,11:40,CST,,,,0.328,,,,,,,30.80,8210.00,4.50,,,,,,,,,,,,,,,,,,,,COASTAL ESTUARY SERVICES LLC,clogged @ 30cm,29.86165075,-89.66872043
CRMS4548-P02,,10/16/2014,11:30,CST,,,,,,,,,,,,,,,,,,,,,,,,,,,,,,,,,COASTAL ESTUARY SERVICES LLC,clogged @ 10cm & 30cm,29.86165075,-89.66872043
CRMS4548-P02,,11/7/2014,11:25,CST,,,,,,,,,,,,,,,,,,,,,,,,,,,,,,,,,COASTAL ESTUARY SERVICES LLC,dry @ 10cm & 30cm,29.86165075,-89.66872043
CRMS4548-P02,,4/10/2015,11:05,CST,,,,0.328,,,,,,,27.30,12435.00,7.10,,,,,,,,,,,,,,,,,,,,COASTAL ESTUARY SERVICES LLC,dry @ 30cm,29.86165075,-89.66872043
CRMS4548-P02,,6/19/2015,09:38,CST,,,,0.328,,,,,,,29.10,8600.00,4.80,,,,,,,,,,,,,,,,,,,,COASTAL ESTUARY SERVICES LLC,,29.86165075,-89.66872043
CRMS4548-P02,,8/11/2015,10:00,CST,,,,0.328,,,,,,,30.20,8570.00,4.70,,,,,,,,,,,,,,,,,,,,COASTAL ESTUARY SERVICES LLC,,29.86165075,-89.66872043
CRMS4548-P02,,8/11/2015,10:00,CST,,,,0.984,,,,,,,29.40,8600.00,4.80,,,,,,,,,,,,,,,,,,,,COASTAL ESTUARY SERVICES LLC,,29.86165075,-89.66872043
CRMS4548-P02,,9/6/2016,09:18,CST,,,,,,,,,,,,,,,,,,,,,,,,,,,,,,,,,COASTAL ESTUARY SERVICES LLC,Water on marsh too high to pull Pore Water,29.86165075,-89.66872043
CRMS4548-P03,,8/23/2007,12:56,CST,,,,0.328,,,,,,,30.10,24620.00,14.80,,,,,,,,,,,,,,,,,,,,COASTAL ESTUARY SERVICES LLC,,29.86165075,-89.66872043
CRMS4548-P03,,8/23/2007,12:56,CST,,,,0.984,,,,,,,30.60,23340.00,14.00,,,,,,,,,,,,,,,,,,,,COASTAL ESTUARY SERVICES LLC,,29.86165075,-89.66872043
CRMS4548-P03,,1/23/2008,12:35,CST,,,,0.328,,,,,,,12.90,25570.00,14.30,,,,,,,,,,,,,,,,,,,,COASTAL ESTUARY SERVICES LLC,,29.86165075,-89.66872043
CRMS4548-P03,,1/23/2008,12:35,CST,,,,0.984,,,,,,,13.60,24190.00,14.70,,,,,,,,,,,,,,,,,,,,COASTAL ESTUARY SERVICES LLC,,29.86165075,-89.66872043
CRMS4548-P03,,2/20/2008,10:46,CST,,,,0.328,,,,,,,17.90,19870.00,11.90,,,,,,,,,,,,,,,,,,,,COASTAL ESTUARY SERVICES LLC,,29.86165075,-89.66872043
CRMS4548-P03,,2/20/2008,10:46,CST,,,,0.984,,,,,,,17.30,20960.00,12.60,,,,,,,,,,,,,,,,,,,,COASTAL ESTUARY SERVICES LLC,,29.86165075,-89.66872043
CRMS4548-P03,,3/11/2008,13:58,CST,,,,0.328,,,,,,,16.70,19580.00,11.70,,,,,,,,,,,,,,,,,,,,COASTAL ESTUARY SERVICES LLC,,29.86165075,-89.66872043
CRMS4548-P03,,3/11/2008,13:58,CST,,,,0.984,,,,,,,17.90,21200.00,12.80,,,,,,,,,,,,,,,,,,,,COASTAL ESTUARY SERVICES LLC,,29.86165075,-89.66872043
CRMS4548-P03,,4/9/2008,14:26,CST,,,,0.328,,,,,,,23.20,17480.00,10.30,,,,,,,,,,,,,,,,,,,,COASTAL ESTUARY SERVICES LLC,,29.86165075,-89.66872043
CRMS4548-P03,,4/9/2008,14:26,CST,,,,0.984,,,,,,,23.30,17850.00,10.60,,,,,,,,,,,,,,,,,,,,COASTAL ESTUARY SERVICES LLC,,29.86165075,-89.66872043
CRMS4548-P03,,5/9/2008,09:54,CST,,,,0.984,,,,,,,25.60,14980.00,8.60,,,,,,,,,,,,,,,,,,,,COASTAL ESTUARY SERVICES LLC,,29.86165075,-89.66872043
CRMS4548-P03,,6/18/2008,11:42,CST,,,,0.328,,,,,,,27.70,16140.00,9.40,,,,,,,,,,,,,,,,,,,,COASTAL ESTUARY SERVICES LLC,,29.86165075,-89.66872043
CRMS4548-P03,,6/18/2008,11:42,CST,,,,0.984,,,,,,,27.60,17340.00,10.20,,,,,,,,,,,,,,,,,,,,COASTAL ESTUARY SERVICES LLC,,29.86165075,-89.66872043
CRMS4548-P03,,7/15/2008,10:45,CST,,,,0.328,,,,,,,28.80,16310.00,9.50,,,,,,,,,,,,,,,,,,,,COASTAL ESTUARY SERVICES LLC,,29.86165075,-89.66872043
CRMS4548-P03,,7/15/2008,10:45,CST,,,,0.984,,,,,,,29.20,14980.00,8.70,,,,,,,,,,,,,,,,,,,,COASTAL ESTUARY SERVICES LLC,,29.86165075,-89.66872043
CRMS4548-P03,,8/18/2008,09:59,CST,,,,0.328,,,,,,,27.30,25360.00,15.40,,,,,,,,,,,,,,,,,,,,COASTAL ESTUARY SERVICES LLC,,29.86165075,-89.66872043
CRMS4548-P03,,8/18/2008,09:59,CST,,,,0.984,,,,,,,27.60,20650.00,12.40,,,,,,,,,,,,,,,,,,,,COASTAL ESTUARY SERVICES LLC,,29.86165075,-89.66872043
CRMS4548-P03,,9/23/2008,12:55,CST,,,,0.328,,,,,,,26.70,19510.00,11.60,,,,,,,,,,,,,,,,,,,,COASTAL ESTUARY SERVICES LLC,,29.86165075,-89.66872043
CRMS4548-P03,,10/28/2008,11:00,CST,,,,,,,,,,,,,,,,,,,,,,,,,,,,,,,,,COASTAL ESTUARY SERVICES LLC,,29.86165075,-89.66872043
CRMS4548-P03,,12/4/2008,14:19,CST,,,,0.328,,,,,,,15.90,18110.00,10.80,,,,,,,,,,,,,,,,,,,,COASTAL ESTUARY SERVICES LLC,,29.86165075,-89.66872043
CRMS4548-P03,,1/29/2009,11:27,CST,,,,0.984,,,,,,,14.70,20230.00,12.10,,,,,,,,,,,,,,,,,,,,COASTAL ESTUARY SERVICES LLC,,29.86165075,-89.66872043
CRMS4548-P03,,2/17/2009,12:00,CST,,,,0.328,,,,,,,17.30,20590.00,12.40,,,,,,,,,,,,,,,,,,,,COASTAL ESTUARY SERVICES LLC,,29.86165075,-89.66872043
CRMS4548-P03,,2/17/2009,12:00,CST,,,,0.984,,,,,,,18.00,20860.00,12.50,,,,,,,,,,,,,,,,,,,,COASTAL ESTUARY SERVICES LLC,,29.86165075,-89.66872043
CRMS4548-P03,,3/17/2009,12:30,CST,,,,0.328,,,,,,,20.60,19290.00,11.50,,,,,,,,,,,,,,,,,,,,COASTAL ESTUARY SERVICES LLC,,29.86165075,-89.66872043
CRMS4548-P03,,3/17/2009,12:30,CST,,,,0.984,,,,,,,21.30,20910.00,12.60,,,,,,,,,,,,,,,,,,,,COASTAL ESTUARY SERVICES LLC,,29.86165075,-89.66872043
CRMS4548-P03,,4/14/2009,15:45,CST,,,,0.328,,,,,,,21.30,17940.00,10.60,,,,,,,,,,,,,,,,,,,,COASTAL ESTUARY SERVICES LLC,,29.86165075,-89.66872043
CRMS4548-P03,,4/14/2009,15:45,CST,,,,0.984,,,,,,,21.00,20100.00,12.00,,,,,,,,,,,,,,,,,,,,COASTAL ESTUARY SERVICES LLC,,29.86165075,-89.66872043
CRMS4548-P03,,5/19/2009,11:40,CST,,,,0.328,,,,,,,21.60,17490.00,10.40,,,,,,,,,,,,,,,,,,,,COASTAL ESTUARY SERVICES LLC,,29.86165075,-89.66872043
CRMS4548-P03,,5/19/2009,11:40,CST,,,,0.984,,,,,,,22.80,18010.00,10.70,,,,,,,,,,,,,,,,,,,,COASTAL ESTUARY SERVICES LLC,,29.86165075,-89.66872043
CRMS4548-P03,,6/16/2009,12:45,CST,,,,0.984,,,,,,,33.90,16100.00,9.30,,,,,,,,,,,,,,,,,,,,COASTAL ESTUARY SERVICES LLC,,29.86165075,-89.66872043
CRMS4548-P03,,7/16/2009,15:00,CST,,,,0.328,,,,,,,28.10,20077.00,11.90,,,,,,,,,,,,,,,,,,,,COASTAL ESTUARY SERVICES LLC,,29.86165075,-89.66872043
CRMS4548-P03,,7/16/2009,15:00,CST,,,,0.984,,,,,,,28.10,21167.00,12.70,,,,,,,,,,,,,,,,,,,,COASTAL ESTUARY SERVICES LLC,,29.86165075,-89.66872043
CRMS4548-P03,,10/7/2009,10:03,CST,,,,,,,,,,,,,,,,,,,,,,,,,,,,,,,,,COASTAL ESTUARY SERVICES LLC,,29.86165075,-89.66872043
CRMS4548-P03,,11/5/2009,12:05,CST,,,,0.328,,,,,,,22.30,18700.00,11.10,,,,,,,,,,,,,,,,,,,,COASTAL ESTUARY SERVICES LLC,,29.86165075,-89.66872043
CRMS4548-P03,,11/5/2009,12:05,CST,,,,0.984,,,,,,,22.00,18330.00,10.90,,,,,,,,,,,,,,,,,,,,COASTAL ESTUARY SERVICES LLC,,29.86165075,-89.66872043
CRMS4548-P03,,12/11/2009,12:30,CST,,,,0.328,,,,,,,13.40,17980.00,10.60,,,,,,,,,,,,,,,,,,,,COASTAL ESTUARY SERVICES LLC,,29.86165075,-89.66872043
CRMS4548-P03,,1/5/2010,12:30,CST,,,,0.328,,,,,,,8.40,15730.00,9.10,,,,,,,,,,,,,,,,,,,,COASTAL ESTUARY SERVICES LLC,,29.86165075,-89.66872043
CRMS4548-P03,,1/5/2010,12:30,CST,,,,0.984,,,,,,,10.00,17900.00,10.60,,,,,,,,,,,,,,,,,,,,COASTAL ESTUARY SERVICES LLC,,29.86165075,-89.66872043
CRMS4548-P03,,2/10/2010,14:15,CST,,,,0.328,,,,,,,10.70,14830.00,8.60,,,,,,,,,,,,,,,,,,,,COASTAL ESTUARY SERVICES LLC,,29.86165075,-89.66872043
CRMS4548-P03,,2/10/2010,14:15,CST,,,,0.984,,,,,,,11.30,17430.00,10.30,,,,,,,,,,,,,,,,,,,,COASTAL ESTUARY SERVICES LLC,,29.86165075,-89.66872043
CRMS4548-P03,,3/4/2010,14:40,CST,,,,0.984,,,,,,,14.00,13290.00,7.70,,,,,,,,,,,,,,,,,,,,COASTAL ESTUARY SERVICES LLC,,29.86165075,-89.66872043
CRMS4548-P03,,3/30/2010,12:20,CST,,,,0.984,,,,,,,20.30,12720.00,6.70,,,,,,,,,,,,,,,,,,,,COASTAL ESTUARY SERVICES LLC,,29.86165075,-89.66872043
CRMS4548-P03,,5/4/2010,12:15,CST,,,,0.328,,,,,,,28.10,9430.00,5.20,,,,,,,,,,,,,,,,,,,,COASTAL ESTUARY SERVICES LLC,,29.86165075,-89.66872043
CRMS4548-P03,,8/18/2010,13:00,CST,,,,0.328,,,,,,,29.40,9690.00,5.40,,,,,,,,,,,,,,,,,,,,COASTAL ESTUARY SERVICES LLC,,29.86165075,-89.66872043
CRMS4548-P03,,9/17/2010,08:55,CST,,,,0.328,,,,,,,29.30,9330.00,5.20,,,,,,,,,,,,,,,,,,,,COASTAL ESTUARY SERVICES LLC,,29.86165075,-89.66872043
CRMS4548-P03,,9/17/2010,08:55,CST,,,,0.984,,,,,,,29.10,9390.00,5.20,,,,,,,,,,,,,,,,,,,,COASTAL ESTUARY SERVICES LLC,,29.86165075,-89.66872043
CRMS4548-P03,,10/18/2010,12:45,CST,,,,0.328,,,,,,,25.20,10720.00,6.00,,,,,,,,,,,,,,,,,,,,COASTAL ESTUARY SERVICES LLC,,29.86165075,-89.66872043
CRMS4548-P03,,10/18/2010,12:45,CST,,,,0.984,,,,,,,25.10,10560.00,6.00,,,,,,,,,,,,,,,,,,,,COASTAL ESTUARY SERVICES LLC,,29.86165075,-89.66872043
CRMS4548-P03,,11/17/2010,10:40,CST,,,,0.328,,,,,,,18.80,12080.00,6.90,,,,,,,,,,,,,,,,,,,,COASTAL ESTUARY SERVICES LLC,,29.86165075,-89.66872043
CRMS4548-P03,,11/17/2010,10:40,CST,,,,0.984,,,,,,,18.80,15380.00,9.00,,,,,,,,,,,,,,,,,,,,COASTAL ESTUARY SERVICES LLC,,29.86165075,-89.66872043
CRMS4548-P03,,12/16/2010,13:10,CST,,,,0.328,,,,,,,14.50,11260.00,6.40,,,,,,,,,,,,,,,,,,,,COASTAL ESTUARY SERVICES LLC,,29.86165075,-89.66872043
CRMS4548-P03,,12/16/2010,13:10,CST,,,,0.984,,,,,,,14.50,10780.00,6.10,,,,,,,,,,,,,,,,,,,,COASTAL ESTUARY SERVICES LLC,,29.86165075,-89.66872043
CRMS4548-P03,,2/11/2011,13:00,CST,,,,0.328,,,,,,,10.40,13470.00,7.80,,,,,,,,,,,,,,,,,,,,COASTAL ESTUARY SERVICES LLC,,29.86165075,-89.66872043
CRMS4548-P03,,2/11/2011,13:00,CST,,,,0.984,,,,,,,10.90,12210.00,7.00,,,,,,,,,,,,,,,,,,,,COASTAL ESTUARY SERVICES LLC,,29.86165075,-89.66872043
CRMS4548-P03,,4/8/2011,10:00,CST,,,,0.328,,,,,,,23.40,13720.00,7.90,,,,,,,,,,,,,,,,,,,,COASTAL ESTUARY SERVICES LLC,,29.86165075,-89.66872043
CRMS4548-P03,,4/8/2011,10:00,CST,,,,0.984,,,,,,,22.50,12610.00,7.20,,,,,,,,,,,,,,,,,,,,COASTAL ESTUARY SERVICES LLC,,29.86165075,-89.66872043
CRMS4548-P03,,4/28/2011,12:40,CST,,,,0.328,,,,,,,23.70,13230.00,7.60,,,,,,,,,,,,,,,,,,,,COASTAL ESTUARY SERVICES LLC,,29.86165075,-89.66872043
CRMS4548-P03,,4/28/2011,12:40,CST,,,,0.984,,,,,,,23.80,12420.00,7.10,,,,,,,,,,,,,,,,,,,,COASTAL ESTUARY SERVICES LLC,,29.86165075,-89.66872043
CRMS4548-P03,,5/25/2011,13:00,CST,,,,0.328,,,,,,,27.40,14280.00,8.30,,,,,,,,,,,,,,,,,,,,COASTAL ESTUARY SERVICES LLC,,29.86165075,-89.66872043
CRMS4548-P03,,5/25/2011,13:00,CST,,,,0.984,,,,,,,26.20,13930.00,8.00,,,,,,,,,,,,,,,,,,,,COASTAL ESTUARY SERVICES LLC,,29.86165075,-89.66872043
CRMS4548-P03,,6/15/2011,12:00,CST,,,,0.328,,,,,,,32.00,9070.00,5.00,,,,,,,,,,,,,,,,,,,,COASTAL ESTUARY SERVICES LLC,,29.86165075,-89.66872043
CRMS4548-P03,,8/1/2011,11:13,CST,,,,0.328,,,,,,,31.60,9460.00,5.30,,,,,,,,,,,,,,,,,,,,COASTAL ESTUARY SERVICES LLC,,29.86165075,-89.66872043
CRMS4548-P03,,8/1/2011,11:13,CST,,,,0.984,,,,,,,31.10,11210.00,6.30,,,,,,,,,,,,,,,,,,,,COASTAL ESTUARY SERVICES LLC,,29.86165075,-89.66872043
CRMS4548-P03,,10/24/2011,12:40,CST,,,,0.328,,,,,,,24.40,11770.00,6.70,,,,,,,,,,,,,,,,,,,,COASTAL ESTUARY SERVICES LLC,,29.86165075,-89.66872043
CRMS4548-P03,,11/15/2011,13:20,CST,,,,0.328,,,,,,,23.30,12400.00,7.20,,,,,,,,,,,,,,,,,,,,COASTAL ESTUARY SERVICES LLC,,29.86165075,-89.66872043
CRMS4548-P03,,2/28/2012,13:00,CST,,,,0.328,,,,,,,20.20,13150.00,7.60,,,,,,,,,,,,,,,,,,,,COASTAL ESTUARY SERVICES LLC,,29.86165075,-89.66872043
CRMS4548-P03,,2/28/2012,13:00,CST,,,,0.984,,,,,,,17.50,13260.00,7.70,,,,,,,,,,,,,,,,,,,,COASTAL ESTUARY SERVICES LLC,,29.86165075,-89.66872043
CRMS4548-P03,,3/28/2012,13:00,CST,,,,0.328,,,,,,,23.50,12960.00,7.50,,,,,,,,,,,,,,,,,,,,COASTAL ESTUARY SERVICES LLC,,29.86165075,-89.66872043
CRMS4548-P03,,3/28/2012,13:00,CST,,,,0.984,,,,,,,23.40,13330.00,7.70,,,,,,,,,,,,,,,,,,,,COASTAL ESTUARY SERVICES LLC,,29.86165075,-89.66872043
CRMS4548-P03,,4/9/2012,14:00,CST,,,,0.328,,,,,,,26.80,13080.00,7.50,,,,,,,,,,,,,,,,,,,,COASTAL ESTUARY SERVICES LLC,,29.86165075,-89.66872043
CRMS4548-P03,,5/4/2012,11:15,CST,,,,0.328,,,,,,,26.60,10120.00,5.70,,,,,,,,,,,,,,,,,,,,COASTAL ESTUARY SERVICES LLC,,29.86165075,-89.66872043
CRMS4548-P03,,5/4/2012,11:15,CST,,,,0.984,,,,,,,25.90,10650.00,6.00,,,,,,,,,,,,,,,,,,,,COASTAL ESTUARY SERVICES LLC,,29.86165075,-89.66872043
CRMS4548-P03,,6/4/2012,09:55,CST,,,,0.328,,,,,,,29.70,9540.00,5.30,,,,,,,,,,,,,,,,,,,,COASTAL ESTUARY SERVICES LLC,,29.86165075,-89.66872043
CRMS4548-P03,,6/4/2012,09:55,CST,,,,0.984,,,,,,,29.10,10320.00,5.90,,,,,,,,,,,,,,,,,,,,COASTAL ESTUARY SERVICES LLC,,29.86165075,-89.66872043
CRMS4548-P03,,7/12/2012,10:20,CST,,,,0.328,,,,,,,29.00,10200.00,5.70,,,,,,,,,,,,,,,,,,,,COASTAL ESTUARY SERVICES LLC,,29.86165075,-89.66872043
CRMS4548-P03,,7/12/2012,10:20,CST,,,,0.984,,,,,,,29.30,9810.00,5.50,,,,,,,,,,,,,,,,,,,,COASTAL ESTUARY SERVICES LLC,,29.86165075,-89.66872043
CRMS4548-P03,,9/18/2012,10:00,CST,,,,0.984,,,,,,,26.80,13870.00,8.00,,,,,,,,,,,,,,,,,,,,COASTAL ESTUARY SERVICES LLC,,29.86165075,-89.66872043
CRMS4548-P03,,11/2/2012,11:15,CST,,,,,,,,,,,,,,,,,,,,,,,,,,,,,,,,,COASTAL ESTUARY SERVICES LLC,,29.86165075,-89.66872043
CRMS4548-P03,,1/31/2013,12:30,CST,,,,,,,,,,,,,,,,,,,,,,,,,,,,,,,,,COASTAL ESTUARY SERVICES LLC,10cm and 30cm readings clogged.,29.86165075,-89.66872043
CRMS4548-P03,,2/27/2013,11:25,CST,,,,0.328,,,,,,,17.20,12450.00,7.20,,,,,,,,,,,,,,,,,,,,COASTAL ESTUARY SERVICES LLC,,29.86165075,-89.66872043
CRMS4548-P03,,2/27/2013,11:25,CST,,,,0.984,,,,,,,18.10,12290.00,7.10,,,,,,,,,,,,,,,,,,,,COASTAL ESTUARY SERVICES LLC,,29.86165075,-89.66872043
CRMS4548-P03,,3/28/2013,11:40,CST,,,,,,,,,,,,,,,,,,,,,,,,,,,,,,,,,COASTAL ESTUARY SERVICES LLC,PW clogging after multiple attempts at 10cm and 30cm,29.86165075,-89.66872043
CRMS4548-P03,,5/13/2013,11:25,CST,,,,0.328,,,,,,,21.20,9930.00,5.60,,,,,,,,,,,,,,,,,,,,COASTAL ESTUARY SERVICES LLC,,29.86165075,-89.66872043
CRMS4548-P03,,5/13/2013,11:25,CST,,,,0.984,,,,,,,21.20,7120.00,3.90,,,,,,,,,,,,,,,,,,,,COASTAL ESTUARY SERVICES LLC,,29.86165075,-89.66872043
CRMS4548-P03,,6/10/2013,11:35,CST,,,,0.328,,,,,,,28.40,6780.00,3.70,,,,,,,,,,,,,,,,,,,,COASTAL ESTUARY SERVICES LLC,,29.86165075,-89.66872043
CRMS4548-P03,,6/10/2013,11:35,CST,,,,0.984,,,,,,,28.00,8210.00,4.50,,,,,,,,,,,,,,,,,,,,COASTAL ESTUARY SERVICES LLC,,29.86165075,-89.66872043
CRMS4548-P03,,7/2/2013,10:30,CST,,,,0.328,,,,,,,28.30,7910.00,4.30,,,,,,,,,,,,,,,,,,,,COASTAL ESTUARY SERVICES LLC,,29.86165075,-89.66872043
CRMS4548-P03,,7/2/2013,10:30,CST,,,,0.984,,,,,,,28.30,9650.00,5.40,,,,,,,,,,,,,,,,,,,,COASTAL ESTUARY SERVICES LLC,,29.86165075,-89.66872043
CRMS4548-P03,,8/13/2013,10:10,CST,,,,0.984,,,,,,,31.10,9279.00,5.20,,,,,,,,,,,,,,,,,,,,COASTAL ESTUARY SERVICES LLC,Clogged at 10 cm,29.86165075,-89.66872043
CRMS4548-P03,,10/11/2013,12:50,CST,,,,,,,,,,,,,,,,,,,,,,,,,,,,,,,,,COASTAL ESTUARY SERVICES LLC,Dry @ 10 and 30 cm,29.86165075,-89.66872043
CRMS4548-P03,,4/30/2014,11:26,CST,,,,,,,,,,,,,,,,,,,,,,,,,,,,,,,,,COASTAL ESTUARY SERVICES LLC,clogged @ 10cm & 30cm,29.86165075,-89.66872043
CRMS4548-P03,,6/4/2014,11:10,CST,,,,0.328,,,,,,,27.60,8437.00,4.70,,,,,,,,,,,,,,,,,,,,COASTAL ESTUARY SERVICES LLC,,29.86165075,-89.66872043
CRMS4548-P03,,6/4/2014,11:10,CST,,,,0.984,,,,,,,27.00,8649.00,4.80,,,,,,,,,,,,,,,,,,,,COASTAL ESTUARY SERVICES LLC,,29.86165075,-89.66872043
CRMS4548-P03,,7/10/2014,10:35,CST,,,,,,,,,,,,,,,,,,,,,,,,,,,,,,,,,COASTAL ESTUARY SERVICES LLC,30cm and 10cm clogged,29.86165075,-89.66872043
CRMS4548-P03,,8/20/2014,11:40,CST,,,,0.328,,,,,,,30.70,8220.00,4.50,,,,,,,,,,,,,,,,,,,,COASTAL ESTUARY SERVICES LLC,clogged @ 30cm,29.86165075,-89.66872043
CRMS4548-P03,,10/16/2014,11:30,CST,,,,,,,,,,,,,,,,,,,,,,,,,,,,,,,,,COASTAL ESTUARY SERVICES LLC,clogged @ 10cm & 30cm,29.86165075,-89.66872043
CRMS4548-P03,,11/7/2014,11:25,CST,,,,,,,,,,,,,,,,,,,,,,,,,,,,,,,,,COASTAL ESTUARY SERVICES LLC,dry @ 10cm & 30cm,29.86165075,-89.66872043
CRMS4548-P03,,4/10/2015,11:05,CST,,,,0.328,,,,,,,27.00,11567.00,6.60,,,,,,,,,,,,,,,,,,,,COASTAL ESTUARY SERVICES LLC,dry @ 30cm,29.86165075,-89.66872043
CRMS4548-P03,,6/19/2015,09:38,CST,,,,0.328,,,,,,,28.80,8510.00,4.70,,,,,,,,,,,,,,,,,,,,COASTAL ESTUARY SERVICES LLC,,29.86165075,-89.66872043
CRMS4548-P03,,8/11/2015,10:00,CST,,,,0.328,,,,,,,30.40,8570.00,4.70,,,,,,,,,,,,,,,,,,,,COASTAL ESTUARY SERVICES LLC,,29.86165075,-89.66872043
CRMS4548-P03,,8/11/2015,10:00,CST,,,,0.984,,,,,,,29.30,8580.00,4.70,,,,,,,,,,,,,,,,,,,,COASTAL ESTUARY SERVICES LLC,,29.86165075,-89.66872043
CRMS4548-P03,,9/6/2016,09:18,CST,,,,,,,,,,,,,,,,,,,,,,,,,,,,,,,,,COASTAL ESTUARY SERVICES LLC,Water on marsh too high to pull Pore Water,29.86165075,-89.66872043
CRMS4548-V10,,8/18/2008,09:40,CST,,,,0.984,,,,,,,28.40,21670.00,13.00,,,,,,,,,,,,,,,,,,,,COASTAL ESTUARY SERVICES LLC,,29.86225682,-89.66799358
CRMS4548-V10,,7/16/2009,10:40,CST,,,,0.984,,,,,,,29.50,11690.00,6.50,,,,,,,,,,,,,,,,,,,,COASTAL ESTUARY SERVICES LLC,,29.86225682,-89.66799358
CRMS4548-V10,,6/18/2010,10:49,CST,,,,0.328,,,,,,,28.10,14500.00,8.40,,,,,,,,,,,,,,,,,,,,COASTAL ESTUARY SERVICES LLC,,29.86225682,-89.66799358
CRMS4548-V10,,6/18/2010,10:49,CST,,,,0.984,,,,,,,27.40,16530.00,9.70,,,,,,,,,,,,,,,,,,,,COASTAL ESTUARY SERVICES LLC,,29.86225682,-89.66799358
CRMS4548-V10,,8/1/2011,11:27,CST,,,,0.328,,,,,,,32.70,15020.00,8.10,,,,,,,,,,,,,,,,,,,,COASTAL ESTUARY SERVICES LLC,,29.86225682,-89.66799358
CRMS4548-V10,,8/1/2011,11:27,CST,,,,0.984,,,,,,,30.80,13600.00,7.80,,,,,,,,,,,,,,,,,,,,COASTAL ESTUARY SERVICES LLC,,29.86225682,-89.66799358
CRMS4548-V10,,7/11/2012,10:42,CST,,,,0.328,,,,,,,28.20,12220.00,6.90,,,,,,,,,,,,,,,,,,,,COASTAL ESTUARY SERVICES LLC,,29.86225682,-89.66799358
CRMS4548-V10,,7/11/2012,10:42,CST,,,,0.984,,,,,,,29.00,12320.00,7.00,,,,,,,,,,,,,,,,,,,,COASTAL ESTUARY SERVICES LLC,,29.86225682,-89.66799358
CRMS4548-V10,,8/13/2013,09:56,CST,,,,0.328,,,,,,,29.50,9760.00,5.50,,,,,,,,,,,,,,,,,,,,COASTAL ESTUARY SERVICES LLC,Clogged at 30 cm,29.86225682,-89.66799358
CRMS4548-V10,,8/20/2014,11:30,CST,,,,,,,,,,,,,,,,,,,,,,,,,,,,,,,,,COASTAL ESTUARY SERVICES LLC,clogged @ 10cm & 30cm,29.86225682,-89.66799358
CRMS4548-V10,,8/11/2015,10:06,CST,,,,0.328,,,,,,,30.90,9020.00,5.00,,,,,,,,,,,,,,,,,,,,COASTAL ESTUARY SERVICES LLC,,29.86225682,-89.66799358
CRMS4548-V10,,8/11/2015,10:06,CST,,,,0.984,,,,,,,30.20,10960.00,6.20,,,,,,,,,,,,,,,,,,,,COASTAL ESTUARY SERVICES LLC,,29.86225682,-89.66799358
CRMS4548-V10,,9/6/2016,09:08,CST,,,,,,,,,,,,,,,,,,,,,,,,,,,,,,,,,COASTAL ESTUARY SERVICES LLC,Water on marsh too high to pull Pore Water,29.86225682,-89.66799358
CRMS4548-V10,,9/7/2017,10:56,CST,,,,0.328,,,,,,,27.30,6182.00,3.40,,,,,,,,,,,,,,,,,,,,COASTAL ESTUARY SERVICES LLC,,29.86225682,-89.66799358
CRMS4548-V10,,9/7/2017,10:56,CST,,,,0.984,,,,,,,27.00,6938.00,3.80,,,,,,,,,,,,,,,,,,,,COASTAL ESTUARY SERVICES LLC,,29.86225682,-89.66799358
CRMS4548-V10,,8/30/2018,09:50,CST,,,,0.328,,,,,,,,,,,,,,,,,,,,,,,,,,,,,COASTAL ESTUARY SERVICES LLC,Depth of water on marsh = 0.5ft. Clogged at 10 cm,29.86225682,-89.66799358
CRMS4548-V10,,8/30/2018,09:50,CST,,,,0.984,,,,,,,29.40,7540.00,4.10,,,,,,,,,,,,,,,,,,,,COASTAL ESTUARY SERVICES LLC,Depth of water on marsh = 0.5ft. ,29.86225682,-89.66799358
CRMS4548-V10,,8/22/2019,10:55,CST,,,,0.328,,,,,,,,,,,,,,,,,,,,,,,,,,,,,COASTAL ESTUARY SERVICES LLC,dry,29.86225682,-89.66799358
CRMS4548-V10,,8/22/2019,10:55,CST,,,,0.984,,,,,,,29.70,6586.00,3.60,,,,,,,,,,,,,,,,,,,,COASTAL ESTUARY SERVICES LLC,,29.86225682,-89.66799358
CRMS4548-V10,,7/22/2021,12:35,CST,0.60,GEOID12A,,0.328,,,,,,,31.10,5427.00,2.90,,,,,,,,,,,,,,,,,,,,COASTAL ESTUARY SERVICES LLC,Water Level: 0.6 ft Above Marsh; ,29.86225682,-89.66799358
CRMS4548-V10,,7/22/2021,12:35,CST,0.60,GEOID12A,,0.984,,,,,,,31.10,5902.00,3.20,,,,,,,,,,,,,,,,,,,,COASTAL ESTUARY SERVICES LLC,Water Level: 0.6 ft Above Marsh; ,29.86225682,-89.66799358
CRMS4548-V12,,7/16/2009,10:45,CST,,,,0.984,,,,,,,30.30,17730.00,10.30,,,,,,,,,,,,,,,,,,,,COASTAL ESTUARY SERVICES LLC,,29.86221964,-89.66803878
CRMS4548-V12,,6/18/2010,10:52,CST,,,,0.328,,,,,,,27.80,11520.00,6.50,,,,,,,,,,,,,,,,,,,,COASTAL ESTUARY SERVICES LLC,,29.86221964,-89.66803878
CRMS4548-V12,,6/18/2010,10:52,CST,,,,0.984,,,,,,,27.50,12560.00,7.20,,,,,,,,,,,,,,,,,,,,COASTAL ESTUARY SERVICES LLC,,29.86221964,-89.66803878
CRMS4548-V12,,8/1/2011,11:31,CST,,,,0.328,,,,,,,32.30,7330.00,4.00,,,,,,,,,,,,,,,,,,,,COASTAL ESTUARY SERVICES LLC,,29.86221964,-89.66803878
CRMS4548-V12,,8/1/2011,11:31,CST,,,,0.984,,,,,,,31.20,10410.00,5.80,,,,,,,,,,,,,,,,,,,,COASTAL ESTUARY SERVICES LLC,,29.86221964,-89.66803878
CRMS4548-V12,,7/11/2012,10:38,CST,,,,0.328,,,,,,,29.00,12610.00,7.20,,,,,,,,,,,,,,,,,,,,COASTAL ESTUARY SERVICES LLC,,29.86221964,-89.66803878
CRMS4548-V12,,7/11/2012,10:38,CST,,,,0.984,,,,,,,28.70,12260.00,7.00,,,,,,,,,,,,,,,,,,,,COASTAL ESTUARY SERVICES LLC,,29.86221964,-89.66803878
CRMS4548-V12,,8/13/2013,09:44,CST,,,,0.984,,,,,,,29.00,10720.00,6.00,,,,,,,,,,,,,,,,,,,,COASTAL ESTUARY SERVICES LLC,Clogged at 10 cm,29.86221964,-89.66803878
CRMS4548-V12,,8/20/2014,11:25,CST,,,,,,,,,,,,,,,,,,,,,,,,,,,,,,,,,COASTAL ESTUARY SERVICES LLC,clogged @ 10cm & 30cm,29.86221964,-89.66803878
CRMS4548-V12,,8/11/2015,10:11,CST,,,,0.328,,,,,,,30.70,9230.00,5.20,,,,,,,,,,,,,,,,,,,,COASTAL ESTUARY SERVICES LLC,,29.86221964,-89.66803878
CRMS4548-V12,,8/11/2015,10:11,CST,,,,0.984,,,,,,,30.10,9160.00,5.10,,,,,,,,,,,,,,,,,,,,COASTAL ESTUARY SERVICES LLC,,29.86221964,-89.66803878
CRMS4548-V12,,9/6/2016,09:02,CST,,,,,,,,,,,,,,,,,,,,,,,,,,,,,,,,,COASTAL ESTUARY SERVICES LLC,Water on marsh too high to pull Pore Water,29.86221964,-89.66803878
CRMS4548-V12,,9/7/2017,10:49,CST,,,,0.328,,,,,,,27.70,6126.00,3.30,,,,,,,,,,,,,,,,,,,,COASTAL ESTUARY SERVICES LLC,,29.86221964,-89.66803878
CRMS4548-V12,,9/7/2017,10:49,CST,,,,0.984,,,,,,,27.20,5859.00,3.80,,,,,,,,,,,,,,,,,,,,COASTAL ESTUARY SERVICES LLC,,29.86221964,-89.66803878
CRMS4548-V12,,8/30/2018,10:02,CST,,,,0.328,,,,,,,,,,,,,,,,,,,,,,,,,,,,,COASTAL ESTUARY SERVICES LLC,Depth of water on marsh = 0.6ft. Clogged at 10 cm,29.86221964,-89.66803878
CRMS4548-V12,,8/30/2018,10:02,CST,,,,0.984,,,,,,,30.60,7598.00,4.20,,,,,,,,,,,,,,,,,,,,COASTAL ESTUARY SERVICES LLC,Depth of water on marsh = 0.6ft. ,29.86221964,-89.66803878
CRMS4548-V12,,8/22/2019,10:42,CST,,,,0.328,,,,,,,,,,,,,,,,,,,,,,,,,,,,,COASTAL ESTUARY SERVICES LLC,dry,29.86221964,-89.66803878
CRMS4548-V12,,8/22/2019,10:42,CST,,,,0.984,,,,,,,32.20,7007.00,3.80,,,,,,,,,,,,,,,,,,,,COASTAL ESTUARY SERVICES LLC,,29.86221964,-89.66803878
CRMS4548-V12,,7/22/2021,12:20,CST,0.60,GEOID12A,,0.328,,,,,,,30.40,7491.00,4.10,,,,,,,,,,,,,,,,,,,,COASTAL ESTUARY SERVICES LLC,Water Level: 0.6 ft Above Marsh; ,29.86221964,-89.66803878
CRMS4548-V12,,7/22/2021,12:20,CST,0.60,GEOID12A,,0.984,,,,,,,31.90,6606.00,3.60,,,,,,,,,,,,,,,,,,,,COASTAL ESTUARY SERVICES LLC,Water Level: 0.6 ft Above Marsh; ,29.86221964,-89.66803878
CRMS4548-V25,,8/23/2007,12:38,CST,,,,0.328,,,,,,,31.20,27220.00,16.60,,,,,,,,,,,,,,,,,,,,COASTAL ESTUARY SERVICES LLC,,29.86197908,-89.66833192
CRMS4548-V25,,8/23/2007,12:38,CST,,,,0.984,,,,,,,32.00,24580.00,14.80,,,,,,,,,,,,,,,,,,,,COASTAL ESTUARY SERVICES LLC,,29.86197908,-89.66833192
CRMS4548-V25,,8/18/2008,09:48,CST,,,,0.328,,,,,,,27.50,24210.00,14.60,,,,,,,,,,,,,,,,,,,,COASTAL ESTUARY SERVICES LLC,,29.86197908,-89.66833192
CRMS4548-V25,,8/18/2008,09:48,CST,,,,0.984,,,,,,,28.00,20710.00,12.30,,,,,,,,,,,,,,,,,,,,COASTAL ESTUARY SERVICES LLC,,29.86197908,-89.66833192
CRMS4548-V25,,7/16/2009,11:05,CST,,,,0.984,,,,,,,30.20,18120.00,10.60,,,,,,,,,,,,,,,,,,,,COASTAL ESTUARY SERVICES LLC,,29.86197908,-89.66833192
CRMS4548-V25,,6/18/2010,11:02,CST,,,,0.328,,,,,,,27.80,7090.00,3.90,,,,,,,,,,,,,,,,,,,,COASTAL ESTUARY SERVICES LLC,,29.86197908,-89.66833192
CRMS4548-V25,,6/18/2010,11:02,CST,,,,0.984,,,,,,,27.70,10110.00,5.70,,,,,,,,,,,,,,,,,,,,COASTAL ESTUARY SERVICES LLC,,29.86197908,-89.66833192
CRMS4548-V25,,8/1/2011,11:38,CST,,,,0.328,,,,,,,31.80,10880.00,6.10,,,,,,,,,,,,,,,,,,,,COASTAL ESTUARY SERVICES LLC,,29.86197908,-89.66833192
CRMS4548-V25,,8/1/2011,11:38,CST,,,,0.984,,,,,,,29.80,9160.00,5.10,,,,,,,,,,,,,,,,,,,,COASTAL ESTUARY SERVICES LLC,,29.86197908,-89.66833192
CRMS4548-V25,,7/11/2012,10:31,CST,,,,0.328,,,,,,,28.90,11730.00,6.60,,,,,,,,,,,,,,,,,,,,COASTAL ESTUARY SERVICES LLC,,29.86197908,-89.66833192
CRMS4548-V25,,7/11/2012,10:31,CST,,,,0.984,,,,,,,29.00,11280.00,6.60,,,,,,,,,,,,,,,,,,,,COASTAL ESTUARY SERVICES LLC,,29.86197908,-89.66833192
CRMS4548-V25,,8/13/2013,09:39,CST,,,,0.328,,,,,,,29.10,9090.00,5.10,,,,,,,,,,,,,,,,,,,,COASTAL ESTUARY SERVICES LLC,,29.86197908,-89.66833192
CRMS4548-V25,,8/13/2013,09:39,CST,,,,0.984,,,,,,,28.80,9090.00,5.00,,,,,,,,,,,,,,,,,,,,COASTAL ESTUARY SERVICES LLC,,29.86197908,-89.66833192
CRMS4548-V25,,8/20/2014,11:20,CST,,,,,,,,,,,,,,,,,,,,,,,,,,,,,,,,,COASTAL ESTUARY SERVICES LLC,clogged @ 10cm & 30cm,29.86197908,-89.66833192
CRMS4548-V25,,8/11/2015,10:14,CST,,,,0.328,,,,,,,30.50,8620.00,4.80,,,,,,,,,,,,,,,,,,,,COASTAL ESTUARY SERVICES LLC,,29.86197908,-89.66833192
CRMS4548-V25,,8/11/2015,10:14,CST,,,,0.984,,,,,,,29.90,8850.00,4.90,,,,,,,,,,,,,,,,,,,,COASTAL ESTUARY SERVICES LLC,,29.86197908,-89.66833192
CRMS4548-V25,,9/6/2016,08:55,CST,,,,,,,,,,,,,,,,,,,,,,,,,,,,,,,,,COASTAL ESTUARY SERVICES LLC,Water on marsh too high to pull Pore Water,29.86197908,-89.66833192
CRMS4548-V25,,9/7/2017,10:38,CST,,,,0.328,,,,,,,29.90,5776.00,3.10,,,,,,,,,,,,,,,,,,,,COASTAL ESTUARY SERVICES LLC,,29.86197908,-89.66833192
CRMS4548-V25,,9/7/2017,10:38,CST,,,,0.984,,,,,,,29.30,6207.00,3.40,,,,,,,,,,,,,,,,,,,,COASTAL ESTUARY SERVICES LLC,,29.86197908,-89.66833192
CRMS4548-V25,,8/30/2018,10:07,CST,,,,0.328,,,,,,,,,,,,,,,,,,,,,,,,,,,,,COASTAL ESTUARY SERVICES LLC,Depth of water on marsh = 0.6ft. Clogged at 10 cm,29.86197908,-89.66833192
CRMS4548-V25,,8/30/2018,10:07,CST,,,,0.984,,,,,,,,,,,,,,,,,,,,,,,,,,,,,COASTAL ESTUARY SERVICES LLC,Depth of water on marsh = 0.6ft. Clogged at 30 cm,29.86197908,-89.66833192
CRMS4548-V25,,8/22/2019,11:23,CST,,,,0.328,,,,,,,,,,,,,,,,,,,,,,,,,,,,,COASTAL ESTUARY SERVICES LLC,dry,29.86197908,-89.66833192
CRMS4548-V25,,8/22/2019,11:23,CST,,,,0.984,,,,,,,34.20,6428.00,3.50,,,,,,,,,,,,,,,,,,,,COASTAL ESTUARY SERVICES LLC,,29.86197908,-89.66833192
CRMS4548-V25,,7/22/2021,12:45,CST,0.60,GEOID12A,,0.328,,,,,,,,,,,,,,,,,,,,,,,,,,,,,COASTAL ESTUARY SERVICES LLC,Water Level: 0.4 ft Above Marsh; clogged,29.86197908,-89.66833192
CRMS4548-V25,,7/22/2021,12:45,CST,0.60,GEOID12A,,0.984,,,,,,,30.50,4050.00,2.10,,,,,,,,,,,,,,,,,,,,COASTAL ESTUARY SERVICES LLC,Water Level: 0.4 ft Above Marsh; ,29.86197908,-89.66833192
CRMS4548-V28,,7/16/2009,11:07,CST,,,,0.984,,,,,,,30.20,19020.00,11.20,,,,,,,,,,,,,,,,,,,,COASTAL ESTUARY SERVICES LLC,,29.86192218,-89.66839976
CRMS4548-V28,,6/18/2010,11:08,CST,,,,0.328,,,,,,,27.60,8490.00,4.70,,,,,,,,,,,,,,,,,,,,COASTAL ESTUARY SERVICES LLC,,29.86192218,-89.66839976
CRMS4548-V28,,6/18/2010,11:08,CST,,,,0.984,,,,,,,27.30,12060.00,6.90,,,,,,,,,,,,,,,,,,,,COASTAL ESTUARY SERVICES LLC,,29.86192218,-89.66839976
CRMS4548-V28,,8/1/2011,11:45,CST,,,,0.328,,,,,,,31.60,9960.00,5.60,,,,,,,,,,,,,,,,,,,,COASTAL ESTUARY SERVICES LLC,,29.86192218,-89.66839976
CRMS4548-V28,,8/1/2011,11:45,CST,,,,0.984,,,,,,,29.90,12660.00,7.20,,,,,,,,,,,,,,,,,,,,COASTAL ESTUARY SERVICES LLC,,29.86192218,-89.66839976
CRMS4548-V28,,7/11/2012,10:26,CST,,,,0.328,,,,,,,27.90,10810.00,6.00,,,,,,,,,,,,,,,,,,,,COASTAL ESTUARY SERVICES LLC,,29.86192218,-89.66839976
CRMS4548-V28,,7/11/2012,10:26,CST,,,,0.984,,,,,,,28.00,11370.00,6.30,,,,,,,,,,,,,,,,,,,,COASTAL ESTUARY SERVICES LLC,,29.86192218,-89.66839976
CRMS4548-V28,,8/13/2013,09:36,CST,,,,0.984,,,,,,,28.20,10980.00,6.20,,,,,,,,,,,,,,,,,,,,COASTAL ESTUARY SERVICES LLC,Clogged at 10 cm,29.86192218,-89.66839976
CRMS4548-V28,,8/20/2014,11:10,CST,,,,,,,,,,,,,,,,,,,,,,,,,,,,,,,,,COASTAL ESTUARY SERVICES LLC,clogged @ 10cm & 30cm,29.86192218,-89.66839976
CRMS4548-V28,,8/11/2015,10:17,CST,,,,0.328,,,,,,,30.10,9830.00,5.50,,,,,,,,,,,,,,,,,,,,COASTAL ESTUARY SERVICES LLC,,29.86192218,-89.66839976
CRMS4548-V28,,8/11/2015,10:17,CST,,,,0.984,,,,,,,30.00,10940.00,6.20,,,,,,,,,,,,,,,,,,,,COASTAL ESTUARY SERVICES LLC,,29.86192218,-89.66839976
CRMS4548-V28,,9/6/2016,08:50,CST,,,,,,,,,,,,,,,,,,,,,,,,,,,,,,,,,COASTAL ESTUARY SERVICES LLC,Water on marsh too high to pull Pore Water,29.86192218,-89.66839976
CRMS4548-V28,,9/7/2017,10:29,CST,,,,0.328,,,,,,,29.60,5791.00,3.10,,,,,,,,,,,,,,,,,,,,COASTAL ESTUARY SERVICES LLC,,29.86192218,-89.66839976
CRMS4548-V28,,9/7/2017,10:29,CST,,,,0.984,,,,,,,29.10,6220.00,3.40,,,,,,,,,,,,,,,,,,,,COASTAL ESTUARY SERVICES LLC,,29.86192218,-89.66839976
CRMS4548-V28,,8/30/2018,10:11,CST,,,,0.328,,,,,,,,,,,,,,,,,,,,,,,,,,,,,COASTAL ESTUARY SERVICES LLC,Depth of water on marsh = 0.6ft. Clogged at 10 cm,29.86192218,-89.66839976
CRMS4548-V28,,8/30/2018,10:11,CST,,,,0.984,,,,,,,,,,,,,,,,,,,,,,,,,,,,,COASTAL ESTUARY SERVICES LLC,Depth of water on marsh = 0.6ft. Clogged at 30 cm,29.86192218,-89.66839976
CRMS4548-V28,,8/22/2019,11:34,CST,,,,0.328,,,,,,,31.60,5050.00,2.70,,,,,,,,,,,,,,,,,,,,COASTAL ESTUARY SERVICES LLC,,29.86192218,-89.66839976
CRMS4548-V28,,8/22/2019,11:34,CST,,,,0.984,,,,,,,35.00,7236.00,3.90,,,,,,,,,,,,,,,,,,,,COASTAL ESTUARY SERVICES LLC,,29.86192218,-89.66839976
CRMS4548-V28,,7/22/2021,12:51,CST,0.60,GEOID12A,,0.328,,,,,,,30.20,5099.00,2.70,,,,,,,,,,,,,,,,,,,,COASTAL ESTUARY SERVICES LLC,Water Level: 0.6 ft Above Marsh; ,29.86192218,-89.66839976
CRMS4548-V28,,7/22/2021,12:51,CST,0.60,GEOID12A,,0.984,,,,,,,31.10,5741.00,3.10,,,,,,,,,,,,,,,,,,,,COASTAL ESTUARY SERVICES LLC,Water Level: 0.6 ft Above Marsh; ,29.86192218,-89.66839976
CRMS4548-V32,,8/23/2007,12:25,CST,,,,0.328,,,,,,,31.20,24360.00,14.70,,,,,,,,,,,,,,,,,,,,COASTAL ESTUARY SERVICES LLC,,29.86185007,-89.66849009
CRMS4548-V32,,8/23/2007,12:25,CST,,,,0.984,,,,,,,31.90,23280.00,14.00,,,,,,,,,,,,,,,,,,,,COASTAL ESTUARY SERVICES LLC,,29.86185007,-89.66849009
CRMS4548-V32,,8/23/2007,12:47,CST,,,,0.328,,,,,,,31.90,27280.00,16.60,,,,,,,,,,,,,,,,,,,,COASTAL ESTUARY SERVICES LLC,,29.86185007,-89.66849009
CRMS4548-V32,,8/23/2007,12:47,CST,,,,0.984,,,,,,,32.10,26190.00,15.90,,,,,,,,,,,,,,,,,,,,COASTAL ESTUARY SERVICES LLC,,29.86185007,-89.66849009
CRMS4548-V32,,8/18/2008,09:53,CST,,,,0.328,,,,,,,27.50,25300.00,15.40,,,,,,,,,,,,,,,,,,,,COASTAL ESTUARY SERVICES LLC,,29.86185007,-89.66849009
CRMS4548-V32,,8/18/2008,09:53,CST,,,,0.984,,,,,,,28.10,19690.00,11.70,,,,,,,,,,,,,,,,,,,,COASTAL ESTUARY SERVICES LLC,,29.86185007,-89.66849009
CRMS4548-V32,,7/16/2009,11:10,CST,,,,0.328,,,,,,,30.20,15950.00,9.30,,,,,,,,,,,,,,,,,,,,COASTAL ESTUARY SERVICES LLC,,29.86185007,-89.66849009
CRMS4548-V32,,7/16/2009,11:10,CST,,,,0.984,,,,,,,29.70,20860.00,12.40,,,,,,,,,,,,,,,,,,,,COASTAL ESTUARY SERVICES LLC,,29.86185007,-89.66849009
CRMS4548-V32,,6/18/2010,11:12,CST,,,,0.328,,,,,,,28.00,6940.00,3.80,,,,,,,,,,,,,,,,,,,,COASTAL ESTUARY SERVICES LLC,,29.86185007,-89.66849009
CRMS4548-V32,,6/18/2010,11:12,CST,,,,0.984,,,,,,,27.60,10120.00,5.70,,,,,,,,,,,,,,,,,,,,COASTAL ESTUARY SERVICES LLC,,29.86185007,-89.66849009
CRMS4548-V32,,8/1/2011,11:50,CST,,,,0.328,,,,,,,30.50,10110.00,5.70,,,,,,,,,,,,,,,,,,,,COASTAL ESTUARY SERVICES LLC,,29.86185007,-89.66849009
CRMS4548-V32,,8/1/2011,11:50,CST,,,,0.984,,,,,,,30.00,11280.00,6.30,,,,,,,,,,,,,,,,,,,,COASTAL ESTUARY SERVICES LLC,,29.86185007,-89.66849009
CRMS4548-V32,,7/11/2012,10:13,CST,,,,0.328,,,,,,,28.10,10450.00,5.90,,,,,,,,,,,,,,,,,,,,COASTAL ESTUARY SERVICES LLC,,29.86185007,-89.66849009
CRMS4548-V32,,7/11/2012,10:13,CST,,,,0.984,,,,,,,27.70,11080.00,6.30,,,,,,,,,,,,,,,,,,,,COASTAL ESTUARY SERVICES LLC,,29.86185007,-89.66849009
CRMS4548-V32,,8/13/2013,09:33,CST,,,,,,,,,,,,,,,,,,,,,,,,,,,,,,,,,COASTAL ESTUARY SERVICES LLC,Clogged at 10 cm and 30 cm,29.86185007,-89.66849009
CRMS4548-V32,,8/20/2014,11:05,CST,,,,,,,,,,,,,,,,,,,,,,,,,,,,,,,,,COASTAL ESTUARY SERVICES LLC,clogged @ 10cm & 30cm,29.86185007,-89.66849009
CRMS4548-V32,,8/11/2015,10:20,CST,,,,0.328,,,,,,,30.40,8020.00,4.40,,,,,,,,,,,,,,,,,,,,COASTAL ESTUARY SERVICES LLC,,29.86185007,-89.66849009
CRMS4548-V32,,8/11/2015,10:20,CST,,,,0.984,,,,,,,30.00,8030.00,4.40,,,,,,,,,,,,,,,,,,,,COASTAL ESTUARY SERVICES LLC,,29.86185007,-89.66849009
CRMS4548-V32,,9/6/2016,08:43,CST,,,,,,,,,,,,,,,,,,,,,,,,,,,,,,,,,COASTAL ESTUARY SERVICES LLC,Water on marsh too high to pull Pore Water,29.86185007,-89.66849009
CRMS4548-V32,,9/7/2017,10:24,CST,,,,0.328,,,,,,,29.50,5884.00,3.20,,,,,,,,,,,,,,,,,,,,COASTAL ESTUARY SERVICES LLC,,29.86185007,-89.66849009
CRMS4548-V32,,9/7/2017,10:24,CST,,,,0.984,,,,,,,29.00,6207.00,3.40,,,,,,,,,,,,,,,,,,,,COASTAL ESTUARY SERVICES LLC,,29.86185007,-89.66849009
CRMS4548-V32,,8/30/2018,10:16,CST,,,,0.328,,,,,,,,,,,,,,,,,,,,,,,,,,,,,COASTAL ESTUARY SERVICES LLC,Depth of water on marsh = 0.5ft. Clogged at 10 cm,29.86185007,-89.66849009
CRMS4548-V32,,8/30/2018,10:16,CST,,,,0.984,,,,,,,,,,,,,,,,,,,,,,,,,,,,,COASTAL ESTUARY SERVICES LLC,Depth of water on marsh = 0.5ft. Clogged at 30 cm,29.86185007,-89.66849009
CRMS4548-V32,,8/22/2019,11:45,CST,,,,0.328,,,,,,,,,,,,,,,,,,,,,,,,,,,,,COASTAL ESTUARY SERVICES LLC,dry,29.86185007,-89.66849009
CRMS4548-V32,,8/22/2019,11:45,CST,,,,0.984,,,,,,,,,,,,,,,,,,,,,,,,,,,,,COASTAL ESTUARY SERVICES LLC,dry,29.86185007,-89.66849009
CRMS4548-V32,,7/22/2021,12:58,CST,0.60,GEOID12A,,0.328,,,,,,,29.70,5007.00,2.70,,,,,,,,,,,,,,,,,,,,COASTAL ESTUARY SERVICES LLC,Water Level: 0.6 ft Above Marsh; ,29.86185007,-89.66849009
CRMS4548-V32,,7/22/2021,12:58,CST,0.60,GEOID12A,,0.984,,,,,,,30.60,6222.00,3.40,,,,,,,,,,,,,,,,,,,,COASTAL ESTUARY SERVICES LLC,Water Level: 0.6 ft Above Marsh; ,29.86185007,-89.66849009
CRMS4548-V35,,7/16/2009,11:45,CST,,,,0.984,,,,,,,28.00,19060.00,11.30,,,,,,,,,,,,,,,,,,,,COASTAL ESTUARY SERVICES LLC,,29.86179317,-89.66855793
CRMS4548-V35,,6/18/2010,11:18,CST,,,,0.328,,,,,,,27.60,8990.00,5.00,,,,,,,,,,,,,,,,,,,,COASTAL ESTUARY SERVICES LLC,,29.86179317,-89.66855793
CRMS4548-V35,,6/18/2010,11:18,CST,,,,0.984,,,,,,,27.30,11060.00,6.30,,,,,,,,,,,,,,,,,,,,COASTAL ESTUARY SERVICES LLC,,29.86179317,-89.66855793
CRMS4548-V35,,8/1/2011,11:57,CST,,,,0.328,,,,,,,30.40,8620.00,4.80,,,,,,,,,,,,,,,,,,,,COASTAL ESTUARY SERVICES LLC,,29.86179317,-89.66855793
CRMS4548-V35,,8/1/2011,11:57,CST,,,,0.984,,,,,,,30.30,9320.00,5.20,,,,,,,,,,,,,,,,,,,,COASTAL ESTUARY SERVICES LLC,,29.86179317,-89.66855793
CRMS4548-V35,,7/11/2012,10:05,CST,,,,0.328,,,,,,,27.60,10430.00,5.90,,,,,,,,,,,,,,,,,,,,COASTAL ESTUARY SERVICES LLC,,29.86179317,-89.66855793
CRMS4548-V35,,7/11/2012,10:05,CST,,,,0.984,,,,,,,28.00,10920.00,6.20,,,,,,,,,,,,,,,,,,,,COASTAL ESTUARY SERVICES LLC,,29.86179317,-89.66855793
CRMS4548-V35,,8/13/2013,09:29,CST,,,,0.328,,,,,,,28.60,11160.00,5.90,,,,,,,,,,,,,,,,,,,,COASTAL ESTUARY SERVICES LLC,,29.86179317,-89.66855793
CRMS4548-V35,,8/13/2013,09:29,CST,,,,0.984,,,,,,,28.20,10500.00,5.90,,,,,,,,,,,,,,,,,,,,COASTAL ESTUARY SERVICES LLC,,29.86179317,-89.66855793
CRMS4548-V35,,8/20/2014,11:00,CST,,,,,,,,,,,,,,,,,,,,,,,,,,,,,,,,,COASTAL ESTUARY SERVICES LLC,clogged @ 10cm & 30cm,29.86179317,-89.66855793
CRMS4548-V35,,8/11/2015,10:23,CST,,,,0.328,,,,,,,31.50,8560.00,4.70,,,,,,,,,,,,,,,,,,,,COASTAL ESTUARY SERVICES LLC,,29.86179317,-89.66855793
CRMS4548-V35,,8/11/2015,10:23,CST,,,,0.984,,,,,,,30.90,8830.00,4.90,,,,,,,,,,,,,,,,,,,,COASTAL ESTUARY SERVICES LLC,,29.86179317,-89.66855793
CRMS4548-V35,,9/6/2016,08:37,CST,,,,,,,,,,,,,,,,,,,,,,,,,,,,,,,,,COASTAL ESTUARY SERVICES LLC,Water on marsh too high to pull Pore Water,29.86179317,-89.66855793
CRMS4548-V35,,9/7/2017,10:18,CST,,,,0.328,,,,,,,27.90,6076.00,3.30,,,,,,,,,,,,,,,,,,,,COASTAL ESTUARY SERVICES LLC,,29.86179317,-89.66855793
CRMS4548-V35,,9/7/2017,10:18,CST,,,,0.984,,,,,,,27.20,6956.00,3.80,,,,,,,,,,,,,,,,,,,,COASTAL ESTUARY SERVICES LLC,,29.86179317,-89.66855793
CRMS4548-V35,,8/30/2018,10:24,CST,,,,0.328,,,,,,,30.00,7254.00,4.00,,,,,,,,,,,,,,,,,,,,COASTAL ESTUARY SERVICES LLC,Depth of water on marsh = 0.4ft. ,29.86179317,-89.66855793
CRMS4548-V35,,8/30/2018,10:24,CST,,,,0.984,,,,,,,31.90,7756.00,4.20,,,,,,,,,,,,,,,,,,,,COASTAL ESTUARY SERVICES LLC,Depth of water on marsh = 0.4ft. ,29.86179317,-89.66855793
CRMS4548-V35,,8/22/2019,11:55,CST,,,,0.328,,,,,,,30.80,5297.00,2.80,,,,,,,,,,,,,,,,,,,,COASTAL ESTUARY SERVICES LLC,,29.86179317,-89.66855793
CRMS4548-V35,,8/22/2019,11:55,CST,,,,0.984,,,,,,,37.70,6754.00,3.60,,,,,,,,,,,,,,,,,,,,COASTAL ESTUARY SERVICES LLC,,29.86179317,-89.66855793
CRMS4548-V35,,7/22/2021,13:05,CST,0.60,GEOID12A,,0.328,,,,,,,29.60,4247.00,2.20,,,,,,,,,,,,,,,,,,,,COASTAL ESTUARY SERVICES LLC,Water Level: 0.4 ft Above Marsh; ,29.86179317,-89.66855793
CRMS4548-V35,,7/22/2021,13:05,CST,0.60,GEOID12A,,0.984,,,,,,,29.30,4633.00,2.50,,,,,,,,,,,,,,,,,,,,COASTAL ESTUARY SERVICES LLC,Water Level: 0.4 ft Above Marsh; ,29.86179317,-89.66855793
CRMS4548-V37,,8/18/2008,09:58,CST,,,,0.984,,,,,,,27.80,21650.00,13.00,,,,,,,,,,,,,,,,,,,,COASTAL ESTUARY SERVICES LLC,,29.86175599,-89.66860314
CRMS4548-V37,,7/16/2009,11:47,CST,,,,0.328,,,,,,,28.00,18530.00,10.90,,,,,,,,,,,,,,,,,,,,COASTAL ESTUARY SERVICES LLC,,29.86175599,-89.66860314
CRMS4548-V37,,7/16/2009,11:47,CST,,,,0.984,,,,,,,28.20,17420.00,10.20,,,,,,,,,,,,,,,,,,,,COASTAL ESTUARY SERVICES LLC,,29.86175599,-89.66860314
CRMS4548-V37,,6/18/2010,11:22,CST,,,,0.328,,,,,,,27.80,8430.00,4.70,,,,,,,,,,,,,,,,,,,,COASTAL ESTUARY SERVICES LLC,,29.86175599,-89.66860314
CRMS4548-V37,,6/18/2010,11:22,CST,,,,0.984,,,,,,,27.70,11300.00,6.40,,,,,,,,,,,,,,,,,,,,COASTAL ESTUARY SERVICES LLC,,29.86175599,-89.66860314
CRMS4548-V37,,8/1/2011,12:02,CST,,,,0.328,,,,,,,31.10,13110.00,7.50,,,,,,,,,,,,,,,,,,,,COASTAL ESTUARY SERVICES LLC,,29.86175599,-89.66860314
CRMS4548-V37,,8/1/2011,12:02,CST,,,,0.984,,,,,,,29.90,12540.00,7.20,,,,,,,,,,,,,,,,,,,,COASTAL ESTUARY SERVICES LLC,,29.86175599,-89.66860314
CRMS4548-V37,,7/11/2012,09:59,CST,,,,0.328,,,,,,,27.90,11320.00,6.40,,,,,,,,,,,,,,,,,,,,COASTAL ESTUARY SERVICES LLC,,29.86175599,-89.66860314
CRMS4548-V37,,7/11/2012,09:59,CST,,,,0.984,,,,,,,27.80,11430.00,6.50,,,,,,,,,,,,,,,,,,,,COASTAL ESTUARY SERVICES LLC,,29.86175599,-89.66860314
CRMS4548-V37,,8/13/2013,09:25,CST,,,,0.328,,,,,,,28.10,9080.00,5.00,,,,,,,,,,,,,,,,,,,,COASTAL ESTUARY SERVICES LLC,Clogged at 30 cm,29.86175599,-89.66860314
CRMS4548-V37,,8/20/2014,10:50,CST,,,,0.328,,,,,,,30.70,8351.00,4.60,,,,,,,,,,,,,,,,,,,,COASTAL ESTUARY SERVICES LLC,clogged @ 30cm,29.86175599,-89.66860314
CRMS4548-V37,,8/11/2015,10:26,CST,,,,0.328,,,,,,,30.50,9370.00,5.20,,,,,,,,,,,,,,,,,,,,COASTAL ESTUARY SERVICES LLC,,29.86175599,-89.66860314
CRMS4548-V37,,8/11/2015,10:26,CST,,,,0.984,,,,,,,30.00,9680.00,5.40,,,,,,,,,,,,,,,,,,,,COASTAL ESTUARY SERVICES LLC,,29.86175599,-89.66860314
CRMS4548-V37,,9/6/2016,08:42,CST,,,,,,,,,,,,,,,,,,,,,,,,,,,,,,,,,COASTAL ESTUARY SERVICES LLC,Water on marsh too high to pull Pore Water,29.86175599,-89.66860314
CRMS4548-V37,,9/7/2017,10:12,CST,,,,0.328,,,,,,,27.60,6648.00,3.60,,,,,,,,,,,,,,,,,,,,COASTAL ESTUARY SERVICES LLC,,29.86175599,-89.66860314
CRMS4548-V37,,9/7/2017,10:12,CST,,,,0.984,,,,,,,27.40,6628.00,3.60,,,,,,,,,,,,,,,,,,,,COASTAL ESTUARY SERVICES LLC,,29.86175599,-89.66860314
CRMS4548-V37,,8/30/2018,10:36,CST,,,,0.328,,,,,,,,,,,,,,,,,,,,,,,,,,,,,COASTAL ESTUARY SERVICES LLC,Depth of water on marsh = 0.3ft. Clogged at 10 cm,29.86175599,-89.66860314
CRMS4548-V37,,8/30/2018,10:36,CST,,,,0.984,,,,,,,29.60,8030.00,4.40,,,,,,,,,,,,,,,,,,,,COASTAL ESTUARY SERVICES LLC,Depth of water on marsh = 0.3ft. ,29.86175599,-89.66860314
CRMS4548-V37,,8/22/2019,11:56,CST,,,,0.328,,,,,,,29.90,4754.00,2.50,,,,,,,,,,,,,,,,,,,,COASTAL ESTUARY SERVICES LLC,,29.86175599,-89.66860314
CRMS4548-V37,,8/22/2019,11:56,CST,,,,0.984,,,,,,,32.70,8066.00,4.40,,,,,,,,,,,,,,,,,,,,COASTAL ESTUARY SERVICES LLC,,29.86175599,-89.66860314
CRMS4548-V37,,7/22/2021,13:14,CST,0.60,GEOID12A,,0.328,,,,,,,31.10,6277.00,3.40,,,,,,,,,,,,,,,,,,,,COASTAL ESTUARY SERVICES LLC,Water Level: 0.4 ft Above Marsh; ,29.86175599,-89.66860314
CRMS4548-V37,,7/22/2021,13:14,CST,0.60,GEOID12A,,0.984,,,,,,,30.20,7161.00,3.90,,,,,,,,,,,,,,,,,,,,COASTAL ESTUARY SERVICES LLC,Water Level: 0.4 ft Above Marsh; ,29.86175599,-89.66860314
CRMS4548-V66,,8/23/2007,12:00,CST,,,,0.328,,,,,,,30.60,24060.00,14.50,,,,,,,,,,,,,,,,,,,,COASTAL ESTUARY SERVICES LLC,,29.86121797,-89.66925725
CRMS4548-V66,,8/23/2007,12:00,CST,,,,0.984,,,,,,,31.20,22580.00,13.40,,,,,,,,,,,,,,,,,,,,COASTAL ESTUARY SERVICES LLC,,29.86121797,-89.66925725
CRMS4548-V66,,7/16/2009,13:10,CST,,,,0.328,,,,,,,28.60,21185.00,12.70,,,,,,,,,,,,,,,,,,,,COASTAL ESTUARY SERVICES LLC,,29.86121797,-89.66925725
CRMS4548-V66,,6/18/2010,11:38,CST,,,,0.328,,,,,,,29.90,9950.00,5.60,,,,,,,,,,,,,,,,,,,,COASTAL ESTUARY SERVICES LLC,,29.86121797,-89.66925725
CRMS4548-V66,,6/18/2010,11:38,CST,,,,0.984,,,,,,,28.50,18390.00,10.80,,,,,,,,,,,,,,,,,,,,COASTAL ESTUARY SERVICES LLC,,29.86121797,-89.66925725
CRMS4548-V66,,8/1/2011,12:08,CST,,,,0.328,,,,,,,32.80,9430.00,5.20,,,,,,,,,,,,,,,,,,,,COASTAL ESTUARY SERVICES LLC,,29.86121797,-89.66925725
CRMS4548-V66,,8/1/2011,12:08,CST,,,,0.984,,,,,,,31.90,15610.00,9.00,,,,,,,,,,,,,,,,,,,,COASTAL ESTUARY SERVICES LLC,,29.86121797,-89.66925725
CRMS4548-V66,,7/11/2012,09:51,CST,,,,0.328,,,,,,,27.70,12120.00,6.90,,,,,,,,,,,,,,,,,,,,COASTAL ESTUARY SERVICES LLC,,29.86121797,-89.66925725
CRMS4548-V66,,7/11/2012,09:51,CST,,,,0.984,,,,,,,28.30,12950.00,7.40,,,,,,,,,,,,,,,,,,,,COASTAL ESTUARY SERVICES LLC,,29.86121797,-89.66925725
CRMS4548-V66,,8/13/2013,09:20,CST,,,,0.328,,,,,,,28.70,9090.00,5.10,,,,,,,,,,,,,,,,,,,,COASTAL ESTUARY SERVICES LLC,,29.86121797,-89.66925725
CRMS4548-V66,,8/13/2013,09:20,CST,,,,0.984,,,,,,,28.50,8980.00,5.00,,,,,,,,,,,,,,,,,,,,COASTAL ESTUARY SERVICES LLC,,29.86121797,-89.66925725
CRMS4548-V66,,8/20/2014,10:40,CST,,,,,,,,,,,,,,,,,,,,,,,,,,,,,,,,,COASTAL ESTUARY SERVICES LLC,clogged @ 10cm & 30cm ,29.86121797,-89.66925725
CRMS4548-V66,,8/11/2015,10:36,CST,,,,0.328,,,,,,,29.70,8680.00,4.80,,,,,,,,,,,,,,,,,,,,COASTAL ESTUARY SERVICES LLC,,29.86121797,-89.66925725
CRMS4548-V66,,8/11/2015,10:36,CST,,,,0.984,,,,,,,30.30,9200.00,5.10,,,,,,,,,,,,,,,,,,,,COASTAL ESTUARY SERVICES LLC,,29.86121797,-89.66925725
CRMS4548-V66,,9/6/2016,08:23,CST,,,,,,,,,,,,,,,,,,,,,,,,,,,,,,,,,COASTAL ESTUARY SERVICES LLC,Water on marsh too high to pull Pore Water,29.86121797,-89.66925725
CRMS4548-V66,,9/7/2017,10:08,CST,,,,0.328,,,,,,,27.20,6346.00,3.40,,,,,,,,,,,,,,,,,,,,COASTAL ESTUARY SERVICES LLC,,29.86121797,-89.66925725
CRMS4548-V66,,9/7/2017,10:08,CST,,,,0.984,,,,,,,26.70,6450.00,3.50,,,,,,,,,,,,,,,,,,,,COASTAL ESTUARY SERVICES LLC,,29.86121797,-89.66925725
CRMS4548-V66,,8/30/2018,10:46,CST,,,,0.328,,,,,,,,,,,,,,,,,,,,,,,,,,,,,COASTAL ESTUARY SERVICES LLC,Depth of water on marsh = 0.5ft. Clogged at 10 cm,29.86121797,-89.66925725
CRMS4548-V66,,8/30/2018,10:46,CST,,,,0.984,,,,,,,,,,,,,,,,,,,,,,,,,,,,,COASTAL ESTUARY SERVICES LLC,Depth of water on marsh = 0.5ft. Clogged at 30 cm,29.86121797,-89.66925725
CRMS4548-V66,,8/22/2019,12:15,CST,,,,0.328,,,,,,,33.00,8298.00,4.60,,,,,,,,,,,,,,,,,,,,COASTAL ESTUARY SERVICES LLC,,29.86121797,-89.66925725
CRMS4548-V66,,8/22/2019,12:15,CST,,,,0.984,,,,,,,33.60,9504.00,5.30,,,,,,,,,,,,,,,,,,,,COASTAL ESTUARY SERVICES LLC,,29.86121797,-89.66925725
CRMS4548-V66,,7/22/2021,13:45,CST,0.60,GEOID12A,,0.328,,,,,,,29.70,6167.00,3.30,,,,,,,,,,,,,,,,,,,,COASTAL ESTUARY SERVICES LLC,Water Level: 0.6 ft Above Marsh; ,29.86121797,-89.66925725
CRMS4548-V66,,7/22/2021,13:45,CST,0.60,GEOID12A,,0.984,,,,,,,30.00,9754.00,5.40,,,,,,,,,,,,,,,,,,,,COASTAL ESTUARY SERVICES LLC,Water Level: 0.6 ft Above Marsh; ,29.86121797,-89.66925725
CRMS4548-V68,,8/18/2008,10:08,CST,,,,0.328,,,,,,,28.10,20680.00,12.30,,,,,,,,,,,,,,,,,,,,COASTAL ESTUARY SERVICES LLC,,29.86118079,-89.66930245
CRMS4548-V68,,8/18/2008,10:08,CST,,,,0.984,,,,,,,27.80,19180.00,11.40,,,,,,,,,,,,,,,,,,,,COASTAL ESTUARY SERVICES LLC,,29.86118079,-89.66930245
CRMS4548-V68,,7/16/2009,13:15,CST,,,,,,,,,,,,,,,,,,,,,,,,,,,,,,,,,COASTAL ESTUARY SERVICES LLC,,29.86118079,-89.66930245
CRMS4548-V68,,6/18/2010,11:43,CST,,,,0.328,,,,,,,29.00,10060.00,5.60,,,,,,,,,,,,,,,,,,,,COASTAL ESTUARY SERVICES LLC,,29.86118079,-89.66930245
CRMS4548-V68,,6/18/2010,11:43,CST,,,,0.984,,,,,,,28.60,11460.00,6.50,,,,,,,,,,,,,,,,,,,,COASTAL ESTUARY SERVICES LLC,,29.86118079,-89.66930245
CRMS4548-V68,,8/1/2011,12:17,CST,,,,0.328,,,,,,,31.50,12370.00,7.00,,,,,,,,,,,,,,,,,,,,COASTAL ESTUARY SERVICES LLC,,29.86118079,-89.66930245
CRMS4548-V68,,8/1/2011,12:17,CST,,,,0.984,,,,,,,31.10,13770.00,7.90,,,,,,,,,,,,,,,,,,,,COASTAL ESTUARY SERVICES LLC,,29.86118079,-89.66930245
CRMS4548-V68,,7/11/2012,09:42,CST,,,,0.328,,,,,,,27.50,10760.00,6.10,,,,,,,,,,,,,,,,,,,,COASTAL ESTUARY SERVICES LLC,,29.86118079,-89.66930245
CRMS4548-V68,,7/11/2012,09:42,CST,,,,0.984,,,,,,,27.90,10930.00,6.20,,,,,,,,,,,,,,,,,,,,COASTAL ESTUARY SERVICES LLC,,29.86118079,-89.66930245
CRMS4548-V68,,8/13/2013,09:17,CST,,,,,,,,,,,,,,,,,,,,,,,,,,,,,,,,,COASTAL ESTUARY SERVICES LLC,Clogged at 10 cm and 30 cm,29.86118079,-89.66930245
CRMS4548-V68,,8/20/2014,10:35,CST,,,,0.328,,,,,,,30.20,7044.00,3.80,,,,,,,,,,,,,,,,,,,,COASTAL ESTUARY SERVICES LLC,clogged @ 30cm,29.86118079,-89.66930245
CRMS4548-V68,,8/11/2015,10:39,CST,,,,0.328,,,,,,,31.10,8660.00,4.80,,,,,,,,,,,,,,,,,,,,COASTAL ESTUARY SERVICES LLC,,29.86118079,-89.66930245
CRMS4548-V68,,8/11/2015,10:39,CST,,,,0.984,,,,,,,30.70,8230.00,4.50,,,,,,,,,,,,,,,,,,,,COASTAL ESTUARY SERVICES LLC,,29.86118079,-89.66930245
CRMS4548-V68,,9/6/2016,08:18,CST,,,,,,,,,,,,,,,,,,,,,,,,,,,,,,,,,COASTAL ESTUARY SERVICES LLC,Water on marsh too high to pull Pore Water,29.86118079,-89.66930245
CRMS4548-V68,,9/7/2017,10:03,CST,,,,0.328,,,,,,,26.30,6440.00,3.50,,,,,,,,,,,,,,,,,,,,COASTAL ESTUARY SERVICES LLC,,29.86118079,-89.66930245
CRMS4548-V68,,9/7/2017,10:03,CST,,,,0.984,,,,,,,26.60,6456.00,3.50,,,,,,,,,,,,,,,,,,,,COASTAL ESTUARY SERVICES LLC,,29.86118079,-89.66930245
CRMS4548-V68,,8/30/2018,10:51,CST,,,,0.328,,,,,,,,,,,,,,,,,,,,,,,,,,,,,COASTAL ESTUARY SERVICES LLC,Depth of water on marsh = 0.5ft. Clogged at 10 cm,29.86118079,-89.66930245
CRMS4548-V68,,8/30/2018,10:51,CST,,,,0.984,,,,,,,,,,,,,,,,,,,,,,,,,,,,,COASTAL ESTUARY SERVICES LLC,Depth of water on marsh = 0.5ft. Clogged at 30 cm,29.86118079,-89.66930245
CRMS4548-V68,,8/22/2019,12:18,CST,,,,0.328,,,,,,,31.80,7094.00,4.30,,,,,,,,,,,,,,,,,,,,COASTAL ESTUARY SERVICES LLC,,29.86118079,-89.66930245
CRMS4548-V68,,8/22/2019,12:18,CST,,,,0.984,,,,,,,32.00,9934.00,5.50,,,,,,,,,,,,,,,,,,,,COASTAL ESTUARY SERVICES LLC,,29.86118079,-89.66930245
CRMS4548-V68,,7/22/2021,13:35,CST,0.60,GEOID12A,,0.328,,,,,,,30.00,5045.00,2.70,,,,,,,,,,,,,,,,,,,,COASTAL ESTUARY SERVICES LLC,Water Level: 0.7 ft Above Marsh; ,29.86118079,-89.66930245
CRMS4548-V68,,7/22/2021,13:35,CST,0.60,GEOID12A,,0.984,,,,,,,30.20,6520.00,3.50,,,,,,,,,,,,,,,,,,,,COASTAL ESTUARY SERVICES LLC,Water Level: 0.7 ft Above Marsh; ,29.86118079,-89.66930245
CRMS4548-V81,,8/23/2007,11:34,CST,,,,0.328,,,,,,,31.30,22900.00,13.70,,,,,,,,,,,,,,,,,,,,COASTAL ESTUARY SERVICES LLC,,29.86094022,-89.66959558
CRMS4548-V81,,8/23/2007,11:34,CST,,,,0.984,,,,,,,31.00,22090.00,13.20,,,,,,,,,,,,,,,,,,,,COASTAL ESTUARY SERVICES LLC,,29.86094022,-89.66959558
CRMS4548-V81,,7/16/2009,13:20,CST,,,,,,,,,,,,,,,,,,,,,,,,,,,,,,,,,COASTAL ESTUARY SERVICES LLC,,29.86094022,-89.66959558
CRMS4548-V81,,6/18/2010,11:49,CST,,,,0.328,,,,,,,28.60,11890.00,6.80,,,,,,,,,,,,,,,,,,,,COASTAL ESTUARY SERVICES LLC,,29.86094022,-89.66959558
CRMS4548-V81,,6/18/2010,11:49,CST,,,,0.984,,,,,,,28.20,15850.00,9.20,,,,,,,,,,,,,,,,,,,,COASTAL ESTUARY SERVICES LLC,,29.86094022,-89.66959558
CRMS4548-V81,,8/1/2011,12:20,CST,,,,0.328,,,,,,,31.70,15430.00,8.90,,,,,,,,,,,,,,,,,,,,COASTAL ESTUARY SERVICES LLC,,29.86094022,-89.66959558
CRMS4548-V81,,8/1/2011,12:20,CST,,,,0.984,,,,,,,30.70,14030.00,8.00,,,,,,,,,,,,,,,,,,,,COASTAL ESTUARY SERVICES LLC,,29.86094022,-89.66959558
CRMS4548-V81,,7/11/2012,09:36,CST,,,,0.328,,,,,,,28.30,11510.00,6.50,,,,,,,,,,,,,,,,,,,,COASTAL ESTUARY SERVICES LLC,,29.86094022,-89.66959558
CRMS4548-V81,,7/11/2012,09:36,CST,,,,0.984,,,,,,,28.70,13850.00,8.00,,,,,,,,,,,,,,,,,,,,COASTAL ESTUARY SERVICES LLC,,29.86094022,-89.66959558
CRMS4548-V81,,8/13/2013,09:13,CST,,,,0.984,,,,,,,31.20,8150.00,4.50,,,,,,,,,,,,,,,,,,,,COASTAL ESTUARY SERVICES LLC,Clogged at 10 cm,29.86094022,-89.66959558
CRMS4548-V81,,8/20/2014,10:20,CST,,,,0.328,,,,,,,31.80,9815.00,5.50,,,,,,,,,,,,,,,,,,,,COASTAL ESTUARY SERVICES LLC,,29.86094022,-89.66959558
CRMS4548-V81,,8/20/2014,10:20,CST,,,,0.984,,,,,,,30.70,10410.00,5.80,,,,,,,,,,,,,,,,,,,,COASTAL ESTUARY SERVICES LLC,,29.86094022,-89.66959558
CRMS4548-V81,,8/11/2015,10:41,CST,,,,0.328,,,,,,,30.10,9300.00,5.20,,,,,,,,,,,,,,,,,,,,COASTAL ESTUARY SERVICES LLC,,29.86094022,-89.66959558
CRMS4548-V81,,8/11/2015,10:41,CST,,,,0.984,,,,,,,29.90,9760.00,5.50,,,,,,,,,,,,,,,,,,,,COASTAL ESTUARY SERVICES LLC,,29.86094022,-89.66959558
CRMS4548-V81,,9/6/2016,08:13,CST,,,,,,,,,,,,,,,,,,,,,,,,,,,,,,,,,COASTAL ESTUARY SERVICES LLC,Water on marsh too high to pull Pore Water,29.86094022,-89.66959558
CRMS4548-V81,,9/7/2017,09:57,CST,,,,0.328,,,,,,,27.90,5784.00,3.10,,,,,,,,,,,,,,,,,,,,COASTAL ESTUARY SERVICES LLC,,29.86094022,-89.66959558
CRMS4548-V81,,9/7/2017,09:57,CST,,,,0.984,,,,,,,27.10,6542.00,3.60,,,,,,,,,,,,,,,,,,,,COASTAL ESTUARY SERVICES LLC,,29.86094022,-89.66959558
CRMS4548-V81,,8/30/2018,11:00,CST,,,,0.328,,,,,,,,,,,,,,,,,,,,,,,,,,,,,COASTAL ESTUARY SERVICES LLC,Depth of water on marsh = 0.6ft. Clogged at 10 cm,29.86094022,-89.66959558
CRMS4548-V81,,8/30/2018,11:00,CST,,,,0.984,,,,,,,,,,,,,,,,,,,,,,,,,,,,,COASTAL ESTUARY SERVICES LLC,Depth of water on marsh = 0.6ft. Clogged at 30 cm,29.86094022,-89.66959558
CRMS4548-V81,,8/22/2019,12:36,CST,,,,0.328,,,,,,,,,,,,,,,,,,,,,,,,,,,,,COASTAL ESTUARY SERVICES LLC,dry,29.86094022,-89.66959558
CRMS4548-V81,,8/22/2019,12:36,CST,,,,0.984,,,,,,,,,,,,,,,,,,,,,,,,,,,,,COASTAL ESTUARY SERVICES LLC,clogged,29.86094022,-89.66959558
CRMS4548-V81,,7/22/2021,13:30,CST,0.60,GEOID12A,,0.328,,,,,,,29.80,5907.00,3.20,,,,,,,,,,,,,,,,,,,,COASTAL ESTUARY SERVICES LLC,Water Level: 0.6 ft Above Marsh; ,29.86094022,-89.66959558
CRMS4548-V81,,7/22/2021,13:30,CST,0.60,GEOID12A,,0.984,,,,,,,29.70,4236.00,2.20,,,,,,,,,,,,,,,,,,,,COASTAL ESTUARY SERVICES LLC,Water Level: 0.6 ft Above Marsh; ,29.86094022,-89.66959558

