CPRA Station ID,Original Collector Station ID,Date (mm/dd/yyyy),Time (hh:mm),Time Zone,Staff Gauge (ft),Geoid,Station Depth (ft),Measurement Depth (ft),Water Temperature (�C),Specific Conductance (uS/cm),Salinity (ppt),Dissolved Oxygen (mg/L),pH (pH units),Velocity (ft/sec),Soil Porewater Temperature (�C),Soil Porewater Specific Conductance (uS/cm),Soil Porewater Salinity (ppt),Turbidity (FNU),Chlorophyll a (ug/L),Total Nitrogen (mg/L),Total Kjeldahl Nitrogen (mg/L),Nitrate as N (mg/L),Nitrite as N (mg/L),Nitrate+Nitrite as N (unfiltered; mg/L),Nitrate+Nitrite as N (filtered; mg/L),Ammonium as N (unfiltered; mg/L),Ammonium as N (filtered; mg/L),Total Phosphorus (mg/L),Orthophosphate as P (unfiltered; mg/L),Orthophosphate as P (filtered; mg/L),Silica (unfiltered; mg/L),Silica (filtered; mg/L),Total Suspended Solids (mg/L),Volatile Suspended Solids (mg/L),Secchi (ft),Fecal Coliform (MPN/100ml),Organization Name,Comments,Latitude,Longitude
CRMS0539-P01,,10/4/2007,08:01,CST,,,,0.328,,,,,,,26.90,8850.00,4.90,,,,,,,,,,,,,,,,,,,,COASTAL ESTUARY SERVICES LLC,,29.73739050,-92.22922250
CRMS0539-P01,,10/4/2007,08:01,CST,,,,0.984,,,,,,,25.70,12940.00,7.40,,,,,,,,,,,,,,,,,,,,COASTAL ESTUARY SERVICES LLC,,29.73739050,-92.22922250
CRMS0539-V05,,10/4/2007,07:31,CST,,,,0.328,,,,,,,26.20,3801.00,2.00,,,,,,,,,,,,,,,,,,,,COASTAL ESTUARY SERVICES LLC,,29.73819527,-92.22541991
CRMS0539-V05,,10/4/2007,07:31,CST,,,,0.984,,,,,,,26.80,6250.00,3.40,,,,,,,,,,,,,,,,,,,,COASTAL ESTUARY SERVICES LLC,,29.73819527,-92.22541991
CRMS0539-V25,,10/4/2007,07:44,CST,,,,0.328,,,,,,,26.20,4620.00,2.50,,,,,,,,,,,,,,,,,,,,COASTAL ESTUARY SERVICES LLC,,29.73781431,-92.22586167
CRMS0539-V25,,10/4/2007,07:44,CST,,,,0.984,,,,,,,25.20,6480.00,3.50,,,,,,,,,,,,,,,,,,,,COASTAL ESTUARY SERVICES LLC,,29.73781431,-92.22586167
CRMS0539-V31,,10/4/2007,07:52,CST,,,,0.328,,,,,,,25.20,4642.00,2.50,,,,,,,,,,,,,,,,,,,,COASTAL ESTUARY SERVICES LLC,,29.73770003,-92.22599439
CRMS0539-V31,,10/4/2007,07:52,CST,,,,0.984,,,,,,,26.20,9730.00,5.50,,,,,,,,,,,,,,,,,,,,COASTAL ESTUARY SERVICES LLC,,29.73770003,-92.22599439
CRMS0539-V56,,10/4/2007,08:07,CST,,,,0.328,,,,,,,25.80,6290.00,3.40,,,,,,,,,,,,,,,,,,,,COASTAL ESTUARY SERVICES LLC,,29.73722495,-92.22654610
CRMS0539-V56,,10/4/2007,08:07,CST,,,,0.984,,,,,,,25.00,9520.00,5.30,,,,,,,,,,,,,,,,,,,,COASTAL ESTUARY SERVICES LLC,,29.73722495,-92.22654610
CRMS0539-V75,,10/4/2007,08:18,CST,,,,0.328,,,,,,,26.40,5440.00,2.90,,,,,,,,,,,,,,,,,,,,COASTAL ESTUARY SERVICES LLC,,29.73686416,-92.22696572
CRMS0539-V75,,10/4/2007,08:18,CST,,,,0.984,,,,,,,25.80,10500.00,6.00,,,,,,,,,,,,,,,,,,,,COASTAL ESTUARY SERVICES LLC,,29.73686416,-92.22696572
TV63-03,,10/20/2020,10:00,CST,,,,0.328,,,,,,,27.00,13350.00,7.70,,,,,,,,,,,,,,,,,,,,COASTAL PROTECTION AND RESTORATION AUTHORITY,Depth of water on marsh: .6 ft.  ,29.73903172,-92.22339636
TV63-03,,10/20/2020,10:00,CST,,,,0.984,,,,,,,24.70,11874.00,6.80,,,,,,,,,,,,,,,,,,,,COASTAL PROTECTION AND RESTORATION AUTHORITY,Depth of water on marsh: .6 ft.  ,29.73903172,-92.22339636
TV63-04,,10/20/2020,10:10,CST,,,,0.328,,,,,,,30.80,13758.00,7.90,,,,,,,,,,,,,,,,,,,,COASTAL PROTECTION AND RESTORATION AUTHORITY,Depth of water on marsh: .55 ft.  ,29.73825401,-92.22620471
TV63-04,,10/20/2020,10:10,CST,,,,0.984,,,,,,,28.40,8497.00,4.70,,,,,,,,,,,,,,,,,,,,COASTAL PROTECTION AND RESTORATION AUTHORITY,Depth of water on marsh: .55 ft.  ,29.73825401,-92.22620471
TV63-05,,10/20/2020,10:20,CST,,,,0.328,,,,,,,26.00,15278.00,8.90,,,,,,,,,,,,,,,,,,,,COASTAL PROTECTION AND RESTORATION AUTHORITY,Depth of water on marsh: .5 ft.  ,29.73364998,-92.23214438
TV63-05,,10/20/2020,10:20,CST,,,,0.984,,,,,,,27.80,13310.00,7.60,,,,,,,,,,,,,,,,,,,,COASTAL PROTECTION AND RESTORATION AUTHORITY,Depth of water on marsh: .5 ft.  ,29.73364998,-92.23214438
TV63-06,,10/20/2020,10:30,CST,,,,0.328,,,,,,,28.10,12655.00,7.20,,,,,,,,,,,,,,,,,,,,COASTAL PROTECTION AND RESTORATION AUTHORITY,Depth of water on marsh: .5 ft.  ,29.73013373,-92.23271918
TV63-06,,10/20/2020,10:30,CST,,,,0.984,,,,,,,28.30,10076.00,5.70,,,,,,,,,,,,,,,,,,,,COASTAL PROTECTION AND RESTORATION AUTHORITY,Depth of water on marsh: .5 ft.  ,29.73013373,-92.23271918
TV63-07,,10/20/2020,10:40,CST,,,,0.328,,,,,,,29.80,13630.00,7.80,,,,,,,,,,,,,,,,,,,,COASTAL PROTECTION AND RESTORATION AUTHORITY,Depth of water on marsh: .3 ft.  ,29.72846565,-92.23453100
TV63-07,,10/20/2020,10:40,CST,,,,0.984,,,,,,,28.70,7229.00,4.00,,,,,,,,,,,,,,,,,,,,COASTAL PROTECTION AND RESTORATION AUTHORITY,Depth of water on marsh: .3 ft.  ,29.72846565,-92.23453100
TV63-08,,10/20/2020,10:50,CST,,,,0.328,,,,,,,,,,,,,,,,,,,,,,,,,,,,,COASTAL PROTECTION AND RESTORATION AUTHORITY,No 10 cm collected; too dry; Depth of water on marsh: 0 ft.  ,29.71538268,-92.23499213
TV63-08,,10/20/2020,10:50,CST,,,,0.984,,,,,,,27.80,10047.00,5.60,,,,,,,,,,,,,,,,,,,,COASTAL PROTECTION AND RESTORATION AUTHORITY,Depth of water on marsh: 0 ft.  ,29.71538268,-92.23499213
TV63-09,,10/20/2020,11:00,CST,,,,0.328,,,,,,,27.20,15107.00,8.80,,,,,,,,,,,,,,,,,,,,COASTAL PROTECTION AND RESTORATION AUTHORITY,Depth of water on marsh: .5 ft.  ,29.71267536,-92.23500231
TV63-09,,10/20/2020,11:00,CST,,,,0.984,,,,,,,27.30,13733.00,7.90,,,,,,,,,,,,,,,,,,,,COASTAL PROTECTION AND RESTORATION AUTHORITY,Depth of water on marsh: .5 ft.  ,29.71267536,-92.23500231
TV63-10,,10/20/2020,11:10,CST,,,,0.328,,,,,,,28.10,10938.00,6.20,,,,,,,,,,,,,,,,,,,,COASTAL PROTECTION AND RESTORATION AUTHORITY,Depth of water on marsh: .55 ft.  ,29.71508277,-92.22840882
TV63-10,,10/20/2020,11:10,CST,,,,0.984,,,,,,,,,,,,,,,,,,,,,,,,,,,,,COASTAL PROTECTION AND RESTORATION AUTHORITY,No 30 cm collected; Depth of water on marsh: .55 ft.  ,29.71508277,-92.22840882
TV63-11,,10/20/2020,11:20,CST,,,,0.328,,,,,,,27.80,13016.00,7.40,,,,,,,,,,,,,,,,,,,,COASTAL PROTECTION AND RESTORATION AUTHORITY,Depth of water on marsh: .55 ft.  ,29.71807388,-92.22291675
TV63-11,,10/20/2020,11:20,CST,,,,0.984,,,,,,,26.30,14610.00,8.50,,,,,,,,,,,,,,,,,,,,COASTAL PROTECTION AND RESTORATION AUTHORITY,Depth of water on marsh: .55 ft.  ,29.71807388,-92.22291675
TV63-12,,10/20/2020,11:30,CST,,,,0.328,,,,,,,,,,,,,,,,,,,,,,,,,,,,,COASTAL PROTECTION AND RESTORATION AUTHORITY,No 10 cm collected; Depth of water on marsh: 0.6 ft.  ,29.71642858,-92.21631275
TV63-12,,10/20/2020,11:30,CST,,,,0.984,,,,,,,,,,,,,,,,,,,,,,,,,,,,,COASTAL PROTECTION AND RESTORATION AUTHORITY,No 30 cm collected; Depth of water on marsh: 0.6 ft.  ,29.71642858,-92.21631275
TV63-13R,,10/20/2020,11:40,CST,,,,0.328,,,,,,,24.50,7551.00,4.20,,,,,,,,,,,,,,,,,,,,COASTAL PROTECTION AND RESTORATION AUTHORITY,Depth of water on marsh: .7 ft.  ,29.73879465,-92.21991332
TV63-13R,,10/20/2020,11:40,CST,,,,0.984,,,,,,,23.90,6290.00,3.40,,,,,,,,,,,,,,,,,,,,COASTAL PROTECTION AND RESTORATION AUTHORITY,Depth of water on marsh: .7 ft.  ,29.73879465,-92.21991332
TV63-14R,,10/20/2020,11:50,CST,,,,0.328,,,,,,,25.80,9256.00,5.20,,,,,,,,,,,,,,,,,,,,COASTAL PROTECTION AND RESTORATION AUTHORITY,Depth of water on marsh: .8 ft.  ,29.73709668,-92.22429023
TV63-14R,,10/20/2020,11:50,CST,,,,0.984,,,,,,,24.80,9782.00,5.50,,,,,,,,,,,,,,,,,,,,COASTAL PROTECTION AND RESTORATION AUTHORITY,Depth of water on marsh: .8 ft.  ,29.73709668,-92.22429023
TV63-15R,,10/20/2020,12:00,CST,,,,0.328,,,,,,,25.30,8910.00,5.00,,,,,,,,,,,,,,,,,,,,COASTAL PROTECTION AND RESTORATION AUTHORITY,Depth of water on marsh: .5 ft.  ,29.73581290,-92.22852939
TV63-15R,,10/20/2020,12:00,CST,,,,0.984,,,,,,,25.10,10767.00,6.10,,,,,,,,,,,,,,,,,,,,COASTAL PROTECTION AND RESTORATION AUTHORITY,Depth of water on marsh: .5 ft.  ,29.73581290,-92.22852939
TV63-16R,,10/20/2020,12:10,CST,,,,0.328,,,,,,,25.50,10385.00,5.90,,,,,,,,,,,,,,,,,,,,COASTAL PROTECTION AND RESTORATION AUTHORITY,Depth of water on marsh: .7 ft.  ,29.72686271,-92.23825510
TV63-16R,,10/20/2020,12:10,CST,,,,0.984,,,,,,,25.60,9588.00,5.40,,,,,,,,,,,,,,,,,,,,COASTAL PROTECTION AND RESTORATION AUTHORITY,Depth of water on marsh: .7 ft.  ,29.72686271,-92.23825510
TV63-17R,,10/20/2020,12:20,CST,,,,0.328,,,,,,,26.50,9963.00,5.60,,,,,,,,,,,,,,,,,,,,COASTAL PROTECTION AND RESTORATION AUTHORITY,Depth of water on marsh: .5 ft.  ,29.72423282,-92.23291917
TV63-17R,,10/20/2020,12:20,CST,,,,0.984,,,,,,,25.40,11054.00,6.30,,,,,,,,,,,,,,,,,,,,COASTAL PROTECTION AND RESTORATION AUTHORITY,Depth of water on marsh: .5 ft.  ,29.72423282,-92.23291917
TV63-18R,,10/20/2020,12:30,CST,,,,0.328,,,,,,,25.40,11770.00,6.70,,,,,,,,,,,,,,,,,,,,COASTAL PROTECTION AND RESTORATION AUTHORITY,Depth of water on marsh: .6 ft.  ,29.72067722,-92.23761944
TV63-18R,,10/20/2020,12:30,CST,,,,0.984,,,,,,,25.10,11616.00,6.60,,,,,,,,,,,,,,,,,,,,COASTAL PROTECTION AND RESTORATION AUTHORITY,Depth of water on marsh: .6 ft.  ,29.72067722,-92.23761944
TV63-19R,,10/20/2020,12:40,CST,,,,0.328,,,,,,,26.30,11889.00,6.80,,,,,,,,,,,,,,,,,,,,COASTAL PROTECTION AND RESTORATION AUTHORITY,Depth of water on marsh: .9 ft.  ,29.72254491,-92.22511557
TV63-19R,,10/20/2020,12:40,CST,,,,0.984,,,,,,,25.10,12358.00,7.10,,,,,,,,,,,,,,,,,,,,COASTAL PROTECTION AND RESTORATION AUTHORITY,Depth of water on marsh: .9 ft.  ,29.72254491,-92.22511557
TV63-20R,,10/20/2020,12:50,CST,,,,0.328,,,,,,,26.40,9660.00,5.40,,,,,,,,,,,,,,,,,,,,COASTAL PROTECTION AND RESTORATION AUTHORITY,Depth of water on marsh: .7 ft.  ,29.72097351,-92.21572947
TV63-20R,,10/20/2020,12:50,CST,,,,0.984,,,,,,,25.30,10240.00,5.80,,,,,,,,,,,,,,,,,,,,COASTAL PROTECTION AND RESTORATION AUTHORITY,Depth of water on marsh: .7 ft.  ,29.72097351,-92.21572947
TV63-21R,,10/20/2020,13:00,CST,,,,0.328,,,,,,,25.90,12584.00,7.20,,,,,,,,,,,,,,,,,,,,COASTAL PROTECTION AND RESTORATION AUTHORITY,Depth of water on marsh: .9 ft.  ,29.71227804,-92.21796807
TV63-21R,,10/20/2020,13:00,CST,,,,0.984,,,,,,,25.00,14752.00,8.60,,,,,,,,,,,,,,,,,,,,COASTAL PROTECTION AND RESTORATION AUTHORITY,Depth of water on marsh: .9 ft.  ,29.71227804,-92.21796807
TV63-22R,,10/20/2020,13:10,CST,,,,0.328,,,,,,,26.00,11282.00,6.40,,,,,,,,,,,,,,,,,,,,COASTAL PROTECTION AND RESTORATION AUTHORITY,Depth of water on marsh: 1.0 ft.  ,29.71776901,-92.24036050
TV63-22R,,10/20/2020,13:10,CST,,,,0.984,,,,,,,26.20,10776.00,6.10,,,,,,,,,,,,,,,,,,,,COASTAL PROTECTION AND RESTORATION AUTHORITY,Depth of water on marsh: 1.0 ft.  ,29.71776901,-92.24036050

