CPRA Station ID,Original Collector Station ID,Date (mm/dd/yyyy),Time (hh:mm),Time Zone,Staff Gauge (ft),Geoid,Station Depth (ft),Measurement Depth (ft),Water Temperature (�C),Specific Conductance (uS/cm),Salinity (ppt),Dissolved Oxygen (mg/L),pH (pH units),Velocity (ft/sec),Soil Porewater Temperature (�C),Soil Porewater Specific Conductance (uS/cm),Soil Porewater Salinity (ppt),Turbidity (FNU),Chlorophyll a (ug/L),Total Nitrogen (mg/L),Total Kjeldahl Nitrogen (mg/L),Nitrate as N (mg/L),Nitrite as N (mg/L),Nitrate+Nitrite as N (unfiltered; mg/L),Nitrate+Nitrite as N (filtered; mg/L),Ammonium as N (unfiltered; mg/L),Ammonium as N (filtered; mg/L),Total Phosphorus (mg/L),Orthophosphate as P (unfiltered; mg/L),Orthophosphate as P (filtered; mg/L),Silica (unfiltered; mg/L),Silica (filtered; mg/L),Total Suspended Solids (mg/L),Volatile Suspended Solids (mg/L),Secchi (ft),Fecal Coliform (MPN/100ml),Organization Name,Comments,Latitude,Longitude
CRMS0539-P01,,10/4/2007,08:01,CST,,,,0.328,,,,,,,26.90,8850.00,4.90,,,,,,,,,,,,,,,,,,,,COASTAL ESTUARY SERVICES LLC,,29.73739050,-92.22922250
CRMS0539-P01,,10/4/2007,08:01,CST,,,,0.984,,,,,,,25.70,12940.00,7.40,,,,,,,,,,,,,,,,,,,,COASTAL ESTUARY SERVICES LLC,,29.73739050,-92.22922250
CRMS0539-V05,,10/4/2007,07:31,CST,,,,0.328,,,,,,,26.20,3801.00,2.00,,,,,,,,,,,,,,,,,,,,COASTAL ESTUARY SERVICES LLC,,29.73819527,-92.22541991
CRMS0539-V05,,10/4/2007,07:31,CST,,,,0.984,,,,,,,26.80,6250.00,3.40,,,,,,,,,,,,,,,,,,,,COASTAL ESTUARY SERVICES LLC,,29.73819527,-92.22541991
CRMS0539-V25,,10/4/2007,07:44,CST,,,,0.328,,,,,,,26.20,4620.00,2.50,,,,,,,,,,,,,,,,,,,,COASTAL ESTUARY SERVICES LLC,,29.73781431,-92.22586167
CRMS0539-V25,,10/4/2007,07:44,CST,,,,0.984,,,,,,,25.20,6480.00,3.50,,,,,,,,,,,,,,,,,,,,COASTAL ESTUARY SERVICES LLC,,29.73781431,-92.22586167
CRMS0539-V31,,10/4/2007,07:52,CST,,,,0.328,,,,,,,25.20,4642.00,2.50,,,,,,,,,,,,,,,,,,,,COASTAL ESTUARY SERVICES LLC,,29.73770003,-92.22599439
CRMS0539-V31,,10/4/2007,07:52,CST,,,,0.984,,,,,,,26.20,9730.00,5.50,,,,,,,,,,,,,,,,,,,,COASTAL ESTUARY SERVICES LLC,,29.73770003,-92.22599439
CRMS0539-V56,,10/4/2007,08:07,CST,,,,0.328,,,,,,,25.80,6290.00,3.40,,,,,,,,,,,,,,,,,,,,COASTAL ESTUARY SERVICES LLC,,29.73722495,-92.22654610
CRMS0539-V56,,10/4/2007,08:07,CST,,,,0.984,,,,,,,25.00,9520.00,5.30,,,,,,,,,,,,,,,,,,,,COASTAL ESTUARY SERVICES LLC,,29.73722495,-92.22654610
CRMS0539-V75,,10/4/2007,08:18,CST,,,,0.328,,,,,,,26.40,5440.00,2.90,,,,,,,,,,,,,,,,,,,,COASTAL ESTUARY SERVICES LLC,,29.73686416,-92.22696572
CRMS0539-V75,,10/4/2007,08:18,CST,,,,0.984,,,,,,,25.80,10500.00,6.00,,,,,,,,,,,,,,,,,,,,COASTAL ESTUARY SERVICES LLC,,29.73686416,-92.22696572

